timestamp,loader,phase,loop,scenario,fps,frame_ms,cpu_load,gpu_load,memory_mb,vram_mb,ent_skip,ent_protect,part_skip,part_protect
1780871614615,NeoForge,CAPTURE_OFF,1,World Flythrough,22.95,43.57,82.98,N/A,9313.09,N/A,0,0,0,0
1780871614659,NeoForge,CAPTURE_OFF,1,World Flythrough,4.30,232.45,82.98,N/A,9313.09,N/A,0,0,0,0
1780871614678,NeoForge,CAPTURE_OFF,1,World Flythrough,49.65,20.14,82.98,N/A,9313.09,N/A,0,0,0,0
1780871614690,NeoForge,CAPTURE_OFF,1,World Flythrough,90.82,11.01,82.98,N/A,9313.09,N/A,0,0,0,0
1780871614708,NeoForge,CAPTURE_OFF,1,World Flythrough,53.86,18.57,82.98,N/A,9313.09,N/A,0,0,0,0
1780871614719,NeoForge,CAPTURE_OFF,1,World Flythrough,93.69,10.67,82.98,N/A,9313.09,N/A,0,0,0,0
1780871614738,NeoForge,CAPTURE_OFF,1,World Flythrough,53.78,18.59,82.98,N/A,9313.09,N/A,0,0,0,0
1780871614832,NeoForge,CAPTURE_OFF,1,World Flythrough,10.57,94.62,82.98,N/A,9313.09,N/A,0,0,0,0
1780871614869,NeoForge,CAPTURE_OFF,1,World Flythrough,27.66,36.15,82.98,N/A,9313.09,N/A,0,0,0,0
1780871614883,NeoForge,CAPTURE_OFF,1,World Flythrough,68.47,14.61,82.98,N/A,9313.09,N/A,0,0,0,0
1780871614901,NeoForge,CAPTURE_OFF,1,World Flythrough,54.89,18.22,82.98,N/A,9313.09,N/A,0,0,0,0
1780871614911,NeoForge,CAPTURE_OFF,1,World Flythrough,100.22,9.98,82.98,N/A,9313.09,N/A,0,0,0,0
1780871614920,NeoForge,CAPTURE_OFF,1,World Flythrough,105.02,9.52,82.98,N/A,9313.09,N/A,0,0,0,0
1780871614959,NeoForge,CAPTURE_OFF,1,World Flythrough,26.28,38.05,82.98,N/A,9313.09,N/A,0,0,0,0
1780871614976,NeoForge,CAPTURE_OFF,1,World Flythrough,56.09,17.83,82.98,N/A,9313.09,N/A,0,0,0,0
1780871614987,NeoForge,CAPTURE_OFF,1,World Flythrough,95.87,10.43,82.98,N/A,9313.09,N/A,0,0,0,0
1780871615008,NeoForge,CAPTURE_OFF,1,World Flythrough,47.25,21.16,82.98,N/A,9313.09,N/A,0,0,0,0
1780871615019,NeoForge,CAPTURE_OFF,1,World Flythrough,86.83,11.52,82.98,N/A,9313.09,N/A,0,0,0,0
1780871615033,NeoForge,CAPTURE_OFF,1,World Flythrough,72.47,13.80,82.98,N/A,9313.09,N/A,0,0,0,0
1780871615066,NeoForge,CAPTURE_OFF,1,World Flythrough,30.20,33.12,82.98,N/A,9313.09,N/A,0,0,0,0
1780871615079,NeoForge,CAPTURE_OFF,1,World Flythrough,78.69,12.71,82.98,N/A,9313.09,N/A,0,0,0,0
1780871615088,NeoForge,CAPTURE_OFF,1,World Flythrough,104.87,9.54,82.98,N/A,9313.09,N/A,0,0,0,0
1780871615111,NeoForge,CAPTURE_OFF,1,World Flythrough,44.62,22.41,82.98,N/A,9313.09,N/A,0,0,0,0
1780871615121,NeoForge,CAPTURE_OFF,1,World Flythrough,95.61,10.46,82.98,N/A,9313.09,N/A,0,0,0,0
1780871615135,NeoForge,CAPTURE_OFF,1,World Flythrough,72.65,13.76,82.98,N/A,9313.09,N/A,0,0,0,0
1780871615160,NeoForge,CAPTURE_OFF,1,World Flythrough,41.89,23.87,82.98,N/A,9313.09,N/A,0,0,0,0
1780871615170,NeoForge,CAPTURE_OFF,1,World Flythrough,94.76,10.55,82.98,N/A,9313.09,N/A,0,0,0,0
1780871615183,NeoForge,CAPTURE_OFF,1,World Flythrough,78.45,12.75,82.98,N/A,9313.09,N/A,0,0,0,0
1780871615213,NeoForge,CAPTURE_OFF,1,World Flythrough,33.20,30.12,82.98,N/A,9313.09,N/A,0,0,0,0
1780871615228,NeoForge,CAPTURE_OFF,1,World Flythrough,64.58,15.48,82.98,N/A,9313.09,N/A,0,0,0,0
1780871615238,NeoForge,CAPTURE_OFF,1,World Flythrough,99.25,10.08,82.98,N/A,9313.09,N/A,0,0,0,0
1780871615258,NeoForge,CAPTURE_OFF,1,World Flythrough,48.63,20.57,82.98,N/A,9313.09,N/A,0,0,0,0
1780871615271,NeoForge,CAPTURE_OFF,1,World Flythrough,82.44,12.13,82.98,N/A,9313.09,N/A,0,0,0,0
1780871615285,NeoForge,CAPTURE_OFF,1,World Flythrough,71.44,14.00,82.98,N/A,9313.09,N/A,0,0,0,0
1780871615307,NeoForge,CAPTURE_OFF,1,World Flythrough,44.73,22.36,82.98,N/A,9313.09,N/A,0,0,0,0
1780871615317,NeoForge,CAPTURE_OFF,1,World Flythrough,102.03,9.80,82.98,N/A,9313.09,N/A,0,0,0,0
1780871615339,NeoForge,CAPTURE_OFF,1,World Flythrough,44.64,22.40,82.98,N/A,9313.09,N/A,0,0,0,0
1780871615361,NeoForge,CAPTURE_OFF,1,World Flythrough,48.49,20.62,82.98,N/A,9313.09,N/A,0,0,0,0
1780871615372,NeoForge,CAPTURE_OFF,1,World Flythrough,88.70,11.27,82.98,N/A,9313.09,N/A,0,0,0,0
1780871615382,NeoForge,CAPTURE_OFF,1,World Flythrough,90.07,11.10,82.98,N/A,9313.09,N/A,0,0,0,0
1780871615408,NeoForge,CAPTURE_OFF,1,World Flythrough,38.18,26.19,82.98,N/A,9313.09,N/A,0,0,0,0
1780871615419,NeoForge,CAPTURE_OFF,1,World Flythrough,96.96,10.31,82.98,N/A,9313.09,N/A,0,0,0,0
1780871615558,NeoForge,CAPTURE_OFF,1,World Flythrough,70.86,14.11,77.76,N/A,10264.62,N/A,0,0,0,0
1780871615597,NeoForge,CAPTURE_OFF,1,World Flythrough,6.12,163.43,77.76,N/A,10264.62,N/A,0,0,0,0
1780871615614,NeoForge,CAPTURE_OFF,1,World Flythrough,59.21,16.89,77.76,N/A,10264.62,N/A,0,0,0,0
1780871615624,NeoForge,CAPTURE_OFF,1,World Flythrough,96.94,10.32,77.76,N/A,10264.62,N/A,0,0,0,0
1780871615633,NeoForge,CAPTURE_OFF,1,World Flythrough,103.35,9.68,77.76,N/A,10264.62,N/A,0,0,0,0
1780871615670,NeoForge,CAPTURE_OFF,1,World Flythrough,26.82,37.28,77.76,N/A,10264.62,N/A,0,0,0,0
1780871615685,NeoForge,CAPTURE_OFF,1,World Flythrough,73.27,13.65,77.76,N/A,10264.62,N/A,0,0,0,0
1780871615717,NeoForge,CAPTURE_OFF,1,World Flythrough,30.43,32.86,77.76,N/A,10264.62,N/A,0,0,0,0
1780871615728,NeoForge,CAPTURE_OFF,1,World Flythrough,93.82,10.66,77.76,N/A,10264.62,N/A,0,0,0,0
1780871615738,NeoForge,CAPTURE_OFF,1,World Flythrough,92.70,10.79,77.76,N/A,10264.62,N/A,0,0,0,0
1780871615759,NeoForge,CAPTURE_OFF,1,World Flythrough,50.16,19.94,77.76,N/A,10264.62,N/A,0,0,0,0
1780871615769,NeoForge,CAPTURE_OFF,1,World Flythrough,95.89,10.43,77.76,N/A,10264.62,N/A,0,0,0,0
1780871615786,NeoForge,CAPTURE_OFF,1,World Flythrough,58.40,17.12,77.76,N/A,10264.62,N/A,0,0,0,0
1780871615807,NeoForge,CAPTURE_OFF,1,World Flythrough,47.91,20.87,77.76,N/A,10264.62,N/A,0,0,0,0
1780871615816,NeoForge,CAPTURE_OFF,1,World Flythrough,100.93,9.91,77.76,N/A,10264.62,N/A,0,0,0,0
1780871615833,NeoForge,CAPTURE_OFF,1,World Flythrough,60.48,16.53,77.76,N/A,10264.62,N/A,0,0,0,0
1780871615858,NeoForge,CAPTURE_OFF,1,World Flythrough,41.40,24.15,77.76,N/A,10264.62,N/A,0,0,0,0
1780871615867,NeoForge,CAPTURE_OFF,1,World Flythrough,107.16,9.33,77.76,N/A,10264.62,N/A,0,0,0,0
1780871615885,NeoForge,CAPTURE_OFF,1,World Flythrough,54.98,18.19,77.76,N/A,10264.62,N/A,0,0,0,0
1780871615910,NeoForge,CAPTURE_OFF,1,World Flythrough,40.36,24.78,77.76,N/A,10264.62,N/A,0,0,0,0
1780871615920,NeoForge,CAPTURE_OFF,1,World Flythrough,93.84,10.66,77.76,N/A,10264.62,N/A,0,0,0,0
1780871615933,NeoForge,CAPTURE_OFF,1,World Flythrough,78.24,12.78,77.76,N/A,10264.62,N/A,0,0,0,0
1780871615956,NeoForge,CAPTURE_OFF,1,World Flythrough,44.42,22.51,77.76,N/A,10264.62,N/A,0,0,0,0
1780871615970,NeoForge,CAPTURE_OFF,1,World Flythrough,71.41,14.00,77.76,N/A,10264.62,N/A,0,0,0,0
1780871615983,NeoForge,CAPTURE_OFF,1,World Flythrough,72.44,13.81,77.76,N/A,10264.62,N/A,0,0,0,0
1780871616049,NeoForge,CAPTURE_OFF,1,World Flythrough,15.25,65.56,77.76,N/A,10264.62,N/A,0,0,0,0
1780871616067,NeoForge,CAPTURE_OFF,1,World Flythrough,56.94,17.56,77.76,N/A,10264.62,N/A,0,0,0,0
1780871616077,NeoForge,CAPTURE_OFF,1,World Flythrough,100.51,9.95,77.76,N/A,10264.62,N/A,0,0,0,0
1780871616087,NeoForge,CAPTURE_OFF,1,World Flythrough,105.27,9.50,77.76,N/A,10264.62,N/A,0,0,0,0
1780871616119,NeoForge,CAPTURE_OFF,1,World Flythrough,30.05,33.27,77.76,N/A,10264.62,N/A,0,0,0,0
1780871616133,NeoForge,CAPTURE_OFF,1,World Flythrough,72.97,13.70,77.76,N/A,10264.62,N/A,0,0,0,0
1780871616163,NeoForge,CAPTURE_OFF,1,World Flythrough,33.98,29.43,77.76,N/A,10264.62,N/A,0,0,0,0
1780871616181,NeoForge,CAPTURE_OFF,1,World Flythrough,52.39,19.09,77.76,N/A,10264.62,N/A,0,0,0,0
1780871616205,NeoForge,CAPTURE_OFF,1,World Flythrough,43.00,23.26,77.76,N/A,10264.62,N/A,0,0,0,0
1780871616228,NeoForge,CAPTURE_OFF,1,World Flythrough,44.55,22.45,77.76,N/A,10264.62,N/A,0,0,0,0
1780871616245,NeoForge,CAPTURE_OFF,1,World Flythrough,57.39,17.43,77.76,N/A,10264.62,N/A,0,0,0,0
1780871616263,NeoForge,CAPTURE_OFF,1,World Flythrough,54.08,18.49,77.76,N/A,10264.62,N/A,0,0,0,0
1780871616274,NeoForge,CAPTURE_OFF,1,World Flythrough,91.03,10.99,77.76,N/A,10264.62,N/A,0,0,0,0
1780871616284,NeoForge,CAPTURE_OFF,1,World Flythrough,98.74,10.13,77.76,N/A,10264.62,N/A,0,0,0,0
1780871616309,NeoForge,CAPTURE_OFF,1,World Flythrough,40.59,24.63,77.76,N/A,10264.62,N/A,0,0,0,0
1780871616319,NeoForge,CAPTURE_OFF,1,World Flythrough,99.20,10.08,77.76,N/A,10264.62,N/A,0,0,0,0
1780871616335,NeoForge,CAPTURE_OFF,1,World Flythrough,65.16,15.35,77.76,N/A,10264.62,N/A,0,0,0,0
1780871616359,NeoForge,CAPTURE_OFF,1,World Flythrough,39.62,25.24,77.76,N/A,10264.62,N/A,0,0,0,0
1780871616370,NeoForge,CAPTURE_OFF,1,World Flythrough,90.67,11.03,77.76,N/A,10264.62,N/A,0,0,0,0
1780871616385,NeoForge,CAPTURE_OFF,1,World Flythrough,70.98,14.09,77.76,N/A,10264.62,N/A,0,0,0,0
1780871616411,NeoForge,CAPTURE_OFF,1,World Flythrough,36.49,27.41,77.76,N/A,10264.62,N/A,0,0,0,0
1780871616421,NeoForge,CAPTURE_OFF,1,World Flythrough,100.30,9.97,77.76,N/A,10264.62,N/A,0,0,0,0
1780871616562,NeoForge,CAPTURE_OFF,1,World Flythrough,68.86,14.52,86.02,N/A,9814.86,N/A,0,0,0,0
1780871616609,NeoForge,CAPTURE_OFF,1,World Flythrough,5.80,172.31,86.02,N/A,9814.86,N/A,0,0,0,0
1780871616628,NeoForge,CAPTURE_OFF,1,World Flythrough,54.45,18.36,86.02,N/A,9814.86,N/A,0,0,0,0
1780871616639,NeoForge,CAPTURE_OFF,1,World Flythrough,84.97,11.77,86.02,N/A,9814.86,N/A,0,0,0,0
1780871616661,NeoForge,CAPTURE_OFF,1,World Flythrough,46.68,21.42,86.02,N/A,9814.86,N/A,0,0,0,0
1780871616671,NeoForge,CAPTURE_OFF,1,World Flythrough,89.17,11.21,86.02,N/A,9814.86,N/A,0,0,0,0
1780871616685,NeoForge,CAPTURE_OFF,1,World Flythrough,74.73,13.38,86.02,N/A,9814.86,N/A,0,0,0,0
1780871616716,NeoForge,CAPTURE_OFF,1,World Flythrough,32.53,30.74,86.02,N/A,9814.86,N/A,0,0,0,0
1780871616732,NeoForge,CAPTURE_OFF,1,World Flythrough,65.02,15.38,86.02,N/A,9814.86,N/A,0,0,0,0
1780871616742,NeoForge,CAPTURE_OFF,1,World Flythrough,99.30,10.07,86.02,N/A,9814.86,N/A,0,0,0,0
1780871616759,NeoForge,CAPTURE_OFF,1,World Flythrough,56.25,17.78,86.02,N/A,9814.86,N/A,0,0,0,0
1780871616777,NeoForge,CAPTURE_OFF,1,World Flythrough,54.92,18.21,86.02,N/A,9814.86,N/A,0,0,0,0
1780871616789,NeoForge,CAPTURE_OFF,1,World Flythrough,84.20,11.88,86.02,N/A,9814.86,N/A,0,0,0,0
1780871616810,NeoForge,CAPTURE_OFF,1,World Flythrough,46.29,21.60,86.02,N/A,9814.86,N/A,0,0,0,0
1780871616822,NeoForge,CAPTURE_OFF,1,World Flythrough,90.00,11.11,86.02,N/A,9814.86,N/A,0,0,0,0
1780871616836,NeoForge,CAPTURE_OFF,1,World Flythrough,71.87,13.91,86.02,N/A,9814.86,N/A,0,0,0,0
1780871616868,NeoForge,CAPTURE_OFF,1,World Flythrough,30.88,32.38,86.02,N/A,9814.86,N/A,0,0,0,0
1780871616881,NeoForge,CAPTURE_OFF,1,World Flythrough,79.33,12.61,86.02,N/A,9814.86,N/A,0,0,0,0
1780871616893,NeoForge,CAPTURE_OFF,1,World Flythrough,85.53,11.69,86.02,N/A,9814.86,N/A,0,0,0,0
1780871616911,NeoForge,CAPTURE_OFF,1,World Flythrough,51.20,19.53,86.02,N/A,9814.86,N/A,0,0,0,0
1780871616926,NeoForge,CAPTURE_OFF,1,World Flythrough,75.93,13.17,86.02,N/A,9814.86,N/A,0,0,0,0
1780871616937,NeoForge,CAPTURE_OFF,1,World Flythrough,87.99,11.36,86.02,N/A,9814.86,N/A,0,0,0,0
1780871616960,NeoForge,CAPTURE_OFF,1,World Flythrough,43.36,23.06,86.02,N/A,9814.86,N/A,0,0,0,0
1780871616970,NeoForge,CAPTURE_OFF,1,World Flythrough,90.84,11.01,86.02,N/A,9814.86,N/A,0,0,0,0
1780871616987,NeoForge,CAPTURE_OFF,1,World Flythrough,61.40,16.29,86.02,N/A,9814.86,N/A,0,0,0,0
1780871617011,NeoForge,CAPTURE_OFF,1,World Flythrough,41.54,24.08,86.02,N/A,9814.86,N/A,0,0,0,0
1780871617021,NeoForge,CAPTURE_OFF,1,World Flythrough,95.47,10.47,86.02,N/A,9814.86,N/A,0,0,0,0
1780871617037,NeoForge,CAPTURE_OFF,1,World Flythrough,66.96,14.93,86.02,N/A,9814.86,N/A,0,0,0,0
1780871617061,NeoForge,CAPTURE_OFF,1,World Flythrough,39.88,25.07,86.02,N/A,9814.86,N/A,0,0,0,0
1780871617073,NeoForge,CAPTURE_OFF,1,World Flythrough,80.74,12.39,86.02,N/A,9814.86,N/A,0,0,0,0
1780871617087,NeoForge,CAPTURE_OFF,1,World Flythrough,80.74,12.39,86.02,N/A,9814.86,N/A,0,0,0,0
1780871617110,NeoForge,CAPTURE_OFF,1,World Flythrough,41.48,24.11,86.02,N/A,9814.86,N/A,0,0,0,0
1780871617123,NeoForge,CAPTURE_OFF,1,World Flythrough,80.65,12.40,86.02,N/A,9814.86,N/A,0,0,0,0
1780871617139,NeoForge,CAPTURE_OFF,1,World Flythrough,59.20,16.89,86.02,N/A,9814.86,N/A,0,0,0,0
1780871617161,NeoForge,CAPTURE_OFF,1,World Flythrough,44.53,22.46,86.02,N/A,9814.86,N/A,0,0,0,0
1780871617175,NeoForge,CAPTURE_OFF,1,World Flythrough,77.54,12.90,86.02,N/A,9814.86,N/A,0,0,0,0
1780871617186,NeoForge,CAPTURE_OFF,1,World Flythrough,88.57,11.29,86.02,N/A,9814.86,N/A,0,0,0,0
1780871617213,NeoForge,CAPTURE_OFF,1,World Flythrough,36.87,27.12,86.02,N/A,9814.86,N/A,0,0,0,0
1780871617225,NeoForge,CAPTURE_OFF,1,World Flythrough,86.15,11.61,86.02,N/A,9814.86,N/A,0,0,0,0
1780871617235,NeoForge,CAPTURE_OFF,1,World Flythrough,92.25,10.84,86.02,N/A,9814.86,N/A,0,0,0,0
1780871617267,NeoForge,CAPTURE_OFF,1,World Flythrough,31.82,31.43,86.02,N/A,9814.86,N/A,0,0,0,0
1780871617279,NeoForge,CAPTURE_OFF,1,World Flythrough,82.16,12.17,86.02,N/A,9814.86,N/A,0,0,0,0
1780871617289,NeoForge,CAPTURE_OFF,1,World Flythrough,100.85,9.92,86.02,N/A,9814.86,N/A,0,0,0,0
1780871617311,NeoForge,CAPTURE_OFF,1,World Flythrough,48.08,20.80,86.02,N/A,9814.86,N/A,0,0,0,0
1780871617322,NeoForge,CAPTURE_OFF,1,World Flythrough,88.79,11.26,86.02,N/A,9814.86,N/A,0,0,0,0
1780871617337,NeoForge,CAPTURE_OFF,1,World Flythrough,64.22,15.57,86.02,N/A,9814.86,N/A,0,0,0,0
1780871617359,NeoForge,CAPTURE_OFF,1,World Flythrough,43.02,23.25,86.02,N/A,9814.86,N/A,0,0,0,0
1780871617373,NeoForge,CAPTURE_OFF,1,World Flythrough,78.14,12.80,86.02,N/A,9814.86,N/A,0,0,0,0
1780871617390,NeoForge,CAPTURE_OFF,1,World Flythrough,60.56,16.51,86.02,N/A,9814.86,N/A,0,0,0,0
1780871617411,NeoForge,CAPTURE_OFF,1,World Flythrough,46.37,21.56,86.02,N/A,9814.86,N/A,0,0,0,0
1780871617421,NeoForge,CAPTURE_OFF,1,World Flythrough,95.62,10.46,86.02,N/A,9814.86,N/A,0,0,0,0
1780871617435,NeoForge,CAPTURE_OFF,1,World Flythrough,74.25,13.47,86.02,N/A,9814.86,N/A,0,0,0,0
1780871617588,NeoForge,CAPTURE_OFF,1,World Flythrough,36.19,27.63,82.93,N/A,10588.20,N/A,0,0,0,0
1780871617633,NeoForge,CAPTURE_OFF,1,World Flythrough,5.87,170.43,82.93,N/A,10588.20,N/A,0,0,0,0
1780871617653,NeoForge,CAPTURE_OFF,1,World Flythrough,48.08,20.80,82.93,N/A,10588.20,N/A,0,0,0,0
1780871617668,NeoForge,CAPTURE_OFF,1,World Flythrough,69.18,14.46,82.93,N/A,10588.20,N/A,0,0,0,0
1780871617681,NeoForge,CAPTURE_OFF,1,World Flythrough,78.04,12.81,82.93,N/A,10588.20,N/A,0,0,0,0
1780871617692,NeoForge,CAPTURE_OFF,1,World Flythrough,89.85,11.13,82.93,N/A,10588.20,N/A,0,0,0,0
1780871617715,NeoForge,CAPTURE_OFF,1,World Flythrough,42.71,23.41,82.93,N/A,10588.20,N/A,0,0,0,0
1780871617727,NeoForge,CAPTURE_OFF,1,World Flythrough,93.99,10.64,82.93,N/A,10588.20,N/A,0,0,0,0
1780871617739,NeoForge,CAPTURE_OFF,1,World Flythrough,81.35,12.29,82.93,N/A,10588.20,N/A,0,0,0,0
1780871617761,NeoForge,CAPTURE_OFF,1,World Flythrough,46.35,21.57,82.93,N/A,10588.20,N/A,0,0,0,0
1780871617773,NeoForge,CAPTURE_OFF,1,World Flythrough,82.71,12.09,82.93,N/A,10588.20,N/A,0,0,0,0
1780871617790,NeoForge,CAPTURE_OFF,1,World Flythrough,56.94,17.56,82.93,N/A,10588.20,N/A,0,0,0,0
1780871617810,NeoForge,CAPTURE_OFF,1,World Flythrough,49.99,20.00,82.93,N/A,10588.20,N/A,0,0,0,0
1780871617821,NeoForge,CAPTURE_OFF,1,World Flythrough,91.72,10.90,82.93,N/A,10588.20,N/A,0,0,0,0
1780871617836,NeoForge,CAPTURE_OFF,1,World Flythrough,62.97,15.88,82.93,N/A,10588.20,N/A,0,0,0,0
1780871617862,NeoForge,CAPTURE_OFF,1,World Flythrough,40.39,24.76,82.93,N/A,10588.20,N/A,0,0,0,0
1780871617873,NeoForge,CAPTURE_OFF,1,World Flythrough,86.53,11.56,82.93,N/A,10588.20,N/A,0,0,0,0
1780871617889,NeoForge,CAPTURE_OFF,1,World Flythrough,63.42,15.77,82.93,N/A,10588.20,N/A,0,0,0,0
1780871617911,NeoForge,CAPTURE_OFF,1,World Flythrough,42.51,23.52,82.93,N/A,10588.20,N/A,0,0,0,0
1780871617927,NeoForge,CAPTURE_OFF,1,World Flythrough,66.57,15.02,82.93,N/A,10588.20,N/A,0,0,0,0
1780871617939,NeoForge,CAPTURE_OFF,1,World Flythrough,89.79,11.14,82.93,N/A,10588.20,N/A,0,0,0,0
1780871617961,NeoForge,CAPTURE_OFF,1,World Flythrough,44.04,22.71,82.93,N/A,10588.20,N/A,0,0,0,0
1780871617973,NeoForge,CAPTURE_OFF,1,World Flythrough,87.46,11.43,82.93,N/A,10588.20,N/A,0,0,0,0
1780871617996,NeoForge,CAPTURE_OFF,1,World Flythrough,44.54,22.45,82.93,N/A,10588.20,N/A,0,0,0,0
1780871618021,NeoForge,CAPTURE_OFF,1,World Flythrough,39.55,25.28,82.93,N/A,10588.20,N/A,0,0,0,0
1780871618036,NeoForge,CAPTURE_OFF,1,World Flythrough,64.98,15.39,82.93,N/A,10588.20,N/A,0,0,0,0
1780871618057,NeoForge,CAPTURE_OFF,1,World Flythrough,46.42,21.54,82.93,N/A,10588.20,N/A,0,0,0,0
1780871618067,NeoForge,CAPTURE_OFF,1,World Flythrough,95.03,10.52,82.93,N/A,10588.20,N/A,0,0,0,0
1780871618080,NeoForge,CAPTURE_OFF,1,World Flythrough,81.23,12.31,82.93,N/A,10588.20,N/A,0,0,0,0
1780871618100,NeoForge,CAPTURE_OFF,1,World Flythrough,50.06,19.98,82.93,N/A,10588.20,N/A,0,0,0,0
1780871618120,NeoForge,CAPTURE_OFF,1,World Flythrough,52.04,19.22,82.93,N/A,10588.20,N/A,0,0,0,0
1780871618137,NeoForge,CAPTURE_OFF,1,World Flythrough,56.59,17.67,82.93,N/A,10588.20,N/A,0,0,0,0
1780871618161,NeoForge,CAPTURE_OFF,1,World Flythrough,41.38,24.17,82.93,N/A,10588.20,N/A,0,0,0,0
1780871618173,NeoForge,CAPTURE_OFF,1,World Flythrough,84.13,11.89,82.93,N/A,10588.20,N/A,0,0,0,0
1780871618186,NeoForge,CAPTURE_OFF,1,World Flythrough,72.83,13.73,82.93,N/A,10588.20,N/A,0,0,0,0
1780871618211,NeoForge,CAPTURE_OFF,1,World Flythrough,39.74,25.16,82.93,N/A,10588.20,N/A,0,0,0,0
1780871618225,NeoForge,CAPTURE_OFF,1,World Flythrough,77.90,12.84,82.93,N/A,10588.20,N/A,0,0,0,0
1780871618239,NeoForge,CAPTURE_OFF,1,World Flythrough,73.06,13.69,82.93,N/A,10588.20,N/A,0,0,0,0
1780871618261,NeoForge,CAPTURE_OFF,1,World Flythrough,42.45,23.56,82.93,N/A,10588.20,N/A,0,0,0,0
1780871618273,NeoForge,CAPTURE_OFF,1,World Flythrough,93.83,10.66,82.93,N/A,10588.20,N/A,0,0,0,0
1780871618287,NeoForge,CAPTURE_OFF,1,World Flythrough,69.66,14.36,82.93,N/A,10588.20,N/A,0,0,0,0
1780871618316,NeoForge,CAPTURE_OFF,1,World Flythrough,33.70,29.67,82.93,N/A,10588.20,N/A,0,0,0,0
1780871618329,NeoForge,CAPTURE_OFF,1,World Flythrough,81.87,12.22,82.93,N/A,10588.20,N/A,0,0,0,0
1780871618340,NeoForge,CAPTURE_OFF,1,World Flythrough,88.43,11.31,82.93,N/A,10588.20,N/A,0,0,0,0
1780871618362,NeoForge,CAPTURE_OFF,1,World Flythrough,45.76,21.85,82.93,N/A,10588.20,N/A,0,0,0,0
1780871618373,NeoForge,CAPTURE_OFF,1,World Flythrough,83.50,11.98,82.93,N/A,10588.20,N/A,0,0,0,0
1780871618423,NeoForge,CAPTURE_OFF,1,World Flythrough,20.50,48.78,82.93,N/A,10588.20,N/A,0,0,0,0
1780871618452,NeoForge,CAPTURE_OFF,1,World Flythrough,34.86,28.68,82.93,N/A,10588.20,N/A,0,0,0,0
1780871618598,NeoForge,CAPTURE_OFF,1,World Flythrough,46.01,21.74,82.12,N/A,9301.79,N/A,0,0,0,0
1780871618638,NeoForge,CAPTURE_OFF,1,World Flythrough,6.08,164.43,82.12,N/A,9301.79,N/A,0,0,0,0
1780871618657,NeoForge,CAPTURE_OFF,1,World Flythrough,53.23,18.79,82.12,N/A,9301.79,N/A,0,0,0,0
1780871618672,NeoForge,CAPTURE_OFF,1,World Flythrough,65.19,15.34,82.12,N/A,9301.79,N/A,0,0,0,0
1780871618687,NeoForge,CAPTURE_OFF,1,World Flythrough,65.03,15.38,82.12,N/A,9301.79,N/A,0,0,0,0
1780871618714,NeoForge,CAPTURE_OFF,1,World Flythrough,37.84,26.43,82.12,N/A,9301.79,N/A,0,0,0,0
1780871618726,NeoForge,CAPTURE_OFF,1,World Flythrough,77.33,12.93,82.12,N/A,9301.79,N/A,0,0,0,0
1780871618737,NeoForge,CAPTURE_OFF,1,World Flythrough,97.28,10.28,82.12,N/A,9301.79,N/A,0,0,0,0
1780871618762,NeoForge,CAPTURE_OFF,1,World Flythrough,40.31,24.81,82.12,N/A,9301.79,N/A,0,0,0,0
1780871618772,NeoForge,CAPTURE_OFF,1,World Flythrough,101.11,9.89,82.12,N/A,9301.79,N/A,0,0,0,0
1780871618791,NeoForge,CAPTURE_OFF,1,World Flythrough,52.90,18.90,82.12,N/A,9301.79,N/A,0,0,0,0
1780871618848,NeoForge,CAPTURE_OFF,1,World Flythrough,17.45,57.30,82.12,N/A,9301.79,N/A,0,0,0,0
1780871618877,NeoForge,CAPTURE_OFF,1,World Flythrough,34.76,28.77,82.12,N/A,9301.79,N/A,0,0,0,0
1780871618888,NeoForge,CAPTURE_OFF,1,World Flythrough,90.06,11.10,82.12,N/A,9301.79,N/A,0,0,0,0
1780871618911,NeoForge,CAPTURE_OFF,1,World Flythrough,41.76,23.95,82.12,N/A,9301.79,N/A,0,0,0,0
1780871618924,NeoForge,CAPTURE_OFF,1,World Flythrough,82.89,12.06,82.12,N/A,9301.79,N/A,0,0,0,0
1780871618940,NeoForge,CAPTURE_OFF,1,World Flythrough,60.95,16.41,82.12,N/A,9301.79,N/A,0,0,0,0
1780871618962,NeoForge,CAPTURE_OFF,1,World Flythrough,44.78,22.33,82.12,N/A,9301.79,N/A,0,0,0,0
1780871618995,NeoForge,CAPTURE_OFF,1,World Flythrough,30.70,32.57,82.12,N/A,9301.79,N/A,0,0,0,0
1780871619020,NeoForge,CAPTURE_OFF,1,World Flythrough,39.32,25.43,82.12,N/A,9301.79,N/A,0,0,0,0
1780871619049,NeoForge,CAPTURE_OFF,1,World Flythrough,35.13,28.47,82.12,N/A,9301.79,N/A,0,0,0,0
1780871619070,NeoForge,CAPTURE_OFF,1,World Flythrough,48.05,20.81,82.12,N/A,9301.79,N/A,0,0,0,0
1780871619083,NeoForge,CAPTURE_OFF,1,World Flythrough,71.57,13.97,82.12,N/A,9301.79,N/A,0,0,0,0
1780871619108,NeoForge,CAPTURE_OFF,1,World Flythrough,42.20,23.70,82.12,N/A,9301.79,N/A,0,0,0,0
1780871619117,NeoForge,CAPTURE_OFF,1,World Flythrough,101.05,9.90,82.12,N/A,9301.79,N/A,0,0,0,0
1780871619129,NeoForge,CAPTURE_OFF,1,World Flythrough,79.25,12.62,82.12,N/A,9301.79,N/A,0,0,0,0
1780871619142,NeoForge,CAPTURE_OFF,1,World Flythrough,86.01,11.63,82.12,N/A,9301.79,N/A,0,0,0,0
1780871619162,NeoForge,CAPTURE_OFF,1,World Flythrough,48.63,20.56,82.12,N/A,9301.79,N/A,0,0,0,0
1780871619173,NeoForge,CAPTURE_OFF,1,World Flythrough,92.21,10.85,82.12,N/A,9301.79,N/A,0,0,0,0
1780871619188,NeoForge,CAPTURE_OFF,1,World Flythrough,67.97,14.71,82.12,N/A,9301.79,N/A,0,0,0,0
1780871619212,NeoForge,CAPTURE_OFF,1,World Flythrough,41.80,23.92,82.12,N/A,9301.79,N/A,0,0,0,0
1780871619223,NeoForge,CAPTURE_OFF,1,World Flythrough,88.71,11.27,82.12,N/A,9301.79,N/A,0,0,0,0
1780871619239,NeoForge,CAPTURE_OFF,1,World Flythrough,61.44,16.28,82.12,N/A,9301.79,N/A,0,0,0,0
1780871619263,NeoForge,CAPTURE_OFF,1,World Flythrough,42.26,23.66,82.12,N/A,9301.79,N/A,0,0,0,0
1780871619275,NeoForge,CAPTURE_OFF,1,World Flythrough,85.65,11.68,82.12,N/A,9301.79,N/A,0,0,0,0
1780871619288,NeoForge,CAPTURE_OFF,1,World Flythrough,70.38,14.21,82.12,N/A,9301.79,N/A,0,0,0,0
1780871619311,NeoForge,CAPTURE_OFF,1,World Flythrough,41.96,23.83,82.12,N/A,9301.79,N/A,0,0,0,0
1780871619323,NeoForge,CAPTURE_OFF,1,World Flythrough,95.99,10.42,82.12,N/A,9301.79,N/A,0,0,0,0
1780871619338,NeoForge,CAPTURE_OFF,1,World Flythrough,69.43,14.40,82.12,N/A,9301.79,N/A,0,0,0,0
1780871619367,NeoForge,CAPTURE_OFF,1,World Flythrough,33.49,29.86,82.12,N/A,9301.79,N/A,0,0,0,0
1780871619377,NeoForge,CAPTURE_OFF,1,World Flythrough,94.90,10.54,82.12,N/A,9301.79,N/A,0,0,0,0
1780871619388,NeoForge,CAPTURE_OFF,1,World Flythrough,92.65,10.79,82.12,N/A,9301.79,N/A,0,0,0,0
1780871619411,NeoForge,CAPTURE_OFF,1,World Flythrough,43.45,23.02,82.12,N/A,9301.79,N/A,0,0,0,0
1780871619424,NeoForge,CAPTURE_OFF,1,World Flythrough,82.23,12.16,82.12,N/A,9301.79,N/A,0,0,0,0
1780871619439,NeoForge,CAPTURE_OFF,1,World Flythrough,68.66,14.56,82.12,N/A,9301.79,N/A,0,0,0,0
1780871619461,NeoForge,CAPTURE_OFF,1,World Flythrough,43.09,23.20,82.12,N/A,9301.79,N/A,0,0,0,0
1780871619472,NeoForge,CAPTURE_OFF,1,World Flythrough,95.63,10.46,82.12,N/A,9301.79,N/A,0,0,0,0
1780871619616,NeoForge,CAPTURE_OFF,1,World Flythrough,53.03,18.86,86.31,N/A,10854.91,N/A,0,0,0,0
1780871619654,NeoForge,CAPTURE_OFF,1,World Flythrough,6.12,163.34,86.31,N/A,10854.91,N/A,0,0,0,0
1780871619671,NeoForge,CAPTURE_OFF,1,World Flythrough,54.60,18.31,86.31,N/A,10854.91,N/A,0,0,0,0
1780871619683,NeoForge,CAPTURE_OFF,1,World Flythrough,98.22,10.18,86.31,N/A,10854.91,N/A,0,0,0,0
1780871619702,NeoForge,CAPTURE_OFF,1,World Flythrough,51.04,19.59,86.31,N/A,10854.91,N/A,0,0,0,0
1780871619713,NeoForge,CAPTURE_OFF,1,World Flythrough,90.77,11.02,86.31,N/A,10854.91,N/A,0,0,0,0
1780871619723,NeoForge,CAPTURE_OFF,1,World Flythrough,96.05,10.41,86.31,N/A,10854.91,N/A,0,0,0,0
1780871619739,NeoForge,CAPTURE_OFF,1,World Flythrough,65.96,15.16,86.31,N/A,10854.91,N/A,0,0,0,0
1780871619764,NeoForge,CAPTURE_OFF,1,World Flythrough,40.39,24.76,86.31,N/A,10854.91,N/A,0,0,0,0
1780871619774,NeoForge,CAPTURE_OFF,1,World Flythrough,92.59,10.80,86.31,N/A,10854.91,N/A,0,0,0,0
1780871619790,NeoForge,CAPTURE_OFF,1,World Flythrough,60.06,16.65,86.31,N/A,10854.91,N/A,0,0,0,0
1780871619830,NeoForge,CAPTURE_OFF,1,World Flythrough,25.66,38.98,86.31,N/A,10854.91,N/A,0,0,0,0
1780871619841,NeoForge,CAPTURE_OFF,1,World Flythrough,95.58,10.46,86.31,N/A,10854.91,N/A,0,0,0,0
1780871619887,NeoForge,CAPTURE_OFF,1,World Flythrough,21.21,47.14,86.31,N/A,10854.91,N/A,0,0,0,0
1780871619908,NeoForge,CAPTURE_OFF,1,World Flythrough,48.46,20.64,86.31,N/A,10854.91,N/A,0,0,0,0
1780871619918,NeoForge,CAPTURE_OFF,1,World Flythrough,94.65,10.57,86.31,N/A,10854.91,N/A,0,0,0,0
1780871619930,NeoForge,CAPTURE_OFF,1,World Flythrough,91.44,10.94,86.31,N/A,10854.91,N/A,0,0,0,0
1780871619942,NeoForge,CAPTURE_OFF,1,World Flythrough,86.80,11.52,86.31,N/A,10854.91,N/A,0,0,0,0
1780871619962,NeoForge,CAPTURE_OFF,1,World Flythrough,47.54,21.03,86.31,N/A,10854.91,N/A,0,0,0,0
1780871619973,NeoForge,CAPTURE_OFF,1,World Flythrough,92.05,10.86,86.31,N/A,10854.91,N/A,0,0,0,0
1780871619989,NeoForge,CAPTURE_OFF,1,World Flythrough,61.52,16.25,86.31,N/A,10854.91,N/A,0,0,0,0
1780871620011,NeoForge,CAPTURE_OFF,1,World Flythrough,44.80,22.32,86.31,N/A,10854.91,N/A,0,0,0,0
1780871620021,NeoForge,CAPTURE_OFF,1,World Flythrough,97.72,10.23,86.31,N/A,10854.91,N/A,0,0,0,0
1780871620039,NeoForge,CAPTURE_OFF,1,World Flythrough,60.03,16.66,86.31,N/A,10854.91,N/A,0,0,0,0
1780871620061,NeoForge,CAPTURE_OFF,1,World Flythrough,43.05,23.23,86.31,N/A,10854.91,N/A,0,0,0,0
1780871620073,NeoForge,CAPTURE_OFF,1,World Flythrough,91.98,10.87,86.31,N/A,10854.91,N/A,0,0,0,0
1780871620090,NeoForge,CAPTURE_OFF,1,World Flythrough,55.56,18.00,86.31,N/A,10854.91,N/A,0,0,0,0
1780871620113,NeoForge,CAPTURE_OFF,1,World Flythrough,45.06,22.19,86.31,N/A,10854.91,N/A,0,0,0,0
1780871620121,NeoForge,CAPTURE_OFF,1,World Flythrough,104.99,9.52,86.31,N/A,10854.91,N/A,0,0,0,0
1780871620142,NeoForge,CAPTURE_OFF,1,World Flythrough,50.99,19.61,86.31,N/A,10854.91,N/A,0,0,0,0
1780871620162,NeoForge,CAPTURE_OFF,1,World Flythrough,49.46,20.22,86.31,N/A,10854.91,N/A,0,0,0,0
1780871620172,NeoForge,CAPTURE_OFF,1,World Flythrough,97.98,10.21,86.31,N/A,10854.91,N/A,0,0,0,0
1780871620190,NeoForge,CAPTURE_OFF,1,World Flythrough,57.05,17.53,86.31,N/A,10854.91,N/A,0,0,0,0
1780871620213,NeoForge,CAPTURE_OFF,1,World Flythrough,43.08,23.21,86.31,N/A,10854.91,N/A,0,0,0,0
1780871620223,NeoForge,CAPTURE_OFF,1,World Flythrough,96.58,10.35,86.31,N/A,10854.91,N/A,0,0,0,0
1780871620239,NeoForge,CAPTURE_OFF,1,World Flythrough,63.17,15.83,86.31,N/A,10854.91,N/A,0,0,0,0
1780871620262,NeoForge,CAPTURE_OFF,1,World Flythrough,43.73,22.87,86.31,N/A,10854.91,N/A,0,0,0,0
1780871620271,NeoForge,CAPTURE_OFF,1,World Flythrough,98.83,10.12,86.31,N/A,10854.91,N/A,0,0,0,0
1780871620290,NeoForge,CAPTURE_OFF,1,World Flythrough,59.47,16.82,86.31,N/A,10854.91,N/A,0,0,0,0
1780871620312,NeoForge,CAPTURE_OFF,1,World Flythrough,43.73,22.87,86.31,N/A,10854.91,N/A,0,0,0,0
1780871620322,NeoForge,CAPTURE_OFF,1,World Flythrough,106.03,9.43,86.31,N/A,10854.91,N/A,0,0,0,0
1780871620339,NeoForge,CAPTURE_OFF,1,World Flythrough,58.88,16.98,86.31,N/A,10854.91,N/A,0,0,0,0
1780871620363,NeoForge,CAPTURE_OFF,1,World Flythrough,41.29,24.22,86.31,N/A,10854.91,N/A,0,0,0,0
1780871620372,NeoForge,CAPTURE_OFF,1,World Flythrough,100.16,9.98,86.31,N/A,10854.91,N/A,0,0,0,0
1780871620389,NeoForge,CAPTURE_OFF,1,World Flythrough,61.85,16.17,86.31,N/A,10854.91,N/A,0,0,0,0
1780871620413,NeoForge,CAPTURE_OFF,1,World Flythrough,40.89,24.45,86.31,N/A,10854.91,N/A,0,0,0,0
1780871620424,NeoForge,CAPTURE_OFF,1,World Flythrough,97.28,10.28,86.31,N/A,10854.91,N/A,0,0,0,0
1780871620438,NeoForge,CAPTURE_OFF,1,World Flythrough,66.45,15.05,86.31,N/A,10854.91,N/A,0,0,0,0
1780871620461,NeoForge,CAPTURE_OFF,1,World Flythrough,43.94,22.76,86.31,N/A,10854.91,N/A,0,0,0,0
1780871620490,NeoForge,CAPTURE_OFF,1,World Flythrough,34.62,28.89,86.31,N/A,10854.91,N/A,0,0,0,0
1780871620632,NeoForge,CAPTURE_OFF,1,World Flythrough,53.72,18.61,87.52,N/A,10732.55,N/A,0,0,0,0
1780871620655,NeoForge,CAPTURE_OFF,1,World Flythrough,6.82,146.67,87.52,N/A,10732.55,N/A,0,0,0,0
1780871620673,NeoForge,CAPTURE_OFF,1,World Flythrough,59.09,16.92,87.52,N/A,10732.55,N/A,0,0,0,0
1780871620683,NeoForge,CAPTURE_OFF,1,World Flythrough,99.81,10.02,87.52,N/A,10732.55,N/A,0,0,0,0
1780871620700,NeoForge,CAPTURE_OFF,1,World Flythrough,56.70,17.64,87.52,N/A,10732.55,N/A,0,0,0,0
1780871620710,NeoForge,CAPTURE_OFF,1,World Flythrough,95.23,10.50,87.52,N/A,10732.55,N/A,0,0,0,0
1780871620739,NeoForge,CAPTURE_OFF,1,World Flythrough,34.35,29.11,87.52,N/A,10732.55,N/A,0,0,0,0
1780871620759,NeoForge,CAPTURE_OFF,1,World Flythrough,53.65,18.64,87.52,N/A,10732.55,N/A,0,0,0,0
1780871620795,NeoForge,CAPTURE_OFF,1,World Flythrough,27.35,36.56,87.52,N/A,10732.55,N/A,0,0,0,0
1780871620811,NeoForge,CAPTURE_OFF,1,World Flythrough,62.10,16.10,87.52,N/A,10732.55,N/A,0,0,0,0
1780871620820,NeoForge,CAPTURE_OFF,1,World Flythrough,108.42,9.22,87.52,N/A,10732.55,N/A,0,0,0,0
1780871620832,NeoForge,CAPTURE_OFF,1,World Flythrough,87.27,11.46,87.52,N/A,10732.55,N/A,0,0,0,0
1780871620841,NeoForge,CAPTURE_OFF,1,World Flythrough,107.00,9.35,87.52,N/A,10732.55,N/A,0,0,0,0
1780871620863,NeoForge,CAPTURE_OFF,1,World Flythrough,45.85,21.81,87.52,N/A,10732.55,N/A,0,0,0,0
1780871620873,NeoForge,CAPTURE_OFF,1,World Flythrough,93.90,10.65,87.52,N/A,10732.55,N/A,0,0,0,0
1780871620889,NeoForge,CAPTURE_OFF,1,World Flythrough,68.20,14.66,87.52,N/A,10732.55,N/A,0,0,0,0
1780871620913,NeoForge,CAPTURE_OFF,1,World Flythrough,39.01,25.64,87.52,N/A,10732.55,N/A,0,0,0,0
1780871620925,NeoForge,CAPTURE_OFF,1,World Flythrough,94.87,10.54,87.52,N/A,10732.55,N/A,0,0,0,0
1780871620939,NeoForge,CAPTURE_OFF,1,World Flythrough,69.27,14.44,87.52,N/A,10732.55,N/A,0,0,0,0
1780871620961,NeoForge,CAPTURE_OFF,1,World Flythrough,45.04,22.20,87.52,N/A,10732.55,N/A,0,0,0,0
1780871620971,NeoForge,CAPTURE_OFF,1,World Flythrough,90.54,11.04,87.52,N/A,10732.55,N/A,0,0,0,0
1780871620989,NeoForge,CAPTURE_OFF,1,World Flythrough,58.88,16.98,87.52,N/A,10732.55,N/A,0,0,0,0
1780871621012,NeoForge,CAPTURE_OFF,1,World Flythrough,42.81,23.36,87.52,N/A,10732.55,N/A,0,0,0,0
1780871621023,NeoForge,CAPTURE_OFF,1,World Flythrough,93.77,10.66,87.52,N/A,10732.55,N/A,0,0,0,0
1780871621040,NeoForge,CAPTURE_OFF,1,World Flythrough,58.73,17.03,87.52,N/A,10732.55,N/A,0,0,0,0
1780871621063,NeoForge,CAPTURE_OFF,1,World Flythrough,43.49,23.00,87.52,N/A,10732.55,N/A,0,0,0,0
1780871621071,NeoForge,CAPTURE_OFF,1,World Flythrough,110.88,9.02,87.52,N/A,10732.55,N/A,0,0,0,0
1780871621089,NeoForge,CAPTURE_OFF,1,World Flythrough,58.00,17.24,87.52,N/A,10732.55,N/A,0,0,0,0
1780871621116,NeoForge,CAPTURE_OFF,1,World Flythrough,38.49,25.98,87.52,N/A,10732.55,N/A,0,0,0,0
1780871621126,NeoForge,CAPTURE_OFF,1,World Flythrough,97.33,10.27,87.52,N/A,10732.55,N/A,0,0,0,0
1780871621140,NeoForge,CAPTURE_OFF,1,World Flythrough,71.55,13.98,87.52,N/A,10732.55,N/A,0,0,0,0
1780871621161,NeoForge,CAPTURE_OFF,1,World Flythrough,44.39,22.53,87.52,N/A,10732.55,N/A,0,0,0,0
1780871621193,NeoForge,CAPTURE_OFF,1,World Flythrough,32.76,30.53,87.52,N/A,10732.55,N/A,0,0,0,0
1780871621207,NeoForge,CAPTURE_OFF,1,World Flythrough,65.77,15.21,87.52,N/A,10732.55,N/A,0,0,0,0
1780871621216,NeoForge,CAPTURE_OFF,1,World Flythrough,108.08,9.25,87.52,N/A,10732.55,N/A,0,0,0,0
1780871621227,NeoForge,CAPTURE_OFF,1,World Flythrough,106.96,9.35,87.52,N/A,10732.55,N/A,0,0,0,0
1780871621239,NeoForge,CAPTURE_OFF,1,World Flythrough,81.80,12.23,87.52,N/A,10732.55,N/A,0,0,0,0
1780871621261,NeoForge,CAPTURE_OFF,1,World Flythrough,44.14,22.65,87.52,N/A,10732.55,N/A,0,0,0,0
1780871621272,NeoForge,CAPTURE_OFF,1,World Flythrough,97.76,10.23,87.52,N/A,10732.55,N/A,0,0,0,0
1780871621290,NeoForge,CAPTURE_OFF,1,World Flythrough,53.84,18.57,87.52,N/A,10732.55,N/A,0,0,0,0
1780871621311,NeoForge,CAPTURE_OFF,1,World Flythrough,45.70,21.88,87.52,N/A,10732.55,N/A,0,0,0,0
1780871621321,NeoForge,CAPTURE_OFF,1,World Flythrough,96.81,10.33,87.52,N/A,10732.55,N/A,0,0,0,0
1780871621339,NeoForge,CAPTURE_OFF,1,World Flythrough,57.68,17.34,87.52,N/A,10732.55,N/A,0,0,0,0
1780871621361,NeoForge,CAPTURE_OFF,1,World Flythrough,45.84,21.82,87.52,N/A,10732.55,N/A,0,0,0,0
1780871621372,NeoForge,CAPTURE_OFF,1,World Flythrough,90.76,11.02,87.52,N/A,10732.55,N/A,0,0,0,0
1780871621389,NeoForge,CAPTURE_OFF,1,World Flythrough,59.19,16.89,87.52,N/A,10732.55,N/A,0,0,0,0
1780871621411,NeoForge,CAPTURE_OFF,1,World Flythrough,44.48,22.48,87.52,N/A,10732.55,N/A,0,0,0,0
1780871621422,NeoForge,CAPTURE_OFF,1,World Flythrough,91.22,10.96,87.52,N/A,10732.55,N/A,0,0,0,0
1780871621439,NeoForge,CAPTURE_OFF,1,World Flythrough,61.09,16.37,87.52,N/A,10732.55,N/A,0,0,0,0
1780871621461,NeoForge,CAPTURE_OFF,1,World Flythrough,43.50,22.99,87.52,N/A,10732.55,N/A,0,0,0,0
1780871621471,NeoForge,CAPTURE_OFF,1,World Flythrough,98.51,10.15,87.52,N/A,10732.55,N/A,0,0,0,0
1780871621490,NeoForge,CAPTURE_OFF,1,World Flythrough,59.27,16.87,87.52,N/A,10732.55,N/A,0,0,0,0
1780871621686,NeoForge,CAPTURE_OFF,1,World Flythrough,45.29,22.08,89.63,N/A,10199.10,N/A,0,0,0,0
1780871621720,NeoForge,CAPTURE_OFF,1,World Flythrough,4.80,208.29,89.63,N/A,10199.10,N/A,0,0,0,0
1780871621729,NeoForge,CAPTURE_OFF,1,World Flythrough,104.91,9.53,89.63,N/A,10199.10,N/A,0,0,0,0
1780871621740,NeoForge,CAPTURE_OFF,1,World Flythrough,95.68,10.45,89.63,N/A,10199.10,N/A,0,0,0,0
1780871621761,NeoForge,CAPTURE_OFF,1,World Flythrough,46.02,21.73,89.63,N/A,10199.10,N/A,0,0,0,0
1780871621771,NeoForge,CAPTURE_OFF,1,World Flythrough,92.06,10.86,89.63,N/A,10199.10,N/A,0,0,0,0
1780871621790,NeoForge,CAPTURE_OFF,1,World Flythrough,58.06,17.22,89.63,N/A,10199.10,N/A,0,0,0,0
1780871621814,NeoForge,CAPTURE_OFF,1,World Flythrough,40.12,24.92,89.63,N/A,10199.10,N/A,0,0,0,0
1780871621825,NeoForge,CAPTURE_OFF,1,World Flythrough,93.88,10.65,89.63,N/A,10199.10,N/A,0,0,0,0
1780871621841,NeoForge,CAPTURE_OFF,1,World Flythrough,65.15,15.35,89.63,N/A,10199.10,N/A,0,0,0,0
1780871621862,NeoForge,CAPTURE_OFF,1,World Flythrough,45.12,22.16,89.63,N/A,10199.10,N/A,0,0,0,0
1780871621872,NeoForge,CAPTURE_OFF,1,World Flythrough,101.87,9.82,89.63,N/A,10199.10,N/A,0,0,0,0
1780871621891,NeoForge,CAPTURE_OFF,1,World Flythrough,53.73,18.61,89.63,N/A,10199.10,N/A,0,0,0,0
1780871621914,NeoForge,CAPTURE_OFF,1,World Flythrough,43.00,23.26,89.63,N/A,10199.10,N/A,0,0,0,0
1780871621923,NeoForge,CAPTURE_OFF,1,World Flythrough,113.73,8.79,89.63,N/A,10199.10,N/A,0,0,0,0
1780871621940,NeoForge,CAPTURE_OFF,1,World Flythrough,57.80,17.30,89.63,N/A,10199.10,N/A,0,0,0,0
1780871621962,NeoForge,CAPTURE_OFF,1,World Flythrough,46.40,21.55,89.63,N/A,10199.10,N/A,0,0,0,0
1780871621972,NeoForge,CAPTURE_OFF,1,World Flythrough,93.40,10.71,89.63,N/A,10199.10,N/A,0,0,0,0
1780871621990,NeoForge,CAPTURE_OFF,1,World Flythrough,59.39,16.84,89.63,N/A,10199.10,N/A,0,0,0,0
1780871622012,NeoForge,CAPTURE_OFF,1,World Flythrough,44.89,22.28,89.63,N/A,10199.10,N/A,0,0,0,0
1780871622023,NeoForge,CAPTURE_OFF,1,World Flythrough,91.02,10.99,89.63,N/A,10199.10,N/A,0,0,0,0
1780871622040,NeoForge,CAPTURE_OFF,1,World Flythrough,59.16,16.90,89.63,N/A,10199.10,N/A,0,0,0,0
1780871622062,NeoForge,CAPTURE_OFF,1,World Flythrough,43.53,22.97,89.63,N/A,10199.10,N/A,0,0,0,0
1780871622072,NeoForge,CAPTURE_OFF,1,World Flythrough,97.94,10.21,89.63,N/A,10199.10,N/A,0,0,0,0
1780871622090,NeoForge,CAPTURE_OFF,1,World Flythrough,57.82,17.29,89.63,N/A,10199.10,N/A,0,0,0,0
1780871622114,NeoForge,CAPTURE_OFF,1,World Flythrough,40.87,24.47,89.63,N/A,10199.10,N/A,0,0,0,0
1780871622123,NeoForge,CAPTURE_OFF,1,World Flythrough,112.16,8.92,89.63,N/A,10199.10,N/A,0,0,0,0
1780871622140,NeoForge,CAPTURE_OFF,1,World Flythrough,59.51,16.80,89.63,N/A,10199.10,N/A,0,0,0,0
1780871622163,NeoForge,CAPTURE_OFF,1,World Flythrough,43.68,22.89,89.63,N/A,10199.10,N/A,0,0,0,0
1780871622191,NeoForge,CAPTURE_OFF,1,World Flythrough,35.39,28.26,89.63,N/A,10199.10,N/A,0,0,0,0
1780871622209,NeoForge,CAPTURE_OFF,1,World Flythrough,57.98,17.25,89.63,N/A,10199.10,N/A,0,0,0,0
1780871622219,NeoForge,CAPTURE_OFF,1,World Flythrough,100.83,9.92,89.63,N/A,10199.10,N/A,0,0,0,0
1780871622228,NeoForge,CAPTURE_OFF,1,World Flythrough,104.93,9.53,89.63,N/A,10199.10,N/A,0,0,0,0
1780871622240,NeoForge,CAPTURE_OFF,1,World Flythrough,85.71,11.67,89.63,N/A,10199.10,N/A,0,0,0,0
1780871622263,NeoForge,CAPTURE_OFF,1,World Flythrough,42.28,23.65,89.63,N/A,10199.10,N/A,0,0,0,0
1780871622274,NeoForge,CAPTURE_OFF,1,World Flythrough,99.40,10.06,89.63,N/A,10199.10,N/A,0,0,0,0
1780871622289,NeoForge,CAPTURE_OFF,1,World Flythrough,63.27,15.80,89.63,N/A,10199.10,N/A,0,0,0,0
1780871622314,NeoForge,CAPTURE_OFF,1,World Flythrough,40.43,24.74,89.63,N/A,10199.10,N/A,0,0,0,0
1780871622323,NeoForge,CAPTURE_OFF,1,World Flythrough,104.29,9.59,89.63,N/A,10199.10,N/A,0,0,0,0
1780871622342,NeoForge,CAPTURE_OFF,1,World Flythrough,56.12,17.82,89.63,N/A,10199.10,N/A,0,0,0,0
1780871622363,NeoForge,CAPTURE_OFF,1,World Flythrough,46.10,21.69,89.63,N/A,10199.10,N/A,0,0,0,0
1780871622373,NeoForge,CAPTURE_OFF,1,World Flythrough,88.77,11.27,89.63,N/A,10199.10,N/A,0,0,0,0
1780871622391,NeoForge,CAPTURE_OFF,1,World Flythrough,61.56,16.25,89.63,N/A,10199.10,N/A,0,0,0,0
1780871622413,NeoForge,CAPTURE_OFF,1,World Flythrough,45.26,22.10,89.63,N/A,10199.10,N/A,0,0,0,0
1780871622425,NeoForge,CAPTURE_OFF,1,World Flythrough,76.85,13.01,89.63,N/A,10199.10,N/A,0,0,0,0
1780871622440,NeoForge,CAPTURE_OFF,1,World Flythrough,69.87,14.31,89.63,N/A,10199.10,N/A,0,0,0,0
1780871622464,NeoForge,CAPTURE_OFF,1,World Flythrough,41.81,23.92,89.63,N/A,10199.10,N/A,0,0,0,0
1780871622473,NeoForge,CAPTURE_OFF,1,World Flythrough,100.36,9.96,89.63,N/A,10199.10,N/A,0,0,0,0
1780871622491,NeoForge,CAPTURE_OFF,1,World Flythrough,59.44,16.82,89.63,N/A,10199.10,N/A,0,0,0,0
1780871622641,NeoForge,CAPTURE_OFF,1,World Flythrough,36.30,27.55,88.27,N/A,11251.03,N/A,0,0,0,0
1780871622672,NeoForge,CAPTURE_OFF,1,World Flythrough,6.52,153.33,88.27,N/A,11251.03,N/A,0,0,0,0
1780871622707,NeoForge,CAPTURE_OFF,1,World Flythrough,28.50,35.09,88.27,N/A,11251.03,N/A,0,0,0,0
1780871622723,NeoForge,CAPTURE_OFF,1,World Flythrough,59.32,16.86,88.27,N/A,11251.03,N/A,0,0,0,0
1780871622740,NeoForge,CAPTURE_OFF,1,World Flythrough,61.30,16.31,88.27,N/A,11251.03,N/A,0,0,0,0
1780871622756,NeoForge,CAPTURE_OFF,1,World Flythrough,64.08,15.60,88.27,N/A,11251.03,N/A,0,0,0,0
1780871622766,NeoForge,CAPTURE_OFF,1,World Flythrough,96.83,10.33,88.27,N/A,11251.03,N/A,0,0,0,0
1780871622775,NeoForge,CAPTURE_OFF,1,World Flythrough,109.87,9.10,88.27,N/A,11251.03,N/A,0,0,0,0
1780871622791,NeoForge,CAPTURE_OFF,1,World Flythrough,61.61,16.23,88.27,N/A,11251.03,N/A,0,0,0,0
1780871622815,NeoForge,CAPTURE_OFF,1,World Flythrough,42.32,23.63,88.27,N/A,11251.03,N/A,0,0,0,0
1780871622823,NeoForge,CAPTURE_OFF,1,World Flythrough,103.61,9.65,88.27,N/A,11251.03,N/A,0,0,0,0
1780871622841,NeoForge,CAPTURE_OFF,1,World Flythrough,59.95,16.68,88.27,N/A,11251.03,N/A,0,0,0,0
1780871622866,NeoForge,CAPTURE_OFF,1,World Flythrough,38.76,25.80,88.27,N/A,11251.03,N/A,0,0,0,0
1780871622876,NeoForge,CAPTURE_OFF,1,World Flythrough,105.69,9.46,88.27,N/A,11251.03,N/A,0,0,0,0
1780871622892,NeoForge,CAPTURE_OFF,1,World Flythrough,64.91,15.41,88.27,N/A,11251.03,N/A,0,0,0,0
1780871622915,NeoForge,CAPTURE_OFF,1,World Flythrough,42.82,23.35,88.27,N/A,11251.03,N/A,0,0,0,0
1780871622928,NeoForge,CAPTURE_OFF,1,World Flythrough,81.05,12.34,88.27,N/A,11251.03,N/A,0,0,0,0
1780871622941,NeoForge,CAPTURE_OFF,1,World Flythrough,72.12,13.87,88.27,N/A,11251.03,N/A,0,0,0,0
1780871622963,NeoForge,CAPTURE_OFF,1,World Flythrough,43.68,22.89,88.27,N/A,11251.03,N/A,0,0,0,0
1780871622973,NeoForge,CAPTURE_OFF,1,World Flythrough,101.76,9.83,88.27,N/A,11251.03,N/A,0,0,0,0
1780871622990,NeoForge,CAPTURE_OFF,1,World Flythrough,59.39,16.84,88.27,N/A,11251.03,N/A,0,0,0,0
1780871623087,NeoForge,CAPTURE_OFF,1,World Flythrough,10.42,95.96,88.27,N/A,11251.03,N/A,0,0,0,0
1780871623118,NeoForge,CAPTURE_OFF,1,World Flythrough,32.35,30.91,88.27,N/A,11251.03,N/A,0,0,0,0
1780871623128,NeoForge,CAPTURE_OFF,1,World Flythrough,98.11,10.19,88.27,N/A,11251.03,N/A,0,0,0,0
1780871623142,NeoForge,CAPTURE_OFF,1,World Flythrough,72.35,13.82,88.27,N/A,11251.03,N/A,0,0,0,0
1780871623166,NeoForge,CAPTURE_OFF,1,World Flythrough,41.56,24.06,88.27,N/A,11251.03,N/A,0,0,0,0
1780871623176,NeoForge,CAPTURE_OFF,1,World Flythrough,96.56,10.36,88.27,N/A,11251.03,N/A,0,0,0,0
1780871623192,NeoForge,CAPTURE_OFF,1,World Flythrough,64.57,15.49,88.27,N/A,11251.03,N/A,0,0,0,0
1780871623214,NeoForge,CAPTURE_OFF,1,World Flythrough,45.42,22.02,88.27,N/A,11251.03,N/A,0,0,0,0
1780871623224,NeoForge,CAPTURE_OFF,1,World Flythrough,91.09,10.98,88.27,N/A,11251.03,N/A,0,0,0,0
1780871623241,NeoForge,CAPTURE_OFF,1,World Flythrough,60.46,16.54,88.27,N/A,11251.03,N/A,0,0,0,0
1780871623263,NeoForge,CAPTURE_OFF,1,World Flythrough,45.13,22.16,88.27,N/A,11251.03,N/A,0,0,0,0
1780871623273,NeoForge,CAPTURE_OFF,1,World Flythrough,93.29,10.72,88.27,N/A,11251.03,N/A,0,0,0,0
1780871623292,NeoForge,CAPTURE_OFF,1,World Flythrough,56.24,17.78,88.27,N/A,11251.03,N/A,0,0,0,0
1780871623314,NeoForge,CAPTURE_OFF,1,World Flythrough,44.20,22.62,88.27,N/A,11251.03,N/A,0,0,0,0
1780871623324,NeoForge,CAPTURE_OFF,1,World Flythrough,101.71,9.83,88.27,N/A,11251.03,N/A,0,0,0,0
1780871623342,NeoForge,CAPTURE_OFF,1,World Flythrough,58.60,17.07,88.27,N/A,11251.03,N/A,0,0,0,0
1780871623365,NeoForge,CAPTURE_OFF,1,World Flythrough,42.82,23.36,88.27,N/A,11251.03,N/A,0,0,0,0
1780871623373,NeoForge,CAPTURE_OFF,1,World Flythrough,111.31,8.98,88.27,N/A,11251.03,N/A,0,0,0,0
1780871623391,NeoForge,CAPTURE_OFF,1,World Flythrough,57.28,17.46,88.27,N/A,11251.03,N/A,0,0,0,0
1780871623414,NeoForge,CAPTURE_OFF,1,World Flythrough,43.41,23.04,88.27,N/A,11251.03,N/A,0,0,0,0
1780871623424,NeoForge,CAPTURE_OFF,1,World Flythrough,96.50,10.36,88.27,N/A,11251.03,N/A,0,0,0,0
1780871623445,NeoForge,CAPTURE_OFF,1,World Flythrough,49.08,20.37,88.27,N/A,11251.03,N/A,0,0,0,0
1780871623465,NeoForge,CAPTURE_OFF,1,World Flythrough,49.77,20.09,88.27,N/A,11251.03,N/A,0,0,0,0
1780871623477,NeoForge,CAPTURE_OFF,1,World Flythrough,87.25,11.46,88.27,N/A,11251.03,N/A,0,0,0,0
1780871623491,NeoForge,CAPTURE_OFF,1,World Flythrough,66.92,14.94,88.27,N/A,11251.03,N/A,0,0,0,0
1780871623516,NeoForge,CAPTURE_OFF,1,World Flythrough,41.31,24.21,88.27,N/A,11251.03,N/A,0,0,0,0
1780871623867,NeoForge,CAPTURE_OFF,1,World Flythrough,99.52,10.05,81.89,N/A,10276.27,N/A,0,0,0,0
1780871623942,NeoForge,CAPTURE_OFF,1,World Flythrough,2.40,416.86,81.89,N/A,10276.27,N/A,0,0,0,0
1780871623969,NeoForge,CAPTURE_OFF,1,World Flythrough,38.27,26.13,81.89,N/A,10276.27,N/A,0,0,0,0
1780871623980,NeoForge,CAPTURE_OFF,1,World Flythrough,91.56,10.92,81.89,N/A,10276.27,N/A,0,0,0,0
1780871623992,NeoForge,CAPTURE_OFF,1,World Flythrough,80.96,12.35,81.89,N/A,10276.27,N/A,0,0,0,0
1780871624015,NeoForge,CAPTURE_OFF,1,World Flythrough,44.04,22.71,81.89,N/A,10276.27,N/A,0,0,0,0
1780871624027,NeoForge,CAPTURE_OFF,1,World Flythrough,82.30,12.15,81.89,N/A,10276.27,N/A,0,0,0,0
1780871624042,NeoForge,CAPTURE_OFF,1,World Flythrough,66.95,14.94,81.89,N/A,10276.27,N/A,0,0,0,0
1780871624066,NeoForge,CAPTURE_OFF,1,World Flythrough,41.05,24.36,81.89,N/A,10276.27,N/A,0,0,0,0
1780871624076,NeoForge,CAPTURE_OFF,1,World Flythrough,95.86,10.43,81.89,N/A,10276.27,N/A,0,0,0,0
1780871624091,NeoForge,CAPTURE_OFF,1,World Flythrough,65.80,15.20,81.89,N/A,10276.27,N/A,0,0,0,0
1780871624118,NeoForge,CAPTURE_OFF,1,World Flythrough,39.09,25.58,81.89,N/A,10276.27,N/A,0,0,0,0
1780871624128,NeoForge,CAPTURE_OFF,1,World Flythrough,98.08,10.20,81.89,N/A,10276.27,N/A,0,0,0,0
1780871624142,NeoForge,CAPTURE_OFF,1,World Flythrough,66.65,15.00,81.89,N/A,10276.27,N/A,0,0,0,0
1780871624166,NeoForge,CAPTURE_OFF,1,World Flythrough,43.68,22.89,81.89,N/A,10276.27,N/A,0,0,0,0
1780871624176,NeoForge,CAPTURE_OFF,1,World Flythrough,94.10,10.63,81.89,N/A,10276.27,N/A,0,0,0,0
1780871624192,NeoForge,CAPTURE_OFF,1,World Flythrough,60.12,16.63,81.89,N/A,10276.27,N/A,0,0,0,0
1780871624220,NeoForge,CAPTURE_OFF,1,World Flythrough,36.58,27.34,81.89,N/A,10276.27,N/A,0,0,0,0
1780871624230,NeoForge,CAPTURE_OFF,1,World Flythrough,95.88,10.43,81.89,N/A,10276.27,N/A,0,0,0,0
1780871624243,NeoForge,CAPTURE_OFF,1,World Flythrough,79.45,12.59,81.89,N/A,10276.27,N/A,0,0,0,0
1780871624267,NeoForge,CAPTURE_OFF,1,World Flythrough,41.54,24.07,81.89,N/A,10276.27,N/A,0,0,0,0
1780871624278,NeoForge,CAPTURE_OFF,1,World Flythrough,91.21,10.96,81.89,N/A,10276.27,N/A,0,0,0,0
1780871624304,NeoForge,CAPTURE_OFF,1,World Flythrough,38.33,26.09,81.89,N/A,10276.27,N/A,0,0,0,0
1780871624315,NeoForge,CAPTURE_OFF,1,World Flythrough,94.36,10.60,81.89,N/A,10276.27,N/A,0,0,0,0
1780871624327,NeoForge,CAPTURE_OFF,1,World Flythrough,75.81,13.19,81.89,N/A,10276.27,N/A,0,0,0,0
1780871624342,NeoForge,CAPTURE_OFF,1,World Flythrough,68.53,14.59,81.89,N/A,10276.27,N/A,0,0,0,0
1780871624369,NeoForge,CAPTURE_OFF,1,World Flythrough,37.53,26.64,81.89,N/A,10276.27,N/A,0,0,0,0
1780871624380,NeoForge,CAPTURE_OFF,1,World Flythrough,97.09,10.30,81.89,N/A,10276.27,N/A,0,0,0,0
1780871624392,NeoForge,CAPTURE_OFF,1,World Flythrough,75.99,13.16,81.89,N/A,10276.27,N/A,0,0,0,0
1780871624419,NeoForge,CAPTURE_OFF,1,World Flythrough,38.50,25.97,81.89,N/A,10276.27,N/A,0,0,0,0
1780871624431,NeoForge,CAPTURE_OFF,1,World Flythrough,77.28,12.94,81.89,N/A,10276.27,N/A,0,0,0,0
1780871624442,NeoForge,CAPTURE_OFF,1,World Flythrough,92.37,10.83,81.89,N/A,10276.27,N/A,0,0,0,0
1780871624471,NeoForge,CAPTURE_OFF,1,World Flythrough,35.31,28.32,81.89,N/A,10276.27,N/A,0,0,0,0
1780871624480,NeoForge,CAPTURE_OFF,1,World Flythrough,102.76,9.73,81.89,N/A,10276.27,N/A,0,0,0,0
1780871624501,NeoForge,CAPTURE_OFF,1,World Flythrough,49.42,20.24,81.89,N/A,10276.27,N/A,0,0,0,0
1780871624512,NeoForge,CAPTURE_OFF,1,World Flythrough,93.86,10.65,81.89,N/A,10276.27,N/A,0,0,0,0
1780871624713,NeoForge,CAPTURE_OFF,1,World Flythrough,68.94,14.51,90.45,N/A,11404.14,N/A,0,0,0,0
1780871624759,NeoForge,CAPTURE_OFF,1,World Flythrough,4.28,233.44,90.45,N/A,11404.14,N/A,0,0,0,0
1780871624778,NeoForge,CAPTURE_OFF,1,World Flythrough,52.30,19.12,90.45,N/A,11404.14,N/A,0,0,0,0
1780871624790,NeoForge,CAPTURE_OFF,1,World Flythrough,79.78,12.53,90.45,N/A,11404.14,N/A,0,0,0,0
1780871624812,NeoForge,CAPTURE_OFF,1,World Flythrough,48.24,20.73,90.45,N/A,11404.14,N/A,0,0,0,0
1780871624822,NeoForge,CAPTURE_OFF,1,World Flythrough,95.29,10.49,90.45,N/A,11404.14,N/A,0,0,0,0
1780871624832,NeoForge,CAPTURE_OFF,1,World Flythrough,94.99,10.53,90.45,N/A,11404.14,N/A,0,0,0,0
1780871624852,NeoForge,CAPTURE_OFF,1,World Flythrough,52.96,18.88,90.45,N/A,11404.14,N/A,0,0,0,0
1780871624863,NeoForge,CAPTURE_OFF,1,World Flythrough,82.37,12.14,90.45,N/A,11404.14,N/A,0,0,0,0
1780871624878,NeoForge,CAPTURE_OFF,1,World Flythrough,69.17,14.46,90.45,N/A,11404.14,N/A,0,0,0,0
1780871624901,NeoForge,CAPTURE_OFF,1,World Flythrough,43.38,23.05,90.45,N/A,11404.14,N/A,0,0,0,0
1780871624911,NeoForge,CAPTURE_OFF,1,World Flythrough,90.94,11.00,90.45,N/A,11404.14,N/A,0,0,0,0
1780871624930,NeoForge,CAPTURE_OFF,1,World Flythrough,54.74,18.27,90.45,N/A,11404.14,N/A,0,0,0,0
1780871624953,NeoForge,CAPTURE_OFF,1,World Flythrough,44.11,22.67,90.45,N/A,11404.14,N/A,0,0,0,0
1780871624990,NeoForge,CAPTURE_OFF,1,World Flythrough,27.45,36.43,90.45,N/A,11404.14,N/A,0,0,0,0
1780871625016,NeoForge,CAPTURE_OFF,1,World Flythrough,37.10,26.96,90.45,N/A,11404.14,N/A,0,0,0,0
1780871625041,NeoForge,CAPTURE_OFF,1,World Flythrough,39.59,25.26,90.45,N/A,11404.14,N/A,0,0,0,0
1780871625070,NeoForge,CAPTURE_OFF,1,World Flythrough,35.64,28.06,90.45,N/A,11404.14,N/A,0,0,0,0
1780871625091,NeoForge,CAPTURE_OFF,1,World Flythrough,47.38,21.11,90.45,N/A,11404.14,N/A,0,0,0,0
1780871625202,NeoForge,CAPTURE_OFF,1,World Flythrough,8.97,111.50,90.45,N/A,11404.14,N/A,0,0,0,0
1780871625229,NeoForge,CAPTURE_OFF,1,World Flythrough,36.85,27.14,90.45,N/A,11404.14,N/A,0,0,0,0
1780871625241,NeoForge,CAPTURE_OFF,1,World Flythrough,80.88,12.36,90.45,N/A,11404.14,N/A,0,0,0,0
1780871625260,NeoForge,CAPTURE_OFF,1,World Flythrough,55.21,18.11,90.45,N/A,11404.14,N/A,0,0,0,0
1780871625273,NeoForge,CAPTURE_OFF,1,World Flythrough,74.26,13.47,90.45,N/A,11404.14,N/A,0,0,0,0
1780871625285,NeoForge,CAPTURE_OFF,1,World Flythrough,89.31,11.20,90.45,N/A,11404.14,N/A,0,0,0,0
1780871625307,NeoForge,CAPTURE_OFF,1,World Flythrough,46.48,21.52,90.45,N/A,11404.14,N/A,0,0,0,0
1780871625320,NeoForge,CAPTURE_OFF,1,World Flythrough,74.41,13.44,90.45,N/A,11404.14,N/A,0,0,0,0
1780871625331,NeoForge,CAPTURE_OFF,1,World Flythrough,84.51,11.83,90.45,N/A,11404.14,N/A,0,0,0,0
1780871625353,NeoForge,CAPTURE_OFF,1,World Flythrough,45.24,22.11,90.45,N/A,11404.14,N/A,0,0,0,0
1780871625372,NeoForge,CAPTURE_OFF,1,World Flythrough,53.42,18.72,90.45,N/A,11404.14,N/A,0,0,0,0
1780871625386,NeoForge,CAPTURE_OFF,1,World Flythrough,73.02,13.69,90.45,N/A,11404.14,N/A,0,0,0,0
1780871625406,NeoForge,CAPTURE_OFF,1,World Flythrough,51.62,19.37,90.45,N/A,11404.14,N/A,0,0,0,0
1780871625420,NeoForge,CAPTURE_OFF,1,World Flythrough,70.73,14.14,90.45,N/A,11404.14,N/A,0,0,0,0
1780871625435,NeoForge,CAPTURE_OFF,1,World Flythrough,64.68,15.46,90.45,N/A,11404.14,N/A,0,0,0,0
1780871625469,NeoForge,CAPTURE_OFF,1,World Flythrough,29.46,33.94,90.45,N/A,11404.14,N/A,0,0,0,0
1780871625491,NeoForge,CAPTURE_OFF,1,World Flythrough,46.21,21.64,90.45,N/A,11404.14,N/A,0,0,0,0
1780871625518,NeoForge,CAPTURE_OFF,1,World Flythrough,36.29,27.55,90.45,N/A,11404.14,N/A,0,0,0,0
1780871625689,NeoForge,CAPTURE_OFF,1,World Flythrough,84.32,11.86,83.95,N/A,9926.74,N/A,0,0,0,0
1780871625733,NeoForge,CAPTURE_OFF,1,World Flythrough,4.91,203.58,83.95,N/A,9926.74,N/A,0,0,0,0
1780871625752,NeoForge,CAPTURE_OFF,1,World Flythrough,53.79,18.59,83.95,N/A,9926.74,N/A,0,0,0,0
1780871625764,NeoForge,CAPTURE_OFF,1,World Flythrough,84.84,11.79,83.95,N/A,9926.74,N/A,0,0,0,0
1780871625778,NeoForge,CAPTURE_OFF,1,World Flythrough,71.51,13.98,83.95,N/A,9926.74,N/A,0,0,0,0
1780871625802,NeoForge,CAPTURE_OFF,1,World Flythrough,42.03,23.79,83.95,N/A,9926.74,N/A,0,0,0,0
1780871625812,NeoForge,CAPTURE_OFF,1,World Flythrough,91.91,10.88,83.95,N/A,9926.74,N/A,0,0,0,0
1780871625829,NeoForge,CAPTURE_OFF,1,World Flythrough,62.10,16.10,83.95,N/A,9926.74,N/A,0,0,0,0
1780871625852,NeoForge,CAPTURE_OFF,1,World Flythrough,43.51,22.98,83.95,N/A,9926.74,N/A,0,0,0,0
1780871625862,NeoForge,CAPTURE_OFF,1,World Flythrough,96.18,10.40,83.95,N/A,9926.74,N/A,0,0,0,0
1780871625879,NeoForge,CAPTURE_OFF,1,World Flythrough,60.91,16.42,83.95,N/A,9926.74,N/A,0,0,0,0
1780871625902,NeoForge,CAPTURE_OFF,1,World Flythrough,42.70,23.42,83.95,N/A,9926.74,N/A,0,0,0,0
1780871625912,NeoForge,CAPTURE_OFF,1,World Flythrough,94.13,10.62,83.95,N/A,9926.74,N/A,0,0,0,0
1780871625932,NeoForge,CAPTURE_OFF,1,World Flythrough,51.08,19.58,83.95,N/A,9926.74,N/A,0,0,0,0
1780871625950,NeoForge,CAPTURE_OFF,1,World Flythrough,53.43,18.72,83.95,N/A,9926.74,N/A,0,0,0,0
1780871625962,NeoForge,CAPTURE_OFF,1,World Flythrough,91.20,10.96,83.95,N/A,9926.74,N/A,0,0,0,0
1780871625977,NeoForge,CAPTURE_OFF,1,World Flythrough,64.34,15.54,83.95,N/A,9926.74,N/A,0,0,0,0
1780871626002,NeoForge,CAPTURE_OFF,1,World Flythrough,41.60,24.04,83.95,N/A,9926.74,N/A,0,0,0,0
1780871626017,NeoForge,CAPTURE_OFF,1,World Flythrough,63.66,15.71,83.95,N/A,9926.74,N/A,0,0,0,0
1780871626029,NeoForge,CAPTURE_OFF,1,World Flythrough,87.71,11.40,83.95,N/A,9926.74,N/A,0,0,0,0
1780871626058,NeoForge,CAPTURE_OFF,1,World Flythrough,34.50,28.98,83.95,N/A,9926.74,N/A,0,0,0,0
1780871626068,NeoForge,CAPTURE_OFF,1,World Flythrough,96.98,10.31,83.95,N/A,9926.74,N/A,0,0,0,0
1780871626079,NeoForge,CAPTURE_OFF,1,World Flythrough,92.85,10.77,83.95,N/A,9926.74,N/A,0,0,0,0
1780871626102,NeoForge,CAPTURE_OFF,1,World Flythrough,42.92,23.30,83.95,N/A,9926.74,N/A,0,0,0,0
1780871626113,NeoForge,CAPTURE_OFF,1,World Flythrough,84.51,11.83,83.95,N/A,9926.74,N/A,0,0,0,0
1780871626130,NeoForge,CAPTURE_OFF,1,World Flythrough,61.43,16.28,83.95,N/A,9926.74,N/A,0,0,0,0
1780871626154,NeoForge,CAPTURE_OFF,1,World Flythrough,41.43,24.14,83.95,N/A,9926.74,N/A,0,0,0,0
1780871626170,NeoForge,CAPTURE_OFF,1,World Flythrough,64.46,15.51,83.95,N/A,9926.74,N/A,0,0,0,0
1780871626182,NeoForge,CAPTURE_OFF,1,World Flythrough,84.21,11.88,83.95,N/A,9926.74,N/A,0,0,0,0
1780871626202,NeoForge,CAPTURE_OFF,1,World Flythrough,50.01,20.00,83.95,N/A,9926.74,N/A,0,0,0,0
1780871626214,NeoForge,CAPTURE_OFF,1,World Flythrough,77.70,12.87,83.95,N/A,9926.74,N/A,0,0,0,0
1780871626229,NeoForge,CAPTURE_OFF,1,World Flythrough,67.53,14.81,83.95,N/A,9926.74,N/A,0,0,0,0
1780871626272,NeoForge,CAPTURE_OFF,1,World Flythrough,23.52,42.51,83.95,N/A,9926.74,N/A,0,0,0,0
1780871626282,NeoForge,CAPTURE_OFF,1,World Flythrough,101.82,9.82,83.95,N/A,9926.74,N/A,0,0,0,0
1780871626303,NeoForge,CAPTURE_OFF,1,World Flythrough,46.00,21.74,83.95,N/A,9926.74,N/A,0,0,0,0
1780871626314,NeoForge,CAPTURE_OFF,1,World Flythrough,92.22,10.84,83.95,N/A,9926.74,N/A,0,0,0,0
1780871626328,NeoForge,CAPTURE_OFF,1,World Flythrough,76.17,13.13,83.95,N/A,9926.74,N/A,0,0,0,0
1780871626354,NeoForge,CAPTURE_OFF,1,World Flythrough,37.58,26.61,83.95,N/A,9926.74,N/A,0,0,0,0
1780871626365,NeoForge,CAPTURE_OFF,1,World Flythrough,89.06,11.23,83.95,N/A,9926.74,N/A,0,0,0,0
1780871626380,NeoForge,CAPTURE_OFF,1,World Flythrough,66.92,14.94,83.95,N/A,9926.74,N/A,0,0,0,0
1780871626404,NeoForge,CAPTURE_OFF,1,World Flythrough,41.03,24.37,83.95,N/A,9926.74,N/A,0,0,0,0
1780871626414,NeoForge,CAPTURE_OFF,1,World Flythrough,100.45,9.96,83.95,N/A,9926.74,N/A,0,0,0,0
1780871626429,NeoForge,CAPTURE_OFF,1,World Flythrough,66.74,14.98,83.95,N/A,9926.74,N/A,0,0,0,0
1780871626451,NeoForge,CAPTURE_OFF,1,World Flythrough,46.57,21.47,83.95,N/A,9926.74,N/A,0,0,0,0
1780871626479,NeoForge,CAPTURE_OFF,1,World Flythrough,35.92,27.84,83.95,N/A,9926.74,N/A,0,0,0,0
1780871626490,NeoForge,CAPTURE_OFF,1,World Flythrough,92.11,10.86,83.95,N/A,9926.74,N/A,0,0,0,0
1780871626507,NeoForge,CAPTURE_OFF,1,World Flythrough,58.21,17.18,83.95,N/A,9926.74,N/A,0,0,0,0
1780871626518,NeoForge,CAPTURE_OFF,1,World Flythrough,93.27,10.72,83.95,N/A,9926.74,N/A,0,0,0,0
1780871626654,NeoForge,CAPTURE_OFF,1,World Flythrough,74.53,13.42,84.59,N/A,10248.41,N/A,0,0,0,0
1780871626684,NeoForge,CAPTURE_OFF,1,World Flythrough,6.51,153.60,84.59,N/A,10248.41,N/A,0,0,0,0
1780871626703,NeoForge,CAPTURE_OFF,1,World Flythrough,54.47,18.36,84.59,N/A,10248.41,N/A,0,0,0,0
1780871626713,NeoForge,CAPTURE_OFF,1,World Flythrough,94.30,10.60,84.59,N/A,10248.41,N/A,0,0,0,0
1780871626730,NeoForge,CAPTURE_OFF,1,World Flythrough,60.67,16.48,84.59,N/A,10248.41,N/A,0,0,0,0
1780871626751,NeoForge,CAPTURE_OFF,1,World Flythrough,47.89,20.88,84.59,N/A,10248.41,N/A,0,0,0,0
1780871626761,NeoForge,CAPTURE_OFF,1,World Flythrough,95.74,10.45,84.59,N/A,10248.41,N/A,0,0,0,0
1780871626780,NeoForge,CAPTURE_OFF,1,World Flythrough,52.38,19.09,84.59,N/A,10248.41,N/A,0,0,0,0
1780871626808,NeoForge,CAPTURE_OFF,1,World Flythrough,36.53,27.38,84.59,N/A,10248.41,N/A,0,0,0,0
1780871626818,NeoForge,CAPTURE_OFF,1,World Flythrough,92.27,10.84,84.59,N/A,10248.41,N/A,0,0,0,0
1780871626828,NeoForge,CAPTURE_OFF,1,World Flythrough,103.46,9.67,84.59,N/A,10248.41,N/A,0,0,0,0
1780871626850,NeoForge,CAPTURE_OFF,1,World Flythrough,45.35,22.05,84.59,N/A,10248.41,N/A,0,0,0,0
1780871626862,NeoForge,CAPTURE_OFF,1,World Flythrough,88.48,11.30,84.59,N/A,10248.41,N/A,0,0,0,0
1780871626878,NeoForge,CAPTURE_OFF,1,World Flythrough,59.05,16.94,84.59,N/A,10248.41,N/A,0,0,0,0
1780871626900,NeoForge,CAPTURE_OFF,1,World Flythrough,44.98,22.23,84.59,N/A,10248.41,N/A,0,0,0,0
1780871626911,NeoForge,CAPTURE_OFF,1,World Flythrough,97.16,10.29,84.59,N/A,10248.41,N/A,0,0,0,0
1780871626929,NeoForge,CAPTURE_OFF,1,World Flythrough,55.78,17.93,84.59,N/A,10248.41,N/A,0,0,0,0
1780871626952,NeoForge,CAPTURE_OFF,1,World Flythrough,42.93,23.30,84.59,N/A,10248.41,N/A,0,0,0,0
1780871626962,NeoForge,CAPTURE_OFF,1,World Flythrough,98.62,10.14,84.59,N/A,10248.41,N/A,0,0,0,0
1780871626979,NeoForge,CAPTURE_OFF,1,World Flythrough,59.49,16.81,84.59,N/A,10248.41,N/A,0,0,0,0
1780871627001,NeoForge,CAPTURE_OFF,1,World Flythrough,45.39,22.03,84.59,N/A,10248.41,N/A,0,0,0,0
1780871627013,NeoForge,CAPTURE_OFF,1,World Flythrough,80.98,12.35,84.59,N/A,10248.41,N/A,0,0,0,0
1780871627028,NeoForge,CAPTURE_OFF,1,World Flythrough,67.88,14.73,84.59,N/A,10248.41,N/A,0,0,0,0
1780871627051,NeoForge,CAPTURE_OFF,1,World Flythrough,42.92,23.30,84.59,N/A,10248.41,N/A,0,0,0,0
1780871627063,NeoForge,CAPTURE_OFF,1,World Flythrough,88.48,11.30,84.59,N/A,10248.41,N/A,0,0,0,0
1780871627079,NeoForge,CAPTURE_OFF,1,World Flythrough,62.57,15.98,84.59,N/A,10248.41,N/A,0,0,0,0
1780871627102,NeoForge,CAPTURE_OFF,1,World Flythrough,41.78,23.93,84.59,N/A,10248.41,N/A,0,0,0,0
1780871627112,NeoForge,CAPTURE_OFF,1,World Flythrough,105.53,9.48,84.59,N/A,10248.41,N/A,0,0,0,0
1780871627129,NeoForge,CAPTURE_OFF,1,World Flythrough,60.10,16.64,84.59,N/A,10248.41,N/A,0,0,0,0
1780871627151,NeoForge,CAPTURE_OFF,1,World Flythrough,45.53,21.96,84.59,N/A,10248.41,N/A,0,0,0,0
1780871627168,NeoForge,CAPTURE_OFF,1,World Flythrough,57.44,17.41,84.59,N/A,10248.41,N/A,0,0,0,0
1780871627202,NeoForge,CAPTURE_OFF,1,World Flythrough,29.90,33.45,84.59,N/A,10248.41,N/A,0,0,0,0
1780871627212,NeoForge,CAPTURE_OFF,1,World Flythrough,104.34,9.58,84.59,N/A,10248.41,N/A,0,0,0,0
1780871627220,NeoForge,CAPTURE_OFF,1,World Flythrough,112.05,8.92,84.59,N/A,10248.41,N/A,0,0,0,0
1780871627238,NeoForge,CAPTURE_OFF,1,World Flythrough,55.42,18.05,84.59,N/A,10248.41,N/A,0,0,0,0
1780871627257,NeoForge,CAPTURE_OFF,1,World Flythrough,55.06,18.16,84.59,N/A,10248.41,N/A,0,0,0,0
1780871627267,NeoForge,CAPTURE_OFF,1,World Flythrough,99.57,10.04,84.59,N/A,10248.41,N/A,0,0,0,0
1780871627281,NeoForge,CAPTURE_OFF,1,World Flythrough,71.16,14.05,84.59,N/A,10248.41,N/A,0,0,0,0
1780871627305,NeoForge,CAPTURE_OFF,1,World Flythrough,40.59,24.64,84.59,N/A,10248.41,N/A,0,0,0,0
1780871627315,NeoForge,CAPTURE_OFF,1,World Flythrough,99.68,10.03,84.59,N/A,10248.41,N/A,0,0,0,0
1780871627329,NeoForge,CAPTURE_OFF,1,World Flythrough,72.39,13.81,84.59,N/A,10248.41,N/A,0,0,0,0
1780871627352,NeoForge,CAPTURE_OFF,1,World Flythrough,43.19,23.15,84.59,N/A,10248.41,N/A,0,0,0,0
1780871627362,NeoForge,CAPTURE_OFF,1,World Flythrough,97.64,10.24,84.59,N/A,10248.41,N/A,0,0,0,0
1780871627380,NeoForge,CAPTURE_OFF,1,World Flythrough,56.88,17.58,84.59,N/A,10248.41,N/A,0,0,0,0
1780871627428,NeoForge,CAPTURE_OFF,1,World Flythrough,21.01,47.59,84.59,N/A,10248.41,N/A,0,0,0,0
1780871627437,NeoForge,CAPTURE_OFF,1,World Flythrough,109.84,9.10,84.59,N/A,10248.41,N/A,0,0,0,0
1780871627454,NeoForge,CAPTURE_OFF,1,World Flythrough,58.30,17.15,84.59,N/A,10248.41,N/A,0,0,0,0
1780871627462,NeoForge,CAPTURE_OFF,1,World Flythrough,112.16,8.92,84.59,N/A,10248.41,N/A,0,0,0,0
1780871627478,NeoForge,CAPTURE_OFF,1,World Flythrough,65.63,15.24,84.59,N/A,10248.41,N/A,0,0,0,0
1780871627503,NeoForge,CAPTURE_OFF,1,World Flythrough,39.93,25.04,84.59,N/A,10248.41,N/A,0,0,0,0
1780871627512,NeoForge,CAPTURE_OFF,1,World Flythrough,106.51,9.39,84.59,N/A,10248.41,N/A,0,0,0,0
1780871627528,NeoForge,CAPTURE_OFF,1,World Flythrough,63.21,15.82,84.59,N/A,10248.41,N/A,0,0,0,0
1780871627668,NeoForge,CAPTURE_OFF,1,World Flythrough,38.17,26.20,82.81,N/A,9441.61,N/A,0,0,0,0
1780871627688,NeoForge,CAPTURE_OFF,1,World Flythrough,7.46,134.12,82.81,N/A,9441.61,N/A,0,0,0,0
1780871627704,NeoForge,CAPTURE_OFF,1,World Flythrough,62.30,16.05,82.81,N/A,9441.61,N/A,0,0,0,0
1780871627714,NeoForge,CAPTURE_OFF,1,World Flythrough,104.37,9.58,82.81,N/A,9441.61,N/A,0,0,0,0
1780871627731,NeoForge,CAPTURE_OFF,1,World Flythrough,57.22,17.48,82.81,N/A,9441.61,N/A,0,0,0,0
1780871627754,NeoForge,CAPTURE_OFF,1,World Flythrough,43.57,22.95,82.81,N/A,9441.61,N/A,0,0,0,0
1780871627764,NeoForge,CAPTURE_OFF,1,World Flythrough,107.39,9.31,82.81,N/A,9441.61,N/A,0,0,0,0
1780871627780,NeoForge,CAPTURE_OFF,1,World Flythrough,63.69,15.70,82.81,N/A,9441.61,N/A,0,0,0,0
1780871627803,NeoForge,CAPTURE_OFF,1,World Flythrough,41.63,24.02,82.81,N/A,9441.61,N/A,0,0,0,0
1780871627813,NeoForge,CAPTURE_OFF,1,World Flythrough,106.50,9.39,82.81,N/A,9441.61,N/A,0,0,0,0
1780871627829,NeoForge,CAPTURE_OFF,1,World Flythrough,60.20,16.61,82.81,N/A,9441.61,N/A,0,0,0,0
1780871627851,NeoForge,CAPTURE_OFF,1,World Flythrough,46.83,21.35,82.81,N/A,9441.61,N/A,0,0,0,0
1780871627862,NeoForge,CAPTURE_OFF,1,World Flythrough,93.94,10.65,82.81,N/A,9441.61,N/A,0,0,0,0
1780871627879,NeoForge,CAPTURE_OFF,1,World Flythrough,58.03,17.23,82.81,N/A,9441.61,N/A,0,0,0,0
1780871627902,NeoForge,CAPTURE_OFF,1,World Flythrough,41.87,23.89,82.81,N/A,9441.61,N/A,0,0,0,0
1780871627913,NeoForge,CAPTURE_OFF,1,World Flythrough,100.67,9.93,82.81,N/A,9441.61,N/A,0,0,0,0
1780871627930,NeoForge,CAPTURE_OFF,1,World Flythrough,58.90,16.98,82.81,N/A,9441.61,N/A,0,0,0,0
1780871627951,NeoForge,CAPTURE_OFF,1,World Flythrough,46.72,21.41,82.81,N/A,9441.61,N/A,0,0,0,0
1780871627962,NeoForge,CAPTURE_OFF,1,World Flythrough,89.14,11.22,82.81,N/A,9441.61,N/A,0,0,0,0
1780871627980,NeoForge,CAPTURE_OFF,1,World Flythrough,57.10,17.51,82.81,N/A,9441.61,N/A,0,0,0,0
1780871628005,NeoForge,CAPTURE_OFF,1,World Flythrough,38.99,25.64,82.81,N/A,9441.61,N/A,0,0,0,0
1780871628015,NeoForge,CAPTURE_OFF,1,World Flythrough,99.68,10.03,82.81,N/A,9441.61,N/A,0,0,0,0
1780871628029,NeoForge,CAPTURE_OFF,1,World Flythrough,73.38,13.63,82.81,N/A,9441.61,N/A,0,0,0,0
1780871628050,NeoForge,CAPTURE_OFF,1,World Flythrough,46.47,21.52,82.81,N/A,9441.61,N/A,0,0,0,0
1780871628064,NeoForge,CAPTURE_OFF,1,World Flythrough,73.27,13.65,82.81,N/A,9441.61,N/A,0,0,0,0
1780871628081,NeoForge,CAPTURE_OFF,1,World Flythrough,59.86,16.71,82.81,N/A,9441.61,N/A,0,0,0,0
1780871628103,NeoForge,CAPTURE_OFF,1,World Flythrough,43.80,22.83,82.81,N/A,9441.61,N/A,0,0,0,0
1780871628112,NeoForge,CAPTURE_OFF,1,World Flythrough,108.98,9.18,82.81,N/A,9441.61,N/A,0,0,0,0
1780871628130,NeoForge,CAPTURE_OFF,1,World Flythrough,59.14,16.91,82.81,N/A,9441.61,N/A,0,0,0,0
1780871628153,NeoForge,CAPTURE_OFF,1,World Flythrough,42.38,23.60,82.81,N/A,9441.61,N/A,0,0,0,0
1780871628162,NeoForge,CAPTURE_OFF,1,World Flythrough,113.10,8.84,82.81,N/A,9441.61,N/A,0,0,0,0
1780871628181,NeoForge,CAPTURE_OFF,1,World Flythrough,55.05,18.17,82.81,N/A,9441.61,N/A,0,0,0,0
1780871628203,NeoForge,CAPTURE_OFF,1,World Flythrough,43.72,22.87,82.81,N/A,9441.61,N/A,0,0,0,0
1780871628213,NeoForge,CAPTURE_OFF,1,World Flythrough,96.63,10.35,82.81,N/A,9441.61,N/A,0,0,0,0
1780871628229,NeoForge,CAPTURE_OFF,1,World Flythrough,61.77,16.19,82.81,N/A,9441.61,N/A,0,0,0,0
1780871628251,NeoForge,CAPTURE_OFF,1,World Flythrough,46.36,21.57,82.81,N/A,9441.61,N/A,0,0,0,0
1780871628263,NeoForge,CAPTURE_OFF,1,World Flythrough,84.48,11.84,82.81,N/A,9441.61,N/A,0,0,0,0
1780871628281,NeoForge,CAPTURE_OFF,1,World Flythrough,57.86,17.28,82.81,N/A,9441.61,N/A,0,0,0,0
1780871628305,NeoForge,CAPTURE_OFF,1,World Flythrough,40.86,24.47,82.81,N/A,9441.61,N/A,0,0,0,0
1780871628315,NeoForge,CAPTURE_OFF,1,World Flythrough,96.79,10.33,82.81,N/A,9441.61,N/A,0,0,0,0
1780871628329,NeoForge,CAPTURE_OFF,1,World Flythrough,69.20,14.45,82.81,N/A,9441.61,N/A,0,0,0,0
1780871628352,NeoForge,CAPTURE_OFF,1,World Flythrough,44.86,22.29,82.81,N/A,9441.61,N/A,0,0,0,0
1780871628365,NeoForge,CAPTURE_OFF,1,World Flythrough,77.79,12.86,82.81,N/A,9441.61,N/A,0,0,0,0
1780871628381,NeoForge,CAPTURE_OFF,1,World Flythrough,64.13,15.59,82.81,N/A,9441.61,N/A,0,0,0,0
1780871628405,NeoForge,CAPTURE_OFF,1,World Flythrough,41.43,24.14,82.81,N/A,9441.61,N/A,0,0,0,0
1780871628414,NeoForge,CAPTURE_OFF,1,World Flythrough,102.04,9.80,82.81,N/A,9441.61,N/A,0,0,0,0
1780871628429,NeoForge,CAPTURE_OFF,1,World Flythrough,66.31,15.08,82.81,N/A,9441.61,N/A,0,0,0,0
1780871628451,NeoForge,CAPTURE_OFF,1,World Flythrough,45.60,21.93,82.81,N/A,9441.61,N/A,0,0,0,0
1780871628463,NeoForge,CAPTURE_OFF,1,World Flythrough,84.64,11.81,82.81,N/A,9441.61,N/A,0,0,0,0
1780871628481,NeoForge,CAPTURE_OFF,1,World Flythrough,57.48,17.40,82.81,N/A,9441.61,N/A,0,0,0,0
1780871628503,NeoForge,CAPTURE_OFF,1,World Flythrough,44.12,22.66,82.81,N/A,9441.61,N/A,0,0,0,0
1780871628513,NeoForge,CAPTURE_OFF,1,World Flythrough,102.38,9.77,82.81,N/A,9441.61,N/A,0,0,0,0
1780871628532,NeoForge,CAPTURE_OFF,1,World Flythrough,52.99,18.87,82.81,N/A,9441.61,N/A,0,0,0,0
1780871628552,NeoForge,CAPTURE_OFF,1,World Flythrough,48.44,20.64,82.81,N/A,9441.61,N/A,0,0,0,0
1780871628681,NeoForge,CAPTURE_OFF,1,World Flythrough,78.36,12.76,81.88,N/A,10671.54,N/A,0,0,0,0
1780871628716,NeoForge,CAPTURE_OFF,1,World Flythrough,6.65,150.37,81.88,N/A,10671.54,N/A,0,0,0,0
1780871628727,NeoForge,CAPTURE_OFF,1,World Flythrough,91.65,10.91,81.88,N/A,10671.54,N/A,0,0,0,0
1780871628738,NeoForge,CAPTURE_OFF,1,World Flythrough,87.60,11.42,81.88,N/A,10671.54,N/A,0,0,0,0
1780871628753,NeoForge,CAPTURE_OFF,1,World Flythrough,64.53,15.50,81.88,N/A,10671.54,N/A,0,0,0,0
1780871628764,NeoForge,CAPTURE_OFF,1,World Flythrough,89.50,11.17,81.88,N/A,10671.54,N/A,0,0,0,0
1780871628780,NeoForge,CAPTURE_OFF,1,World Flythrough,64.41,15.53,81.88,N/A,10671.54,N/A,0,0,0,0
1780871628803,NeoForge,CAPTURE_OFF,1,World Flythrough,43.08,23.21,81.88,N/A,10671.54,N/A,0,0,0,0
1780871628813,NeoForge,CAPTURE_OFF,1,World Flythrough,100.81,9.92,81.88,N/A,10671.54,N/A,0,0,0,0
1780871628832,NeoForge,CAPTURE_OFF,1,World Flythrough,52.70,18.97,81.88,N/A,10671.54,N/A,0,0,0,0
1780871628852,NeoForge,CAPTURE_OFF,1,World Flythrough,50.35,19.86,81.88,N/A,10671.54,N/A,0,0,0,0
1780871628863,NeoForge,CAPTURE_OFF,1,World Flythrough,84.49,11.84,81.88,N/A,10671.54,N/A,0,0,0,0
1780871628881,NeoForge,CAPTURE_OFF,1,World Flythrough,62.33,16.04,81.88,N/A,10671.54,N/A,0,0,0,0
1780871628904,NeoForge,CAPTURE_OFF,1,World Flythrough,41.70,23.98,81.88,N/A,10671.54,N/A,0,0,0,0
1780871628912,NeoForge,CAPTURE_OFF,1,World Flythrough,117.66,8.50,81.88,N/A,10671.54,N/A,0,0,0,0
1780871628930,NeoForge,CAPTURE_OFF,1,World Flythrough,56.98,17.55,81.88,N/A,10671.54,N/A,0,0,0,0
1780871628952,NeoForge,CAPTURE_OFF,1,World Flythrough,44.48,22.48,81.88,N/A,10671.54,N/A,0,0,0,0
1780871628963,NeoForge,CAPTURE_OFF,1,World Flythrough,97.27,10.28,81.88,N/A,10671.54,N/A,0,0,0,0
1780871628982,NeoForge,CAPTURE_OFF,1,World Flythrough,53.24,18.78,81.88,N/A,10671.54,N/A,0,0,0,0
1780871629003,NeoForge,CAPTURE_OFF,1,World Flythrough,46.50,21.50,81.88,N/A,10671.54,N/A,0,0,0,0
1780871629014,NeoForge,CAPTURE_OFF,1,World Flythrough,91.74,10.90,81.88,N/A,10671.54,N/A,0,0,0,0
1780871629031,NeoForge,CAPTURE_OFF,1,World Flythrough,57.19,17.49,81.88,N/A,10671.54,N/A,0,0,0,0
1780871629053,NeoForge,CAPTURE_OFF,1,World Flythrough,46.00,21.74,81.88,N/A,10671.54,N/A,0,0,0,0
1780871629080,NeoForge,CAPTURE_OFF,1,World Flythrough,37.93,26.36,81.88,N/A,10671.54,N/A,0,0,0,0
1780871629089,NeoForge,CAPTURE_OFF,1,World Flythrough,105.12,9.51,81.88,N/A,10671.54,N/A,0,0,0,0
1780871629106,NeoForge,CAPTURE_OFF,1,World Flythrough,60.92,16.42,81.88,N/A,10671.54,N/A,0,0,0,0
1780871629115,NeoForge,CAPTURE_OFF,1,World Flythrough,103.08,9.70,81.88,N/A,10671.54,N/A,0,0,0,0
1780871629131,NeoForge,CAPTURE_OFF,1,World Flythrough,65.18,15.34,81.88,N/A,10671.54,N/A,0,0,0,0
1780871629155,NeoForge,CAPTURE_OFF,1,World Flythrough,41.01,24.38,81.88,N/A,10671.54,N/A,0,0,0,0
1780871629167,NeoForge,CAPTURE_OFF,1,World Flythrough,83.23,12.01,81.88,N/A,10671.54,N/A,0,0,0,0
1780871629181,NeoForge,CAPTURE_OFF,1,World Flythrough,71.60,13.97,81.88,N/A,10671.54,N/A,0,0,0,0
1780871629202,NeoForge,CAPTURE_OFF,1,World Flythrough,45.77,21.85,81.88,N/A,10671.54,N/A,0,0,0,0
1780871629213,NeoForge,CAPTURE_OFF,1,World Flythrough,92.06,10.86,81.88,N/A,10671.54,N/A,0,0,0,0
1780871629231,NeoForge,CAPTURE_OFF,1,World Flythrough,58.10,17.21,81.88,N/A,10671.54,N/A,0,0,0,0
1780871629256,NeoForge,CAPTURE_OFF,1,World Flythrough,39.94,25.04,81.88,N/A,10671.54,N/A,0,0,0,0
1780871629266,NeoForge,CAPTURE_OFF,1,World Flythrough,96.69,10.34,81.88,N/A,10671.54,N/A,0,0,0,0
1780871629281,NeoForge,CAPTURE_OFF,1,World Flythrough,70.43,14.20,81.88,N/A,10671.54,N/A,0,0,0,0
1780871629333,NeoForge,CAPTURE_OFF,1,World Flythrough,18.94,52.79,81.88,N/A,10671.54,N/A,0,0,0,0
1780871629368,NeoForge,CAPTURE_OFF,1,World Flythrough,29.27,34.17,81.88,N/A,10671.54,N/A,0,0,0,0
1780871629377,NeoForge,CAPTURE_OFF,1,World Flythrough,105.42,9.49,81.88,N/A,10671.54,N/A,0,0,0,0
1780871629387,NeoForge,CAPTURE_OFF,1,World Flythrough,101.13,9.89,81.88,N/A,10671.54,N/A,0,0,0,0
1780871629402,NeoForge,CAPTURE_OFF,1,World Flythrough,63.27,15.81,81.88,N/A,10671.54,N/A,0,0,0,0
1780871629413,NeoForge,CAPTURE_OFF,1,World Flythrough,92.44,10.82,81.88,N/A,10671.54,N/A,0,0,0,0
1780871629430,NeoForge,CAPTURE_OFF,1,World Flythrough,58.95,16.96,81.88,N/A,10671.54,N/A,0,0,0,0
1780871629455,NeoForge,CAPTURE_OFF,1,World Flythrough,40.62,24.62,81.88,N/A,10671.54,N/A,0,0,0,0
1780871629464,NeoForge,CAPTURE_OFF,1,World Flythrough,107.33,9.32,81.88,N/A,10671.54,N/A,0,0,0,0
1780871629481,NeoForge,CAPTURE_OFF,1,World Flythrough,62.26,16.06,81.88,N/A,10671.54,N/A,0,0,0,0
1780871629503,NeoForge,CAPTURE_OFF,1,World Flythrough,42.58,23.49,81.88,N/A,10671.54,N/A,0,0,0,0
1780871629513,NeoForge,CAPTURE_OFF,1,World Flythrough,108.87,9.19,81.88,N/A,10671.54,N/A,0,0,0,0
1780871629531,NeoForge,CAPTURE_OFF,1,World Flythrough,52.27,19.13,81.88,N/A,10671.54,N/A,0,0,0,0
1780871629556,NeoForge,CAPTURE_OFF,1,World Flythrough,42.45,23.56,81.88,N/A,10671.54,N/A,0,0,0,0
1780871629687,NeoForge,CAPTURE_OFF,1,World Flythrough,87.42,11.44,90.01,N/A,9714.14,N/A,0,0,0,0
1780871629721,NeoForge,CAPTURE_OFF,1,World Flythrough,6.54,152.99,90.01,N/A,9714.14,N/A,0,0,0,0
1780871629730,NeoForge,CAPTURE_OFF,1,World Flythrough,105.51,9.48,90.01,N/A,9714.14,N/A,0,0,0,0
1780871629740,NeoForge,CAPTURE_OFF,1,World Flythrough,99.02,10.10,90.01,N/A,9714.14,N/A,0,0,0,0
1780871629755,NeoForge,CAPTURE_OFF,1,World Flythrough,65.56,15.25,90.01,N/A,9714.14,N/A,0,0,0,0
1780871629765,NeoForge,CAPTURE_OFF,1,World Flythrough,99.66,10.03,90.01,N/A,9714.14,N/A,0,0,0,0
1780871629782,NeoForge,CAPTURE_OFF,1,World Flythrough,56.76,17.62,90.01,N/A,9714.14,N/A,0,0,0,0
1780871629806,NeoForge,CAPTURE_OFF,1,World Flythrough,43.13,23.18,90.01,N/A,9714.14,N/A,0,0,0,0
1780871629816,NeoForge,CAPTURE_OFF,1,World Flythrough,101.83,9.82,90.01,N/A,9714.14,N/A,0,0,0,0
1780871629831,NeoForge,CAPTURE_OFF,1,World Flythrough,65.89,15.18,90.01,N/A,9714.14,N/A,0,0,0,0
1780871629854,NeoForge,CAPTURE_OFF,1,World Flythrough,42.14,23.73,90.01,N/A,9714.14,N/A,0,0,0,0
1780871629866,NeoForge,CAPTURE_OFF,1,World Flythrough,92.69,10.79,90.01,N/A,9714.14,N/A,0,0,0,0
1780871629882,NeoForge,CAPTURE_OFF,1,World Flythrough,58.54,17.08,90.01,N/A,9714.14,N/A,0,0,0,0
1780871629904,NeoForge,CAPTURE_OFF,1,World Flythrough,45.38,22.03,90.01,N/A,9714.14,N/A,0,0,0,0
1780871629931,NeoForge,CAPTURE_OFF,1,World Flythrough,37.56,26.63,90.01,N/A,9714.14,N/A,0,0,0,0
1780871629941,NeoForge,CAPTURE_OFF,1,World Flythrough,103.91,9.62,90.01,N/A,9714.14,N/A,0,0,0,0
1780871629956,NeoForge,CAPTURE_OFF,1,World Flythrough,66.13,15.12,90.01,N/A,9714.14,N/A,0,0,0,0
1780871629965,NeoForge,CAPTURE_OFF,1,World Flythrough,109.74,9.11,90.01,N/A,9714.14,N/A,0,0,0,0
1780871630013,NeoForge,CAPTURE_OFF,1,World Flythrough,20.75,48.19,90.01,N/A,9714.14,N/A,0,0,0,0
1780871630023,NeoForge,CAPTURE_OFF,1,World Flythrough,95.80,10.44,90.01,N/A,9714.14,N/A,0,0,0,0
1780871630037,NeoForge,CAPTURE_OFF,1,World Flythrough,76.81,13.02,90.01,N/A,9714.14,N/A,0,0,0,0
1780871630056,NeoForge,CAPTURE_OFF,1,World Flythrough,49.93,20.03,90.01,N/A,9714.14,N/A,0,0,0,0
1780871630069,NeoForge,CAPTURE_OFF,1,World Flythrough,81.09,12.33,90.01,N/A,9714.14,N/A,0,0,0,0
1780871630082,NeoForge,CAPTURE_OFF,1,World Flythrough,80.94,12.35,90.01,N/A,9714.14,N/A,0,0,0,0
1780871630106,NeoForge,CAPTURE_OFF,1,World Flythrough,41.31,24.21,90.01,N/A,9714.14,N/A,0,0,0,0
1780871630116,NeoForge,CAPTURE_OFF,1,World Flythrough,100.93,9.91,90.01,N/A,9714.14,N/A,0,0,0,0
1780871630132,NeoForge,CAPTURE_OFF,1,World Flythrough,61.40,16.29,90.01,N/A,9714.14,N/A,0,0,0,0
1780871630157,NeoForge,CAPTURE_OFF,1,World Flythrough,40.30,24.81,90.01,N/A,9714.14,N/A,0,0,0,0
1780871630168,NeoForge,CAPTURE_OFF,1,World Flythrough,86.38,11.58,90.01,N/A,9714.14,N/A,0,0,0,0
1780871630181,NeoForge,CAPTURE_OFF,1,World Flythrough,75.50,13.25,90.01,N/A,9714.14,N/A,0,0,0,0
1780871630208,NeoForge,CAPTURE_OFF,1,World Flythrough,38.28,26.12,90.01,N/A,9714.14,N/A,0,0,0,0
1780871630218,NeoForge,CAPTURE_OFF,1,World Flythrough,96.25,10.39,90.01,N/A,9714.14,N/A,0,0,0,0
1780871630231,NeoForge,CAPTURE_OFF,1,World Flythrough,76.68,13.04,90.01,N/A,9714.14,N/A,0,0,0,0
1780871630254,NeoForge,CAPTURE_OFF,1,World Flythrough,43.93,22.76,90.01,N/A,9714.14,N/A,0,0,0,0
1780871630266,NeoForge,CAPTURE_OFF,1,World Flythrough,83.48,11.98,90.01,N/A,9714.14,N/A,0,0,0,0
1780871630283,NeoForge,CAPTURE_OFF,1,World Flythrough,56.14,17.81,90.01,N/A,9714.14,N/A,0,0,0,0
1780871630307,NeoForge,CAPTURE_OFF,1,World Flythrough,43.59,22.94,90.01,N/A,9714.14,N/A,0,0,0,0
1780871630316,NeoForge,CAPTURE_OFF,1,World Flythrough,107.63,9.29,90.01,N/A,9714.14,N/A,0,0,0,0
1780871630332,NeoForge,CAPTURE_OFF,1,World Flythrough,60.01,16.66,90.01,N/A,9714.14,N/A,0,0,0,0
1780871630354,NeoForge,CAPTURE_OFF,1,World Flythrough,45.82,21.82,90.01,N/A,9714.14,N/A,0,0,0,0
1780871630365,NeoForge,CAPTURE_OFF,1,World Flythrough,91.28,10.96,90.01,N/A,9714.14,N/A,0,0,0,0
1780871630382,NeoForge,CAPTURE_OFF,1,World Flythrough,61.30,16.31,90.01,N/A,9714.14,N/A,0,0,0,0
1780871630406,NeoForge,CAPTURE_OFF,1,World Flythrough,41.57,24.05,90.01,N/A,9714.14,N/A,0,0,0,0
1780871630416,NeoForge,CAPTURE_OFF,1,World Flythrough,94.11,10.63,90.01,N/A,9714.14,N/A,0,0,0,0
1780871630436,NeoForge,CAPTURE_OFF,1,World Flythrough,51.87,19.28,90.01,N/A,9714.14,N/A,0,0,0,0
1780871630455,NeoForge,CAPTURE_OFF,1,World Flythrough,51.35,19.48,90.01,N/A,9714.14,N/A,0,0,0,0
1780871630482,NeoForge,CAPTURE_OFF,1,World Flythrough,37.59,26.61,90.01,N/A,9714.14,N/A,0,0,0,0
1780871630492,NeoForge,CAPTURE_OFF,1,World Flythrough,89.02,11.23,90.01,N/A,9714.14,N/A,0,0,0,0
1780871630512,NeoForge,CAPTURE_OFF,1,World Flythrough,53.15,18.82,90.01,N/A,9714.14,N/A,0,0,0,0
1780871630523,NeoForge,CAPTURE_OFF,1,World Flythrough,86.98,11.50,90.01,N/A,9714.14,N/A,0,0,0,0
1780871630532,NeoForge,CAPTURE_OFF,1,World Flythrough,106.77,9.37,90.01,N/A,9714.14,N/A,0,0,0,0
1780871630558,NeoForge,CAPTURE_OFF,1,World Flythrough,39.69,25.20,90.01,N/A,9714.14,N/A,0,0,0,0
1780871630924,NeoForge,CAPTURE_OFF,1,World Flythrough,95.06,10.52,86.17,N/A,10840.63,N/A,0,0,0,0
1780871631008,NeoForge,CAPTURE_OFF,1,World Flythrough,2.27,439.65,86.17,N/A,10840.63,N/A,0,0,0,0
1780871631034,NeoForge,CAPTURE_OFF,1,World Flythrough,38.28,26.13,86.17,N/A,10840.63,N/A,0,0,0,0
1780871631050,NeoForge,CAPTURE_OFF,1,World Flythrough,61.55,16.25,86.17,N/A,10840.63,N/A,0,0,0,0
1780871631061,NeoForge,CAPTURE_OFF,1,World Flythrough,99.38,10.06,86.17,N/A,10840.63,N/A,0,0,0,0
1780871631070,NeoForge,CAPTURE_OFF,1,World Flythrough,102.37,9.77,86.17,N/A,10840.63,N/A,0,0,0,0
1780871631083,NeoForge,CAPTURE_OFF,1,World Flythrough,73.02,13.70,86.17,N/A,10840.63,N/A,0,0,0,0
1780871631107,NeoForge,CAPTURE_OFF,1,World Flythrough,42.97,23.27,86.17,N/A,10840.63,N/A,0,0,0,0
1780871631117,NeoForge,CAPTURE_OFF,1,World Flythrough,102.82,9.73,86.17,N/A,10840.63,N/A,0,0,0,0
1780871631132,NeoForge,CAPTURE_OFF,1,World Flythrough,62.34,16.04,86.17,N/A,10840.63,N/A,0,0,0,0
1780871631156,NeoForge,CAPTURE_OFF,1,World Flythrough,43.15,23.17,86.17,N/A,10840.63,N/A,0,0,0,0
1780871631166,NeoForge,CAPTURE_OFF,1,World Flythrough,103.68,9.65,86.17,N/A,10840.63,N/A,0,0,0,0
1780871631182,NeoForge,CAPTURE_OFF,1,World Flythrough,57.53,17.38,86.17,N/A,10840.63,N/A,0,0,0,0
1780871631205,NeoForge,CAPTURE_OFF,1,World Flythrough,44.24,22.60,86.17,N/A,10840.63,N/A,0,0,0,0
1780871631215,NeoForge,CAPTURE_OFF,1,World Flythrough,98.85,10.12,86.17,N/A,10840.63,N/A,0,0,0,0
1780871631234,NeoForge,CAPTURE_OFF,1,World Flythrough,54.29,18.42,86.17,N/A,10840.63,N/A,0,0,0,0
1780871631256,NeoForge,CAPTURE_OFF,1,World Flythrough,46.08,21.70,86.17,N/A,10840.63,N/A,0,0,0,0
1780871631266,NeoForge,CAPTURE_OFF,1,World Flythrough,93.04,10.75,86.17,N/A,10840.63,N/A,0,0,0,0
1780871631282,NeoForge,CAPTURE_OFF,1,World Flythrough,62.33,16.04,86.17,N/A,10840.63,N/A,0,0,0,0
1780871631305,NeoForge,CAPTURE_OFF,1,World Flythrough,43.64,22.91,86.17,N/A,10840.63,N/A,0,0,0,0
1780871631317,NeoForge,CAPTURE_OFF,1,World Flythrough,87.34,11.45,86.17,N/A,10840.63,N/A,0,0,0,0
1780871631334,NeoForge,CAPTURE_OFF,1,World Flythrough,59.42,16.83,86.17,N/A,10840.63,N/A,0,0,0,0
1780871631355,NeoForge,CAPTURE_OFF,1,World Flythrough,47.70,20.96,86.17,N/A,10840.63,N/A,0,0,0,0
1780871631368,NeoForge,CAPTURE_OFF,1,World Flythrough,77.96,12.83,86.17,N/A,10840.63,N/A,0,0,0,0
1780871631383,NeoForge,CAPTURE_OFF,1,World Flythrough,63.44,15.76,86.17,N/A,10840.63,N/A,0,0,0,0
1780871631404,NeoForge,CAPTURE_OFF,1,World Flythrough,47.17,21.20,86.17,N/A,10840.63,N/A,0,0,0,0
1780871631415,NeoForge,CAPTURE_OFF,1,World Flythrough,93.48,10.70,86.17,N/A,10840.63,N/A,0,0,0,0
1780871631432,NeoForge,CAPTURE_OFF,1,World Flythrough,56.94,17.56,86.17,N/A,10840.63,N/A,0,0,0,0
1780871631456,NeoForge,CAPTURE_OFF,1,World Flythrough,43.10,23.20,86.17,N/A,10840.63,N/A,0,0,0,0
1780871631466,NeoForge,CAPTURE_OFF,1,World Flythrough,103.79,9.63,86.17,N/A,10840.63,N/A,0,0,0,0
1780871631484,NeoForge,CAPTURE_OFF,1,World Flythrough,55.13,18.14,86.17,N/A,10840.63,N/A,0,0,0,0
1780871631507,NeoForge,CAPTURE_OFF,1,World Flythrough,43.59,22.94,86.17,N/A,10840.63,N/A,0,0,0,0
1780871631517,NeoForge,CAPTURE_OFF,1,World Flythrough,103.90,9.62,86.17,N/A,10840.63,N/A,0,0,0,0
1780871631532,NeoForge,CAPTURE_OFF,1,World Flythrough,61.79,16.18,86.17,N/A,10840.63,N/A,0,0,0,0
1780871631554,NeoForge,CAPTURE_OFF,1,World Flythrough,45.40,22.03,86.17,N/A,10840.63,N/A,0,0,0,0
1780871631566,NeoForge,CAPTURE_OFF,1,World Flythrough,92.70,10.79,86.17,N/A,10840.63,N/A,0,0,0,0
1780871631862,NeoForge,CAPTURE_OFF,1,World Flythrough,54.94,18.20,87.87,N/A,10626.23,N/A,0,0,0,0
1780871631907,NeoForge,CAPTURE_OFF,1,World Flythrough,3.09,323.13,87.87,N/A,10626.23,N/A,0,0,0,0
1780871631922,NeoForge,CAPTURE_OFF,1,World Flythrough,64.24,15.57,87.87,N/A,10626.23,N/A,0,0,0,0
1780871631932,NeoForge,CAPTURE_OFF,1,World Flythrough,108.21,9.24,87.87,N/A,10626.23,N/A,0,0,0,0
1780871631942,NeoForge,CAPTURE_OFF,1,World Flythrough,100.47,9.95,87.87,N/A,10626.23,N/A,0,0,0,0
1780871631957,NeoForge,CAPTURE_OFF,1,World Flythrough,65.37,15.30,87.87,N/A,10626.23,N/A,0,0,0,0
1780871631967,NeoForge,CAPTURE_OFF,1,World Flythrough,97.40,10.27,87.87,N/A,10626.23,N/A,0,0,0,0
1780871631983,NeoForge,CAPTURE_OFF,1,World Flythrough,60.76,16.46,87.87,N/A,10626.23,N/A,0,0,0,0
1780871632007,NeoForge,CAPTURE_OFF,1,World Flythrough,43.10,23.20,87.87,N/A,10626.23,N/A,0,0,0,0
1780871632018,NeoForge,CAPTURE_OFF,1,World Flythrough,91.36,10.95,87.87,N/A,10626.23,N/A,0,0,0,0
1780871632033,NeoForge,CAPTURE_OFF,1,World Flythrough,61.31,16.31,87.87,N/A,10626.23,N/A,0,0,0,0
1780871632067,NeoForge,CAPTURE_OFF,1,World Flythrough,30.00,33.33,87.87,N/A,10626.23,N/A,0,0,0,0
1780871632077,NeoForge,CAPTURE_OFF,1,World Flythrough,102.70,9.74,87.87,N/A,10626.23,N/A,0,0,0,0
1780871632088,NeoForge,CAPTURE_OFF,1,World Flythrough,94.18,10.62,87.87,N/A,10626.23,N/A,0,0,0,0
1780871632107,NeoForge,CAPTURE_OFF,1,World Flythrough,50.52,19.80,87.87,N/A,10626.23,N/A,0,0,0,0
1780871632117,NeoForge,CAPTURE_OFF,1,World Flythrough,108.55,9.21,87.87,N/A,10626.23,N/A,0,0,0,0
1780871632133,NeoForge,CAPTURE_OFF,1,World Flythrough,56.00,17.86,87.87,N/A,10626.23,N/A,0,0,0,0
1780871632157,NeoForge,CAPTURE_OFF,1,World Flythrough,44.39,22.53,87.87,N/A,10626.23,N/A,0,0,0,0
1780871632167,NeoForge,CAPTURE_OFF,1,World Flythrough,101.22,9.88,87.87,N/A,10626.23,N/A,0,0,0,0
1780871632184,NeoForge,CAPTURE_OFF,1,World Flythrough,56.66,17.65,87.87,N/A,10626.23,N/A,0,0,0,0
1780871632207,NeoForge,CAPTURE_OFF,1,World Flythrough,45.67,21.90,87.87,N/A,10626.23,N/A,0,0,0,0
1780871632218,NeoForge,CAPTURE_OFF,1,World Flythrough,90.02,11.11,87.87,N/A,10626.23,N/A,0,0,0,0
1780871632233,NeoForge,CAPTURE_OFF,1,World Flythrough,63.38,15.78,87.87,N/A,10626.23,N/A,0,0,0,0
1780871632257,NeoForge,CAPTURE_OFF,1,World Flythrough,42.12,23.74,87.87,N/A,10626.23,N/A,0,0,0,0
1780871632268,NeoForge,CAPTURE_OFF,1,World Flythrough,96.40,10.37,87.87,N/A,10626.23,N/A,0,0,0,0
1780871632283,NeoForge,CAPTURE_OFF,1,World Flythrough,62.50,16.00,87.87,N/A,10626.23,N/A,0,0,0,0
1780871632306,NeoForge,CAPTURE_OFF,1,World Flythrough,44.15,22.65,87.87,N/A,10626.23,N/A,0,0,0,0
1780871632317,NeoForge,CAPTURE_OFF,1,World Flythrough,94.61,10.57,87.87,N/A,10626.23,N/A,0,0,0,0
1780871632334,NeoForge,CAPTURE_OFF,1,World Flythrough,57.91,17.27,87.87,N/A,10626.23,N/A,0,0,0,0
1780871632357,NeoForge,CAPTURE_OFF,1,World Flythrough,43.69,22.89,87.87,N/A,10626.23,N/A,0,0,0,0
1780871632383,NeoForge,CAPTURE_OFF,1,World Flythrough,37.70,26.52,87.87,N/A,10626.23,N/A,0,0,0,0
1780871632399,NeoForge,CAPTURE_OFF,1,World Flythrough,63.05,15.86,87.87,N/A,10626.23,N/A,0,0,0,0
1780871632409,NeoForge,CAPTURE_OFF,1,World Flythrough,97.55,10.25,87.87,N/A,10626.23,N/A,0,0,0,0
1780871632420,NeoForge,CAPTURE_OFF,1,World Flythrough,92.71,10.79,87.87,N/A,10626.23,N/A,0,0,0,0
1780871632434,NeoForge,CAPTURE_OFF,1,World Flythrough,70.90,14.10,87.87,N/A,10626.23,N/A,0,0,0,0
1780871632459,NeoForge,CAPTURE_OFF,1,World Flythrough,40.77,24.53,87.87,N/A,10626.23,N/A,0,0,0,0
1780871632470,NeoForge,CAPTURE_OFF,1,World Flythrough,94.41,10.59,87.87,N/A,10626.23,N/A,0,0,0,0
1780871632484,NeoForge,CAPTURE_OFF,1,World Flythrough,67.37,14.84,87.87,N/A,10626.23,N/A,0,0,0,0
1780871632507,NeoForge,CAPTURE_OFF,1,World Flythrough,44.07,22.69,87.87,N/A,10626.23,N/A,0,0,0,0
1780871632517,NeoForge,CAPTURE_OFF,1,World Flythrough,97.22,10.29,87.87,N/A,10626.23,N/A,0,0,0,0
1780871632535,NeoForge,CAPTURE_OFF,1,World Flythrough,56.68,17.64,87.87,N/A,10626.23,N/A,0,0,0,0
1780871632556,NeoForge,CAPTURE_OFF,1,World Flythrough,46.22,21.64,87.87,N/A,10626.23,N/A,0,0,0,0
1780871632569,NeoForge,CAPTURE_OFF,1,World Flythrough,82.13,12.18,87.87,N/A,10626.23,N/A,0,0,0,0
1780871632717,NeoForge,CAPTURE_OFF,1,World Flythrough,60.70,16.47,83.98,N/A,11407.16,N/A,0,0,0,0
1780871632754,NeoForge,CAPTURE_OFF,1,World Flythrough,5.91,169.16,83.98,N/A,11407.16,N/A,0,0,0,0
1780871632770,NeoForge,CAPTURE_OFF,1,World Flythrough,64.22,15.57,83.98,N/A,11407.16,N/A,0,0,0,0
1780871632781,NeoForge,CAPTURE_OFF,1,World Flythrough,89.92,11.12,83.98,N/A,11407.16,N/A,0,0,0,0
1780871632791,NeoForge,CAPTURE_OFF,1,World Flythrough,99.25,10.08,83.98,N/A,11407.16,N/A,0,0,0,0
1780871632810,NeoForge,CAPTURE_OFF,1,World Flythrough,53.06,18.85,83.98,N/A,11407.16,N/A,0,0,0,0
1780871632820,NeoForge,CAPTURE_OFF,1,World Flythrough,95.39,10.48,83.98,N/A,11407.16,N/A,0,0,0,0
1780871632836,NeoForge,CAPTURE_OFF,1,World Flythrough,63.18,15.83,83.98,N/A,11407.16,N/A,0,0,0,0
1780871632857,NeoForge,CAPTURE_OFF,1,World Flythrough,49.17,20.34,83.98,N/A,11407.16,N/A,0,0,0,0
1780871632869,NeoForge,CAPTURE_OFF,1,World Flythrough,79.68,12.55,83.98,N/A,11407.16,N/A,0,0,0,0
1780871632887,NeoForge,CAPTURE_OFF,1,World Flythrough,56.67,17.64,83.98,N/A,11407.16,N/A,0,0,0,0
1780871632910,NeoForge,CAPTURE_OFF,1,World Flythrough,43.74,22.86,83.98,N/A,11407.16,N/A,0,0,0,0
1780871632921,NeoForge,CAPTURE_OFF,1,World Flythrough,90.15,11.09,83.98,N/A,11407.16,N/A,0,0,0,0
1780871632934,NeoForge,CAPTURE_OFF,1,World Flythrough,72.10,13.87,83.98,N/A,11407.16,N/A,0,0,0,0
1780871632956,NeoForge,CAPTURE_OFF,1,World Flythrough,45.48,21.99,83.98,N/A,11407.16,N/A,0,0,0,0
1780871632968,NeoForge,CAPTURE_OFF,1,World Flythrough,89.78,11.14,83.98,N/A,11407.16,N/A,0,0,0,0
1780871632985,NeoForge,CAPTURE_OFF,1,World Flythrough,57.65,17.35,83.98,N/A,11407.16,N/A,0,0,0,0
1780871633008,NeoForge,CAPTURE_OFF,1,World Flythrough,44.29,22.58,83.98,N/A,11407.16,N/A,0,0,0,0
1780871633018,NeoForge,CAPTURE_OFF,1,World Flythrough,99.26,10.07,83.98,N/A,11407.16,N/A,0,0,0,0
1780871633035,NeoForge,CAPTURE_OFF,1,World Flythrough,58.05,17.23,83.98,N/A,11407.16,N/A,0,0,0,0
1780871633055,NeoForge,CAPTURE_OFF,1,World Flythrough,49.80,20.08,83.98,N/A,11407.16,N/A,0,0,0,0
1780871633068,NeoForge,CAPTURE_OFF,1,World Flythrough,75.59,13.23,83.98,N/A,11407.16,N/A,0,0,0,0
1780871633086,NeoForge,CAPTURE_OFF,1,World Flythrough,57.51,17.39,83.98,N/A,11407.16,N/A,0,0,0,0
1780871633109,NeoForge,CAPTURE_OFF,1,World Flythrough,43.40,23.04,83.98,N/A,11407.16,N/A,0,0,0,0
1780871633120,NeoForge,CAPTURE_OFF,1,World Flythrough,91.88,10.88,83.98,N/A,11407.16,N/A,0,0,0,0
1780871633136,NeoForge,CAPTURE_OFF,1,World Flythrough,61.23,16.33,83.98,N/A,11407.16,N/A,0,0,0,0
1780871633159,NeoForge,CAPTURE_OFF,1,World Flythrough,43.81,22.83,83.98,N/A,11407.16,N/A,0,0,0,0
1780871633169,NeoForge,CAPTURE_OFF,1,World Flythrough,104.97,9.53,83.98,N/A,11407.16,N/A,0,0,0,0
1780871633185,NeoForge,CAPTURE_OFF,1,World Flythrough,59.60,16.78,83.98,N/A,11407.16,N/A,0,0,0,0
1780871633211,NeoForge,CAPTURE_OFF,1,World Flythrough,39.72,25.17,83.98,N/A,11407.16,N/A,0,0,0,0
1780871633221,NeoForge,CAPTURE_OFF,1,World Flythrough,98.50,10.15,83.98,N/A,11407.16,N/A,0,0,0,0
1780871633236,NeoForge,CAPTURE_OFF,1,World Flythrough,63.90,15.65,83.98,N/A,11407.16,N/A,0,0,0,0
1780871633257,NeoForge,CAPTURE_OFF,1,World Flythrough,48.89,20.46,83.98,N/A,11407.16,N/A,0,0,0,0
1780871633269,NeoForge,CAPTURE_OFF,1,World Flythrough,82.70,12.09,83.98,N/A,11407.16,N/A,0,0,0,0
1780871633284,NeoForge,CAPTURE_OFF,1,World Flythrough,63.57,15.73,83.98,N/A,11407.16,N/A,0,0,0,0
1780871633310,NeoForge,CAPTURE_OFF,1,World Flythrough,39.36,25.40,83.98,N/A,11407.16,N/A,0,0,0,0
1780871633324,NeoForge,CAPTURE_OFF,1,World Flythrough,68.09,14.69,83.98,N/A,11407.16,N/A,0,0,0,0
1780871633335,NeoForge,CAPTURE_OFF,1,World Flythrough,91.95,10.88,83.98,N/A,11407.16,N/A,0,0,0,0
1780871633360,NeoForge,CAPTURE_OFF,1,World Flythrough,41.18,24.28,83.98,N/A,11407.16,N/A,0,0,0,0
1780871633370,NeoForge,CAPTURE_OFF,1,World Flythrough,97.34,10.27,83.98,N/A,11407.16,N/A,0,0,0,0
1780871633387,NeoForge,CAPTURE_OFF,1,World Flythrough,58.41,17.12,83.98,N/A,11407.16,N/A,0,0,0,0
1780871633409,NeoForge,CAPTURE_OFF,1,World Flythrough,44.97,22.24,83.98,N/A,11407.16,N/A,0,0,0,0
1780871633421,NeoForge,CAPTURE_OFF,1,World Flythrough,85.70,11.67,83.98,N/A,11407.16,N/A,0,0,0,0
1780871633439,NeoForge,CAPTURE_OFF,1,World Flythrough,57.12,17.51,83.98,N/A,11407.16,N/A,0,0,0,0
1780871633458,NeoForge,CAPTURE_OFF,1,World Flythrough,52.04,19.21,83.98,N/A,11407.16,N/A,0,0,0,0
1780871633470,NeoForge,CAPTURE_OFF,1,World Flythrough,84.59,11.82,83.98,N/A,11407.16,N/A,0,0,0,0
1780871633486,NeoForge,CAPTURE_OFF,1,World Flythrough,61.70,16.21,83.98,N/A,11407.16,N/A,0,0,0,0
1780871633510,NeoForge,CAPTURE_OFF,1,World Flythrough,41.61,24.03,83.98,N/A,11407.16,N/A,0,0,0,0
1780871633520,NeoForge,CAPTURE_OFF,1,World Flythrough,91.13,10.97,83.98,N/A,11407.16,N/A,0,0,0,0
1780871633535,NeoForge,CAPTURE_OFF,1,World Flythrough,66.57,15.02,83.98,N/A,11407.16,N/A,0,0,0,0
1780871633561,NeoForge,CAPTURE_OFF,1,World Flythrough,39.50,25.31,83.98,N/A,11407.16,N/A,0,0,0,0
1780871633572,NeoForge,CAPTURE_OFF,1,World Flythrough,93.40,10.71,83.98,N/A,11407.16,N/A,0,0,0,0
1780871633585,NeoForge,CAPTURE_OFF,1,World Flythrough,74.19,13.48,83.98,N/A,11407.16,N/A,0,0,0,0
1780871633749,NeoForge,CAPTURE_OFF,1,World Flythrough,44.51,22.47,77.32,N/A,9954.41,N/A,0,0,0,0
1780871633786,NeoForge,CAPTURE_OFF,1,World Flythrough,5.60,178.61,77.32,N/A,9954.41,N/A,0,0,0,0
1780871633810,NeoForge,CAPTURE_OFF,1,World Flythrough,42.37,23.60,77.32,N/A,9954.41,N/A,0,0,0,0
1780871633821,NeoForge,CAPTURE_OFF,1,World Flythrough,85.34,11.72,77.32,N/A,9954.41,N/A,0,0,0,0
1780871633839,NeoForge,CAPTURE_OFF,1,World Flythrough,58.07,17.22,77.32,N/A,9954.41,N/A,0,0,0,0
1780871633860,NeoForge,CAPTURE_OFF,1,World Flythrough,47.61,21.00,77.32,N/A,9954.41,N/A,0,0,0,0
1780871633869,NeoForge,CAPTURE_OFF,1,World Flythrough,103.93,9.62,77.32,N/A,9954.41,N/A,0,0,0,0
1780871633887,NeoForge,CAPTURE_OFF,1,World Flythrough,56.76,17.62,77.32,N/A,9954.41,N/A,0,0,0,0
1780871633914,NeoForge,CAPTURE_OFF,1,World Flythrough,37.79,26.46,77.32,N/A,9954.41,N/A,0,0,0,0
1780871633923,NeoForge,CAPTURE_OFF,1,World Flythrough,98.86,10.12,77.32,N/A,9954.41,N/A,0,0,0,0
1780871633937,NeoForge,CAPTURE_OFF,1,World Flythrough,75.09,13.32,77.32,N/A,9954.41,N/A,0,0,0,0
1780871633961,NeoForge,CAPTURE_OFF,1,World Flythrough,41.82,23.91,77.32,N/A,9954.41,N/A,0,0,0,0
1780871633972,NeoForge,CAPTURE_OFF,1,World Flythrough,83.19,12.02,77.32,N/A,9954.41,N/A,0,0,0,0
1780871633988,NeoForge,CAPTURE_OFF,1,World Flythrough,65.76,15.21,77.32,N/A,9954.41,N/A,0,0,0,0
1780871634010,NeoForge,CAPTURE_OFF,1,World Flythrough,45.88,21.80,77.32,N/A,9954.41,N/A,0,0,0,0
1780871634022,NeoForge,CAPTURE_OFF,1,World Flythrough,79.10,12.64,77.32,N/A,9954.41,N/A,0,0,0,0
1780871634038,NeoForge,CAPTURE_OFF,1,World Flythrough,64.99,15.39,77.32,N/A,9954.41,N/A,0,0,0,0
1780871634060,NeoForge,CAPTURE_OFF,1,World Flythrough,45.95,21.76,77.32,N/A,9954.41,N/A,0,0,0,0
1780871634071,NeoForge,CAPTURE_OFF,1,World Flythrough,90.22,11.08,77.32,N/A,9954.41,N/A,0,0,0,0
1780871634088,NeoForge,CAPTURE_OFF,1,World Flythrough,60.03,16.66,77.32,N/A,9954.41,N/A,0,0,0,0
1780871634112,NeoForge,CAPTURE_OFF,1,World Flythrough,39.24,25.48,77.32,N/A,9954.41,N/A,0,0,0,0
1780871634126,NeoForge,CAPTURE_OFF,1,World Flythrough,73.57,13.59,77.32,N/A,9954.41,N/A,0,0,0,0
1780871634139,NeoForge,CAPTURE_OFF,1,World Flythrough,77.35,12.93,77.32,N/A,9954.41,N/A,0,0,0,0
1780871634161,NeoForge,CAPTURE_OFF,1,World Flythrough,47.82,20.91,77.32,N/A,9954.41,N/A,0,0,0,0
1780871634171,NeoForge,CAPTURE_OFF,1,World Flythrough,95.60,10.46,77.32,N/A,9954.41,N/A,0,0,0,0
1780871634187,NeoForge,CAPTURE_OFF,1,World Flythrough,63.92,15.64,77.32,N/A,9954.41,N/A,0,0,0,0
1780871634211,NeoForge,CAPTURE_OFF,1,World Flythrough,40.70,24.57,77.32,N/A,9954.41,N/A,0,0,0,0
1780871634222,NeoForge,CAPTURE_OFF,1,World Flythrough,94.52,10.58,77.32,N/A,9954.41,N/A,0,0,0,0
1780871634236,NeoForge,CAPTURE_OFF,1,World Flythrough,66.76,14.98,77.32,N/A,9954.41,N/A,0,0,0,0
1780871634259,NeoForge,CAPTURE_OFF,1,World Flythrough,44.26,22.59,77.32,N/A,9954.41,N/A,0,0,0,0
1780871634270,NeoForge,CAPTURE_OFF,1,World Flythrough,90.34,11.07,77.32,N/A,9954.41,N/A,0,0,0,0
1780871634286,NeoForge,CAPTURE_OFF,1,World Flythrough,61.29,16.32,77.32,N/A,9954.41,N/A,0,0,0,0
1780871634310,NeoForge,CAPTURE_OFF,1,World Flythrough,41.72,23.97,77.32,N/A,9954.41,N/A,0,0,0,0
1780871634321,NeoForge,CAPTURE_OFF,1,World Flythrough,95.52,10.47,77.32,N/A,9954.41,N/A,0,0,0,0
1780871634337,NeoForge,CAPTURE_OFF,1,World Flythrough,64.38,15.53,77.32,N/A,9954.41,N/A,0,0,0,0
1780871634359,NeoForge,CAPTURE_OFF,1,World Flythrough,45.31,22.07,77.32,N/A,9954.41,N/A,0,0,0,0
1780871634388,NeoForge,CAPTURE_OFF,1,World Flythrough,34.84,28.70,77.32,N/A,9954.41,N/A,0,0,0,0
1780871634403,NeoForge,CAPTURE_OFF,1,World Flythrough,60.87,16.43,77.32,N/A,9954.41,N/A,0,0,0,0
1780871634414,NeoForge,CAPTURE_OFF,1,World Flythrough,98.43,10.16,77.32,N/A,9954.41,N/A,0,0,0,0
1780871634423,NeoForge,CAPTURE_OFF,1,World Flythrough,101.52,9.85,77.32,N/A,9954.41,N/A,0,0,0,0
1780871639585,NeoForge,CAPTURE_ON,1,World Flythrough,65.19,15.34,72.50,N/A,11294.43,N/A,0,0,0,0
1780871639621,NeoForge,CAPTURE_ON,1,World Flythrough,5.54,180.39,72.50,N/A,11294.43,N/A,0,0,0,0
1780871639631,NeoForge,CAPTURE_ON,1,World Flythrough,97.81,10.22,72.50,N/A,11294.43,N/A,0,0,0,0
1780871639641,NeoForge,CAPTURE_ON,1,World Flythrough,104.61,9.56,72.50,N/A,11294.43,N/A,0,0,0,0
1780871639665,NeoForge,CAPTURE_ON,1,World Flythrough,41.97,23.82,72.50,N/A,11294.43,N/A,0,0,0,0
1780871639675,NeoForge,CAPTURE_ON,1,World Flythrough,99.06,10.10,72.50,N/A,11294.43,N/A,0,0,0,0
1780871639693,NeoForge,CAPTURE_ON,1,World Flythrough,54.25,18.43,72.50,N/A,11294.43,N/A,0,0,0,0
1780871639716,NeoForge,CAPTURE_ON,1,World Flythrough,44.37,22.54,72.50,N/A,11294.43,N/A,0,0,0,0
1780871639727,NeoForge,CAPTURE_ON,1,World Flythrough,93.62,10.68,72.50,N/A,11294.43,N/A,0,0,0,0
1780871639741,NeoForge,CAPTURE_ON,1,World Flythrough,68.20,14.66,72.50,N/A,11294.43,N/A,0,0,0,0
1780871639765,NeoForge,CAPTURE_ON,1,World Flythrough,42.31,23.63,72.50,N/A,11294.43,N/A,0,0,0,0
1780871639774,NeoForge,CAPTURE_ON,1,World Flythrough,107.69,9.29,72.50,N/A,11294.43,N/A,0,0,0,0
1780871639791,NeoForge,CAPTURE_ON,1,World Flythrough,59.04,16.94,72.50,N/A,11294.43,N/A,0,0,0,0
1780871639814,NeoForge,CAPTURE_ON,1,World Flythrough,44.83,22.31,72.50,N/A,11294.43,N/A,0,0,0,0
1780871639824,NeoForge,CAPTURE_ON,1,World Flythrough,94.99,10.53,72.50,N/A,11294.43,N/A,0,0,0,0
1780871639841,NeoForge,CAPTURE_ON,1,World Flythrough,59.52,16.80,72.50,N/A,11294.43,N/A,0,0,0,0
1780871639863,NeoForge,CAPTURE_ON,1,World Flythrough,44.70,22.37,72.50,N/A,11294.43,N/A,0,0,0,0
1780871639875,NeoForge,CAPTURE_ON,1,World Flythrough,90.05,11.11,72.50,N/A,11294.43,N/A,0,0,0,0
1780871639892,NeoForge,CAPTURE_ON,1,World Flythrough,57.77,17.31,72.50,N/A,11294.43,N/A,0,0,0,0
1780871639914,NeoForge,CAPTURE_ON,1,World Flythrough,44.16,22.65,72.50,N/A,11294.43,N/A,0,0,0,0
1780871639925,NeoForge,CAPTURE_ON,1,World Flythrough,96.72,10.34,72.50,N/A,11294.43,N/A,0,0,0,0
1780871639942,NeoForge,CAPTURE_ON,1,World Flythrough,57.89,17.28,72.50,N/A,11294.43,N/A,0,0,0,0
1780871639965,NeoForge,CAPTURE_ON,1,World Flythrough,42.67,23.44,72.50,N/A,11294.43,N/A,0,0,0,0
1780871639992,NeoForge,CAPTURE_ON,1,World Flythrough,37.23,26.86,72.50,N/A,11294.43,N/A,0,0,0,0
1780871640008,NeoForge,CAPTURE_ON,1,World Flythrough,66.08,15.13,72.50,N/A,11294.43,N/A,0,0,0,0
1780871640017,NeoForge,CAPTURE_ON,1,World Flythrough,107.94,9.26,72.50,N/A,11294.43,N/A,0,0,0,0
1780871640027,NeoForge,CAPTURE_ON,1,World Flythrough,103.21,9.69,72.50,N/A,11294.43,N/A,0,0,0,0
1780871640042,NeoForge,CAPTURE_ON,1,World Flythrough,64.81,15.43,72.50,N/A,11294.43,N/A,0,0,0,0
1780871640064,NeoForge,CAPTURE_ON,1,World Flythrough,45.82,21.83,72.50,N/A,11294.43,N/A,0,0,0,0
1780871640075,NeoForge,CAPTURE_ON,1,World Flythrough,86.44,11.57,72.50,N/A,11294.43,N/A,0,0,0,0
1780871640092,NeoForge,CAPTURE_ON,1,World Flythrough,57.39,17.43,72.50,N/A,11294.43,N/A,0,0,0,0
1780871640114,NeoForge,CAPTURE_ON,1,World Flythrough,46.51,21.50,72.50,N/A,11294.43,N/A,0,0,0,0
1780871640124,NeoForge,CAPTURE_ON,1,World Flythrough,94.29,10.61,72.50,N/A,11294.43,N/A,0,0,0,0
1780871640148,NeoForge,CAPTURE_ON,1,World Flythrough,42.70,23.42,72.50,N/A,11294.43,N/A,0,0,0,0
1780871640158,NeoForge,CAPTURE_ON,1,World Flythrough,106.67,9.38,72.50,N/A,11294.43,N/A,0,0,0,0
1780871640176,NeoForge,CAPTURE_ON,1,World Flythrough,53.71,18.62,72.50,N/A,11294.43,N/A,0,0,0,0
1780871640192,NeoForge,CAPTURE_ON,1,World Flythrough,60.48,16.54,72.50,N/A,11294.43,N/A,0,0,0,0
1780871640215,NeoForge,CAPTURE_ON,1,World Flythrough,45.96,21.76,72.50,N/A,11294.43,N/A,0,0,0,0
1780871640225,NeoForge,CAPTURE_ON,1,World Flythrough,100.63,9.94,72.50,N/A,11294.43,N/A,0,0,0,0
1780871640242,NeoForge,CAPTURE_ON,1,World Flythrough,55.01,18.18,72.50,N/A,11294.43,N/A,0,0,0,0
1780871640265,NeoForge,CAPTURE_ON,1,World Flythrough,44.60,22.42,72.50,N/A,11294.43,N/A,0,0,0,0
1780871640276,NeoForge,CAPTURE_ON,1,World Flythrough,97.64,10.24,72.50,N/A,11294.43,N/A,0,0,0,0
1780871640292,NeoForge,CAPTURE_ON,1,World Flythrough,59.75,16.74,72.50,N/A,11294.43,N/A,0,0,0,0
1780871640314,NeoForge,CAPTURE_ON,1,World Flythrough,44.83,22.31,72.50,N/A,11294.43,N/A,0,0,0,0
1780871640327,NeoForge,CAPTURE_ON,1,World Flythrough,77.92,12.83,72.50,N/A,11294.43,N/A,0,0,0,0
1780871640343,NeoForge,CAPTURE_ON,1,World Flythrough,61.97,16.14,72.50,N/A,11294.43,N/A,0,0,0,0
1780871640366,NeoForge,CAPTURE_ON,1,World Flythrough,44.64,22.40,72.50,N/A,11294.43,N/A,0,0,0,0
1780871640375,NeoForge,CAPTURE_ON,1,World Flythrough,107.34,9.32,72.50,N/A,11294.43,N/A,0,0,0,0
1780871640392,NeoForge,CAPTURE_ON,1,World Flythrough,57.13,17.50,72.50,N/A,11294.43,N/A,0,0,0,0
1780871640568,NeoForge,CAPTURE_ON,1,World Flythrough,18.05,55.40,64.68,N/A,9379.54,N/A,0,0,0,0
1780871640597,NeoForge,CAPTURE_ON,1,World Flythrough,6.70,149.31,64.68,N/A,9379.54,N/A,0,0,0,0
1780871640612,NeoForge,CAPTURE_ON,1,World Flythrough,66.12,15.12,64.68,N/A,9379.54,N/A,0,0,0,0
1780871640622,NeoForge,CAPTURE_ON,1,World Flythrough,104.01,9.61,64.68,N/A,9379.54,N/A,0,0,0,0
1780871640631,NeoForge,CAPTURE_ON,1,World Flythrough,111.32,8.98,64.68,N/A,9379.54,N/A,0,0,0,0
1780871640649,NeoForge,CAPTURE_ON,1,World Flythrough,56.79,17.61,64.68,N/A,9379.54,N/A,0,0,0,0
1780871640658,NeoForge,CAPTURE_ON,1,World Flythrough,107.95,9.26,64.68,N/A,9379.54,N/A,0,0,0,0
1780871640676,NeoForge,CAPTURE_ON,1,World Flythrough,55.32,18.08,64.68,N/A,9379.54,N/A,0,0,0,0
1780871640698,NeoForge,CAPTURE_ON,1,World Flythrough,45.28,22.08,64.68,N/A,9379.54,N/A,0,0,0,0
1780871640708,NeoForge,CAPTURE_ON,1,World Flythrough,99.93,10.01,64.68,N/A,9379.54,N/A,0,0,0,0
1780871640724,NeoForge,CAPTURE_ON,1,World Flythrough,59.62,16.77,64.68,N/A,9379.54,N/A,0,0,0,0
1780871640747,NeoForge,CAPTURE_ON,1,World Flythrough,44.25,22.60,64.68,N/A,9379.54,N/A,0,0,0,0
1780871640759,NeoForge,CAPTURE_ON,1,World Flythrough,85.71,11.67,64.68,N/A,9379.54,N/A,0,0,0,0
1780871640775,NeoForge,CAPTURE_ON,1,World Flythrough,63.14,15.84,64.68,N/A,9379.54,N/A,0,0,0,0
1780871640797,NeoForge,CAPTURE_ON,1,World Flythrough,44.25,22.60,64.68,N/A,9379.54,N/A,0,0,0,0
1780871640809,NeoForge,CAPTURE_ON,1,World Flythrough,86.67,11.54,64.68,N/A,9379.54,N/A,0,0,0,0
1780871640826,NeoForge,CAPTURE_ON,1,World Flythrough,58.00,17.24,64.68,N/A,9379.54,N/A,0,0,0,0
1780871640848,NeoForge,CAPTURE_ON,1,World Flythrough,45.67,21.90,64.68,N/A,9379.54,N/A,0,0,0,0
1780871640860,NeoForge,CAPTURE_ON,1,World Flythrough,84.35,11.86,64.68,N/A,9379.54,N/A,0,0,0,0
1780871640876,NeoForge,CAPTURE_ON,1,World Flythrough,62.42,16.02,64.68,N/A,9379.54,N/A,0,0,0,0
1780871640898,NeoForge,CAPTURE_ON,1,World Flythrough,44.73,22.36,64.68,N/A,9379.54,N/A,0,0,0,0
1780871640910,NeoForge,CAPTURE_ON,1,World Flythrough,87.79,11.39,64.68,N/A,9379.54,N/A,0,0,0,0
1780871640926,NeoForge,CAPTURE_ON,1,World Flythrough,60.42,16.55,64.68,N/A,9379.54,N/A,0,0,0,0
1780871640947,NeoForge,CAPTURE_ON,1,World Flythrough,48.55,20.60,64.68,N/A,9379.54,N/A,0,0,0,0
1780871640959,NeoForge,CAPTURE_ON,1,World Flythrough,83.35,12.00,64.68,N/A,9379.54,N/A,0,0,0,0
1780871640975,NeoForge,CAPTURE_ON,1,World Flythrough,60.85,16.43,64.68,N/A,9379.54,N/A,0,0,0,0
1780871640998,NeoForge,CAPTURE_ON,1,World Flythrough,43.42,23.03,64.68,N/A,9379.54,N/A,0,0,0,0
1780871641009,NeoForge,CAPTURE_ON,1,World Flythrough,91.35,10.95,64.68,N/A,9379.54,N/A,0,0,0,0
1780871641026,NeoForge,CAPTURE_ON,1,World Flythrough,60.66,16.48,64.68,N/A,9379.54,N/A,0,0,0,0
1780871641048,NeoForge,CAPTURE_ON,1,World Flythrough,45.16,22.14,64.68,N/A,9379.54,N/A,0,0,0,0
1780871641059,NeoForge,CAPTURE_ON,1,World Flythrough,85.81,11.65,64.68,N/A,9379.54,N/A,0,0,0,0
1780871641076,NeoForge,CAPTURE_ON,1,World Flythrough,59.33,16.85,64.68,N/A,9379.54,N/A,0,0,0,0
1780871641099,NeoForge,CAPTURE_ON,1,World Flythrough,42.80,23.37,64.68,N/A,9379.54,N/A,0,0,0,0
1780871641110,NeoForge,CAPTURE_ON,1,World Flythrough,100.05,9.99,64.68,N/A,9379.54,N/A,0,0,0,0
1780871641128,NeoForge,CAPTURE_ON,1,World Flythrough,53.09,18.84,64.68,N/A,9379.54,N/A,0,0,0,0
1780871641148,NeoForge,CAPTURE_ON,1,World Flythrough,51.00,19.61,64.68,N/A,9379.54,N/A,0,0,0,0
1780871641159,NeoForge,CAPTURE_ON,1,World Flythrough,89.32,11.20,64.68,N/A,9379.54,N/A,0,0,0,0
1780871641176,NeoForge,CAPTURE_ON,1,World Flythrough,60.39,16.56,64.68,N/A,9379.54,N/A,0,0,0,0
1780871641200,NeoForge,CAPTURE_ON,1,World Flythrough,42.10,23.75,64.68,N/A,9379.54,N/A,0,0,0,0
1780871641209,NeoForge,CAPTURE_ON,1,World Flythrough,101.04,9.90,64.68,N/A,9379.54,N/A,0,0,0,0
1780871641227,NeoForge,CAPTURE_ON,1,World Flythrough,58.72,17.03,64.68,N/A,9379.54,N/A,0,0,0,0
1780871641248,NeoForge,CAPTURE_ON,1,World Flythrough,46.89,21.33,64.68,N/A,9379.54,N/A,0,0,0,0
1780871641261,NeoForge,CAPTURE_ON,1,World Flythrough,76.43,13.08,64.68,N/A,9379.54,N/A,0,0,0,0
1780871641276,NeoForge,CAPTURE_ON,1,World Flythrough,65.69,15.22,64.68,N/A,9379.54,N/A,0,0,0,0
1780871641299,NeoForge,CAPTURE_ON,1,World Flythrough,43.91,22.77,64.68,N/A,9379.54,N/A,0,0,0,0
1780871641309,NeoForge,CAPTURE_ON,1,World Flythrough,102.49,9.76,64.68,N/A,9379.54,N/A,0,0,0,0
1780871641326,NeoForge,CAPTURE_ON,1,World Flythrough,57.44,17.41,64.68,N/A,9379.54,N/A,0,0,0,0
1780871641349,NeoForge,CAPTURE_ON,1,World Flythrough,44.49,22.48,64.68,N/A,9379.54,N/A,0,0,0,0
1780871641360,NeoForge,CAPTURE_ON,1,World Flythrough,91.56,10.92,64.68,N/A,9379.54,N/A,0,0,0,0
1780871641377,NeoForge,CAPTURE_ON,1,World Flythrough,58.27,17.16,64.68,N/A,9379.54,N/A,0,0,0,0
1780871641398,NeoForge,CAPTURE_ON,1,World Flythrough,46.60,21.46,64.68,N/A,9379.54,N/A,0,0,0,0
1780871641409,NeoForge,CAPTURE_ON,1,World Flythrough,93.65,10.68,64.68,N/A,9379.54,N/A,0,0,0,0
1780871641427,NeoForge,CAPTURE_ON,1,World Flythrough,54.95,18.20,64.68,N/A,9379.54,N/A,0,0,0,0
1780871641564,NeoForge,CAPTURE_ON,1,World Flythrough,46.92,21.31,84.23,N/A,10699.69,N/A,0,0,0,0
1780871641586,NeoForge,CAPTURE_ON,1,World Flythrough,7.25,137.88,84.23,N/A,10699.69,N/A,0,0,0,0
1780871641602,NeoForge,CAPTURE_ON,1,World Flythrough,65.73,15.21,84.23,N/A,10699.69,N/A,0,0,0,0
1780871641611,NeoForge,CAPTURE_ON,1,World Flythrough,108.96,9.18,84.23,N/A,10699.69,N/A,0,0,0,0
1780871641627,NeoForge,CAPTURE_ON,1,World Flythrough,61.55,16.25,84.23,N/A,10699.69,N/A,0,0,0,0
1780871641648,NeoForge,CAPTURE_ON,1,World Flythrough,46.80,21.37,84.23,N/A,10699.69,N/A,0,0,0,0
1780871641660,NeoForge,CAPTURE_ON,1,World Flythrough,87.84,11.38,84.23,N/A,10699.69,N/A,0,0,0,0
1780871641677,NeoForge,CAPTURE_ON,1,World Flythrough,57.00,17.55,84.23,N/A,10699.69,N/A,0,0,0,0
1780871641700,NeoForge,CAPTURE_ON,1,World Flythrough,43.98,22.74,84.23,N/A,10699.69,N/A,0,0,0,0
1780871641709,NeoForge,CAPTURE_ON,1,World Flythrough,108.19,9.24,84.23,N/A,10699.69,N/A,0,0,0,0
1780871641727,NeoForge,CAPTURE_ON,1,World Flythrough,55.20,18.12,84.23,N/A,10699.69,N/A,0,0,0,0
1780871641749,NeoForge,CAPTURE_ON,1,World Flythrough,46.82,21.36,84.23,N/A,10699.69,N/A,0,0,0,0
1780871641759,NeoForge,CAPTURE_ON,1,World Flythrough,94.93,10.53,84.23,N/A,10699.69,N/A,0,0,0,0
1780871641777,NeoForge,CAPTURE_ON,1,World Flythrough,56.31,17.76,84.23,N/A,10699.69,N/A,0,0,0,0
1780871641799,NeoForge,CAPTURE_ON,1,World Flythrough,46.15,21.67,84.23,N/A,10699.69,N/A,0,0,0,0
1780871641809,NeoForge,CAPTURE_ON,1,World Flythrough,91.34,10.95,84.23,N/A,10699.69,N/A,0,0,0,0
1780871641827,NeoForge,CAPTURE_ON,1,World Flythrough,56.43,17.72,84.23,N/A,10699.69,N/A,0,0,0,0
1780871641849,NeoForge,CAPTURE_ON,1,World Flythrough,46.38,21.56,84.23,N/A,10699.69,N/A,0,0,0,0
1780871641863,NeoForge,CAPTURE_ON,1,World Flythrough,71.31,14.02,84.23,N/A,10699.69,N/A,0,0,0,0
1780871641876,NeoForge,CAPTURE_ON,1,World Flythrough,74.92,13.35,84.23,N/A,10699.69,N/A,0,0,0,0
1780871641900,NeoForge,CAPTURE_ON,1,World Flythrough,42.28,23.65,84.23,N/A,10699.69,N/A,0,0,0,0
1780871641931,NeoForge,CAPTURE_ON,1,World Flythrough,32.30,30.96,84.23,N/A,10699.69,N/A,0,0,0,0
1780871641941,NeoForge,CAPTURE_ON,1,World Flythrough,100.71,9.93,84.23,N/A,10699.69,N/A,0,0,0,0
1780871641956,NeoForge,CAPTURE_ON,1,World Flythrough,64.60,15.48,84.23,N/A,10699.69,N/A,0,0,0,0
1780871641966,NeoForge,CAPTURE_ON,1,World Flythrough,104.80,9.54,84.23,N/A,10699.69,N/A,0,0,0,0
1780871641976,NeoForge,CAPTURE_ON,1,World Flythrough,94.69,10.56,84.23,N/A,10699.69,N/A,0,0,0,0
1780871641999,NeoForge,CAPTURE_ON,1,World Flythrough,44.21,22.62,84.23,N/A,10699.69,N/A,0,0,0,0
1780871642009,NeoForge,CAPTURE_ON,1,World Flythrough,94.16,10.62,84.23,N/A,10699.69,N/A,0,0,0,0
1780871642027,NeoForge,CAPTURE_ON,1,World Flythrough,59.63,16.77,84.23,N/A,10699.69,N/A,0,0,0,0
1780871642049,NeoForge,CAPTURE_ON,1,World Flythrough,44.65,22.40,84.23,N/A,10699.69,N/A,0,0,0,0
1780871642059,NeoForge,CAPTURE_ON,1,World Flythrough,92.46,10.82,84.23,N/A,10699.69,N/A,0,0,0,0
1780871642077,NeoForge,CAPTURE_ON,1,World Flythrough,56.91,17.57,84.23,N/A,10699.69,N/A,0,0,0,0
1780871642099,NeoForge,CAPTURE_ON,1,World Flythrough,45.93,21.77,84.23,N/A,10699.69,N/A,0,0,0,0
1780871642110,NeoForge,CAPTURE_ON,1,World Flythrough,94.21,10.61,84.23,N/A,10699.69,N/A,0,0,0,0
1780871642127,NeoForge,CAPTURE_ON,1,World Flythrough,57.84,17.29,84.23,N/A,10699.69,N/A,0,0,0,0
1780871642149,NeoForge,CAPTURE_ON,1,World Flythrough,45.25,22.10,84.23,N/A,10699.69,N/A,0,0,0,0
1780871642159,NeoForge,CAPTURE_ON,1,World Flythrough,97.21,10.29,84.23,N/A,10699.69,N/A,0,0,0,0
1780871642180,NeoForge,CAPTURE_ON,1,World Flythrough,47.68,20.97,84.23,N/A,10699.69,N/A,0,0,0,0
1780871642199,NeoForge,CAPTURE_ON,1,World Flythrough,53.39,18.73,84.23,N/A,10699.69,N/A,0,0,0,0
1780871642210,NeoForge,CAPTURE_ON,1,World Flythrough,91.04,10.98,84.23,N/A,10699.69,N/A,0,0,0,0
1780871642227,NeoForge,CAPTURE_ON,1,World Flythrough,56.27,17.77,84.23,N/A,10699.69,N/A,0,0,0,0
1780871642249,NeoForge,CAPTURE_ON,1,World Flythrough,46.15,21.67,84.23,N/A,10699.69,N/A,0,0,0,0
1780871642260,NeoForge,CAPTURE_ON,1,World Flythrough,93.59,10.69,84.23,N/A,10699.69,N/A,0,0,0,0
1780871642278,NeoForge,CAPTURE_ON,1,World Flythrough,55.81,17.92,84.23,N/A,10699.69,N/A,0,0,0,0
1780871642304,NeoForge,CAPTURE_ON,1,World Flythrough,37.18,26.90,84.23,N/A,10699.69,N/A,0,0,0,0
1780871642314,NeoForge,CAPTURE_ON,1,World Flythrough,106.01,9.43,84.23,N/A,10699.69,N/A,0,0,0,0
1780871642327,NeoForge,CAPTURE_ON,1,World Flythrough,75.71,13.21,84.23,N/A,10699.69,N/A,0,0,0,0
1780871642349,NeoForge,CAPTURE_ON,1,World Flythrough,46.27,21.61,84.23,N/A,10699.69,N/A,0,0,0,0
1780871642388,NeoForge,CAPTURE_ON,1,World Flythrough,25.50,39.21,84.23,N/A,10699.69,N/A,0,0,0,0
1780871642407,NeoForge,CAPTURE_ON,1,World Flythrough,54.52,18.34,84.23,N/A,10699.69,N/A,0,0,0,0
1780871642418,NeoForge,CAPTURE_ON,1,World Flythrough,88.55,11.29,84.23,N/A,10699.69,N/A,0,0,0,0
1780871642429,NeoForge,CAPTURE_ON,1,World Flythrough,91.11,10.98,84.23,N/A,10699.69,N/A,0,0,0,0
1780871642571,NeoForge,CAPTURE_ON,1,World Flythrough,41.59,24.04,82.81,N/A,10031.97,N/A,0,0,0,0
1780871642606,NeoForge,CAPTURE_ON,1,World Flythrough,6.52,153.27,82.81,N/A,10031.97,N/A,0,0,0,0
1780871642624,NeoForge,CAPTURE_ON,1,World Flythrough,56.48,17.70,82.81,N/A,10031.97,N/A,0,0,0,0
1780871642636,NeoForge,CAPTURE_ON,1,World Flythrough,78.65,12.71,82.81,N/A,10031.97,N/A,0,0,0,0
1780871642653,NeoForge,CAPTURE_ON,1,World Flythrough,59.22,16.89,82.81,N/A,10031.97,N/A,0,0,0,0
1780871642665,NeoForge,CAPTURE_ON,1,World Flythrough,89.63,11.16,82.81,N/A,10031.97,N/A,0,0,0,0
1780871642679,NeoForge,CAPTURE_ON,1,World Flythrough,70.34,14.22,82.81,N/A,10031.97,N/A,0,0,0,0
1780871642703,NeoForge,CAPTURE_ON,1,World Flythrough,42.85,23.34,82.81,N/A,10031.97,N/A,0,0,0,0
1780871642712,NeoForge,CAPTURE_ON,1,World Flythrough,95.87,10.43,82.81,N/A,10031.97,N/A,0,0,0,0
1780871642730,NeoForge,CAPTURE_ON,1,World Flythrough,59.83,16.72,82.81,N/A,10031.97,N/A,0,0,0,0
1780871642757,NeoForge,CAPTURE_ON,1,World Flythrough,36.12,27.68,82.81,N/A,10031.97,N/A,0,0,0,0
1780871642772,NeoForge,CAPTURE_ON,1,World Flythrough,67.93,14.72,82.81,N/A,10031.97,N/A,0,0,0,0
1780871642783,NeoForge,CAPTURE_ON,1,World Flythrough,89.06,11.23,82.81,N/A,10031.97,N/A,0,0,0,0
1780871642801,NeoForge,CAPTURE_ON,1,World Flythrough,55.64,17.97,82.81,N/A,10031.97,N/A,0,0,0,0
1780871642830,NeoForge,CAPTURE_ON,1,World Flythrough,35.08,28.51,82.81,N/A,10031.97,N/A,0,0,0,0
1780871642842,NeoForge,CAPTURE_ON,1,World Flythrough,78.36,12.76,82.81,N/A,10031.97,N/A,0,0,0,0
1780871642859,NeoForge,CAPTURE_ON,1,World Flythrough,57.36,17.43,82.81,N/A,10031.97,N/A,0,0,0,0
1780871642871,NeoForge,CAPTURE_ON,1,World Flythrough,85.44,11.70,82.81,N/A,10031.97,N/A,0,0,0,0
1780871642882,NeoForge,CAPTURE_ON,1,World Flythrough,90.57,11.04,82.81,N/A,10031.97,N/A,0,0,0,0
1780871642902,NeoForge,CAPTURE_ON,1,World Flythrough,48.86,20.47,82.81,N/A,10031.97,N/A,0,0,0,0
1780871642913,NeoForge,CAPTURE_ON,1,World Flythrough,93.32,10.72,82.81,N/A,10031.97,N/A,0,0,0,0
1780871642928,NeoForge,CAPTURE_ON,1,World Flythrough,67.61,14.79,82.81,N/A,10031.97,N/A,0,0,0,0
1780871642951,NeoForge,CAPTURE_ON,1,World Flythrough,43.71,22.88,82.81,N/A,10031.97,N/A,0,0,0,0
1780871642963,NeoForge,CAPTURE_ON,1,World Flythrough,90.16,11.09,82.81,N/A,10031.97,N/A,0,0,0,0
1780871642979,NeoForge,CAPTURE_ON,1,World Flythrough,58.37,17.13,82.81,N/A,10031.97,N/A,0,0,0,0
1780871643002,NeoForge,CAPTURE_ON,1,World Flythrough,43.61,22.93,82.81,N/A,10031.97,N/A,0,0,0,0
1780871643013,NeoForge,CAPTURE_ON,1,World Flythrough,92.27,10.84,82.81,N/A,10031.97,N/A,0,0,0,0
1780871643030,NeoForge,CAPTURE_ON,1,World Flythrough,59.56,16.79,82.81,N/A,10031.97,N/A,0,0,0,0
1780871643052,NeoForge,CAPTURE_ON,1,World Flythrough,45.86,21.81,82.81,N/A,10031.97,N/A,0,0,0,0
1780871643081,NeoForge,CAPTURE_ON,1,World Flythrough,34.62,28.88,82.81,N/A,10031.97,N/A,0,0,0,0
1780871643092,NeoForge,CAPTURE_ON,1,World Flythrough,89.98,11.11,82.81,N/A,10031.97,N/A,0,0,0,0
1780871643109,NeoForge,CAPTURE_ON,1,World Flythrough,58.85,16.99,82.81,N/A,10031.97,N/A,0,0,0,0
1780871643120,NeoForge,CAPTURE_ON,1,World Flythrough,87.06,11.49,82.81,N/A,10031.97,N/A,0,0,0,0
1780871643132,NeoForge,CAPTURE_ON,1,World Flythrough,80.91,12.36,82.81,N/A,10031.97,N/A,0,0,0,0
1780871643152,NeoForge,CAPTURE_ON,1,World Flythrough,52.51,19.04,82.81,N/A,10031.97,N/A,0,0,0,0
1780871643164,NeoForge,CAPTURE_ON,1,World Flythrough,79.41,12.59,82.81,N/A,10031.97,N/A,0,0,0,0
1780871643180,NeoForge,CAPTURE_ON,1,World Flythrough,64.69,15.46,82.81,N/A,10031.97,N/A,0,0,0,0
1780871643201,NeoForge,CAPTURE_ON,1,World Flythrough,47.05,21.25,82.81,N/A,10031.97,N/A,0,0,0,0
1780871643212,NeoForge,CAPTURE_ON,1,World Flythrough,86.98,11.50,82.81,N/A,10031.97,N/A,0,0,0,0
1780871643229,NeoForge,CAPTURE_ON,1,World Flythrough,56.73,17.63,82.81,N/A,10031.97,N/A,0,0,0,0
1780871643252,NeoForge,CAPTURE_ON,1,World Flythrough,46.54,21.49,82.81,N/A,10031.97,N/A,0,0,0,0
1780871643264,NeoForge,CAPTURE_ON,1,World Flythrough,82.20,12.17,82.81,N/A,10031.97,N/A,0,0,0,0
1780871643280,NeoForge,CAPTURE_ON,1,World Flythrough,61.28,16.32,82.81,N/A,10031.97,N/A,0,0,0,0
1780871643302,NeoForge,CAPTURE_ON,1,World Flythrough,44.68,22.38,82.81,N/A,10031.97,N/A,0,0,0,0
1780871643312,NeoForge,CAPTURE_ON,1,World Flythrough,95.39,10.48,82.81,N/A,10031.97,N/A,0,0,0,0
1780871643331,NeoForge,CAPTURE_ON,1,World Flythrough,55.86,17.90,82.81,N/A,10031.97,N/A,0,0,0,0
1780871643351,NeoForge,CAPTURE_ON,1,World Flythrough,48.20,20.75,82.81,N/A,10031.97,N/A,0,0,0,0
1780871643363,NeoForge,CAPTURE_ON,1,World Flythrough,86.85,11.51,82.81,N/A,10031.97,N/A,0,0,0,0
1780871643380,NeoForge,CAPTURE_ON,1,World Flythrough,59.79,16.72,82.81,N/A,10031.97,N/A,0,0,0,0
1780871643402,NeoForge,CAPTURE_ON,1,World Flythrough,44.49,22.47,82.81,N/A,10031.97,N/A,0,0,0,0
1780871643415,NeoForge,CAPTURE_ON,1,World Flythrough,84.49,11.84,82.81,N/A,10031.97,N/A,0,0,0,0
1780871643431,NeoForge,CAPTURE_ON,1,World Flythrough,62.14,16.09,82.81,N/A,10031.97,N/A,0,0,0,0
1780871643451,NeoForge,CAPTURE_ON,1,World Flythrough,47.47,21.06,82.81,N/A,10031.97,N/A,0,0,0,0
1780871643587,NeoForge,CAPTURE_ON,1,World Flythrough,84.87,11.78,88.56,N/A,11127.52,N/A,0,0,0,0
1780871643620,NeoForge,CAPTURE_ON,1,World Flythrough,6.34,157.62,88.56,N/A,11127.52,N/A,0,0,0,0
1780871643634,NeoForge,CAPTURE_ON,1,World Flythrough,75.77,13.20,88.56,N/A,11127.52,N/A,0,0,0,0
1780871643654,NeoForge,CAPTURE_ON,1,World Flythrough,51.02,19.60,88.56,N/A,11127.52,N/A,0,0,0,0
1780871643666,NeoForge,CAPTURE_ON,1,World Flythrough,85.70,11.67,88.56,N/A,11127.52,N/A,0,0,0,0
1780871643680,NeoForge,CAPTURE_ON,1,World Flythrough,67.21,14.88,88.56,N/A,11127.52,N/A,0,0,0,0
1780871643706,NeoForge,CAPTURE_ON,1,World Flythrough,38.28,26.13,88.56,N/A,11127.52,N/A,0,0,0,0
1780871643719,NeoForge,CAPTURE_ON,1,World Flythrough,77.20,12.95,88.56,N/A,11127.52,N/A,0,0,0,0
1780871643730,NeoForge,CAPTURE_ON,1,World Flythrough,90.70,11.03,88.56,N/A,11127.52,N/A,0,0,0,0
1780871643756,NeoForge,CAPTURE_ON,1,World Flythrough,39.30,25.44,88.56,N/A,11127.52,N/A,0,0,0,0
1780871643769,NeoForge,CAPTURE_ON,1,World Flythrough,75.25,13.29,88.56,N/A,11127.52,N/A,0,0,0,0
1780871643784,NeoForge,CAPTURE_ON,1,World Flythrough,70.15,14.26,88.56,N/A,11127.52,N/A,0,0,0,0
1780871643805,NeoForge,CAPTURE_ON,1,World Flythrough,46.87,21.33,88.56,N/A,11127.52,N/A,0,0,0,0
1780871643816,NeoForge,CAPTURE_ON,1,World Flythrough,93.52,10.69,88.56,N/A,11127.52,N/A,0,0,0,0
1780871643831,NeoForge,CAPTURE_ON,1,World Flythrough,63.12,15.84,88.56,N/A,11127.52,N/A,0,0,0,0
1780871643854,NeoForge,CAPTURE_ON,1,World Flythrough,43.32,23.09,88.56,N/A,11127.52,N/A,0,0,0,0
1780871643866,NeoForge,CAPTURE_ON,1,World Flythrough,86.02,11.63,88.56,N/A,11127.52,N/A,0,0,0,0
1780871643880,NeoForge,CAPTURE_ON,1,World Flythrough,68.37,14.63,88.56,N/A,11127.52,N/A,0,0,0,0
1780871643926,NeoForge,CAPTURE_ON,1,World Flythrough,21.93,45.60,88.56,N/A,11127.52,N/A,0,0,0,0
1780871643938,NeoForge,CAPTURE_ON,1,World Flythrough,84.85,11.79,88.56,N/A,11127.52,N/A,0,0,0,0
1780871643954,NeoForge,CAPTURE_ON,1,World Flythrough,62.43,16.02,88.56,N/A,11127.52,N/A,0,0,0,0
1780871643964,NeoForge,CAPTURE_ON,1,World Flythrough,96.45,10.37,88.56,N/A,11127.52,N/A,0,0,0,0
1780871643980,NeoForge,CAPTURE_ON,1,World Flythrough,62.21,16.08,88.56,N/A,11127.52,N/A,0,0,0,0
1780871644002,NeoForge,CAPTURE_ON,1,World Flythrough,43.60,22.94,88.56,N/A,11127.52,N/A,0,0,0,0
1780871644016,NeoForge,CAPTURE_ON,1,World Flythrough,79.47,12.58,88.56,N/A,11127.52,N/A,0,0,0,0
1780871644031,NeoForge,CAPTURE_ON,1,World Flythrough,66.32,15.08,88.56,N/A,11127.52,N/A,0,0,0,0
1780871644054,NeoForge,CAPTURE_ON,1,World Flythrough,42.77,23.38,88.56,N/A,11127.52,N/A,0,0,0,0
1780871644064,NeoForge,CAPTURE_ON,1,World Flythrough,98.01,10.20,88.56,N/A,11127.52,N/A,0,0,0,0
1780871644080,NeoForge,CAPTURE_ON,1,World Flythrough,62.01,16.13,88.56,N/A,11127.52,N/A,0,0,0,0
1780871644105,NeoForge,CAPTURE_ON,1,World Flythrough,41.39,24.16,88.56,N/A,11127.52,N/A,0,0,0,0
1780871644116,NeoForge,CAPTURE_ON,1,World Flythrough,93.31,10.72,88.56,N/A,11127.52,N/A,0,0,0,0
1780871644132,NeoForge,CAPTURE_ON,1,World Flythrough,62.18,16.08,88.56,N/A,11127.52,N/A,0,0,0,0
1780871644154,NeoForge,CAPTURE_ON,1,World Flythrough,44.81,22.32,88.56,N/A,11127.52,N/A,0,0,0,0
1780871644165,NeoForge,CAPTURE_ON,1,World Flythrough,87.72,11.40,88.56,N/A,11127.52,N/A,0,0,0,0
1780871644180,NeoForge,CAPTURE_ON,1,World Flythrough,64.19,15.58,88.56,N/A,11127.52,N/A,0,0,0,0
1780871644204,NeoForge,CAPTURE_ON,1,World Flythrough,43.99,22.73,88.56,N/A,11127.52,N/A,0,0,0,0
1780871644214,NeoForge,CAPTURE_ON,1,World Flythrough,102.62,9.75,88.56,N/A,11127.52,N/A,0,0,0,0
1780871644233,NeoForge,CAPTURE_ON,1,World Flythrough,51.90,19.27,88.56,N/A,11127.52,N/A,0,0,0,0
1780871644258,NeoForge,CAPTURE_ON,1,World Flythrough,40.11,24.93,88.56,N/A,11127.52,N/A,0,0,0,0
1780871644270,NeoForge,CAPTURE_ON,1,World Flythrough,79.46,12.58,88.56,N/A,11127.52,N/A,0,0,0,0
1780871644280,NeoForge,CAPTURE_ON,1,World Flythrough,95.58,10.46,88.56,N/A,11127.52,N/A,0,0,0,0
1780871644304,NeoForge,CAPTURE_ON,1,World Flythrough,41.84,23.90,88.56,N/A,11127.52,N/A,0,0,0,0
1780871644319,NeoForge,CAPTURE_ON,1,World Flythrough,69.69,14.35,88.56,N/A,11127.52,N/A,0,0,0,0
1780871644331,NeoForge,CAPTURE_ON,1,World Flythrough,82.34,12.14,88.56,N/A,11127.52,N/A,0,0,0,0
1780871644354,NeoForge,CAPTURE_ON,1,World Flythrough,44.13,22.66,88.56,N/A,11127.52,N/A,0,0,0,0
1780871644365,NeoForge,CAPTURE_ON,1,World Flythrough,92.28,10.84,88.56,N/A,11127.52,N/A,0,0,0,0
1780871644381,NeoForge,CAPTURE_ON,1,World Flythrough,58.38,17.13,88.56,N/A,11127.52,N/A,0,0,0,0
1780871644404,NeoForge,CAPTURE_ON,1,World Flythrough,43.78,22.84,88.56,N/A,11127.52,N/A,0,0,0,0
1780871644415,NeoForge,CAPTURE_ON,1,World Flythrough,92.35,10.83,88.56,N/A,11127.52,N/A,0,0,0,0
1780871644431,NeoForge,CAPTURE_ON,1,World Flythrough,63.52,15.74,88.56,N/A,11127.52,N/A,0,0,0,0
1780871644454,NeoForge,CAPTURE_ON,1,World Flythrough,45.27,22.09,88.56,N/A,11127.52,N/A,0,0,0,0
1780871644587,NeoForge,CAPTURE_ON,1,World Flythrough,87.83,11.39,89.82,N/A,9693.98,N/A,0,0,0,0
1780871644617,NeoForge,CAPTURE_ON,1,World Flythrough,6.57,152.31,89.82,N/A,9693.98,N/A,0,0,0,0
1780871644635,NeoForge,CAPTURE_ON,1,World Flythrough,53.02,18.86,89.82,N/A,9693.98,N/A,0,0,0,0
1780871644652,NeoForge,CAPTURE_ON,1,World Flythrough,61.93,16.15,89.82,N/A,9693.98,N/A,0,0,0,0
1780871644664,NeoForge,CAPTURE_ON,1,World Flythrough,82.12,12.18,89.82,N/A,9693.98,N/A,0,0,0,0
1780871644675,NeoForge,CAPTURE_ON,1,World Flythrough,90.07,11.10,89.82,N/A,9693.98,N/A,0,0,0,0
1780871644686,NeoForge,CAPTURE_ON,1,World Flythrough,90.65,11.03,89.82,N/A,9693.98,N/A,0,0,0,0
1780871644702,NeoForge,CAPTURE_ON,1,World Flythrough,58.56,17.08,89.82,N/A,9693.98,N/A,0,0,0,0
1780871644714,NeoForge,CAPTURE_ON,1,World Flythrough,97.53,10.25,89.82,N/A,9693.98,N/A,0,0,0,0
1780871644732,NeoForge,CAPTURE_ON,1,World Flythrough,55.80,17.92,89.82,N/A,9693.98,N/A,0,0,0,0
1780871644752,NeoForge,CAPTURE_ON,1,World Flythrough,46.69,21.42,89.82,N/A,9693.98,N/A,0,0,0,0
1780871644763,NeoForge,CAPTURE_ON,1,World Flythrough,96.09,10.41,89.82,N/A,9693.98,N/A,0,0,0,0
1780871644780,NeoForge,CAPTURE_ON,1,World Flythrough,56.92,17.57,89.82,N/A,9693.98,N/A,0,0,0,0
1780871644802,NeoForge,CAPTURE_ON,1,World Flythrough,45.78,21.84,89.82,N/A,9693.98,N/A,0,0,0,0
1780871644812,NeoForge,CAPTURE_ON,1,World Flythrough,95.52,10.47,89.82,N/A,9693.98,N/A,0,0,0,0
1780871644832,NeoForge,CAPTURE_ON,1,World Flythrough,53.95,18.54,89.82,N/A,9693.98,N/A,0,0,0,0
1780871644852,NeoForge,CAPTURE_ON,1,World Flythrough,47.05,21.25,89.82,N/A,9693.98,N/A,0,0,0,0
1780871644881,NeoForge,CAPTURE_ON,1,World Flythrough,35.66,28.04,89.82,N/A,9693.98,N/A,0,0,0,0
1780871644892,NeoForge,CAPTURE_ON,1,World Flythrough,89.21,11.21,89.82,N/A,9693.98,N/A,0,0,0,0
1780871644909,NeoForge,CAPTURE_ON,1,World Flythrough,58.21,17.18,89.82,N/A,9693.98,N/A,0,0,0,0
1780871644919,NeoForge,CAPTURE_ON,1,World Flythrough,96.41,10.37,89.82,N/A,9693.98,N/A,0,0,0,0
1780871644954,NeoForge,CAPTURE_ON,1,World Flythrough,29.92,33.42,89.82,N/A,9693.98,N/A,0,0,0,0
1780871644964,NeoForge,CAPTURE_ON,1,World Flythrough,95.56,10.46,89.82,N/A,9693.98,N/A,0,0,0,0
1780871644981,NeoForge,CAPTURE_ON,1,World Flythrough,56.52,17.69,89.82,N/A,9693.98,N/A,0,0,0,0
1780871645003,NeoForge,CAPTURE_ON,1,World Flythrough,46.44,21.53,89.82,N/A,9693.98,N/A,0,0,0,0
1780871645014,NeoForge,CAPTURE_ON,1,World Flythrough,92.74,10.78,89.82,N/A,9693.98,N/A,0,0,0,0
1780871645031,NeoForge,CAPTURE_ON,1,World Flythrough,57.36,17.43,89.82,N/A,9693.98,N/A,0,0,0,0
1780871645052,NeoForge,CAPTURE_ON,1,World Flythrough,46.69,21.42,89.82,N/A,9693.98,N/A,0,0,0,0
1780871645065,NeoForge,CAPTURE_ON,1,World Flythrough,83.81,11.93,89.82,N/A,9693.98,N/A,0,0,0,0
1780871645081,NeoForge,CAPTURE_ON,1,World Flythrough,58.55,17.08,89.82,N/A,9693.98,N/A,0,0,0,0
1780871645104,NeoForge,CAPTURE_ON,1,World Flythrough,44.09,22.68,89.82,N/A,9693.98,N/A,0,0,0,0
1780871645115,NeoForge,CAPTURE_ON,1,World Flythrough,92.31,10.83,89.82,N/A,9693.98,N/A,0,0,0,0
1780871645132,NeoForge,CAPTURE_ON,1,World Flythrough,60.60,16.50,89.82,N/A,9693.98,N/A,0,0,0,0
1780871645171,NeoForge,CAPTURE_ON,1,World Flythrough,25.20,39.68,89.82,N/A,9693.98,N/A,0,0,0,0
1780871645182,NeoForge,CAPTURE_ON,1,World Flythrough,88.85,11.26,89.82,N/A,9693.98,N/A,0,0,0,0
1780871645205,NeoForge,CAPTURE_ON,1,World Flythrough,46.18,21.65,89.82,N/A,9693.98,N/A,0,0,0,0
1780871645214,NeoForge,CAPTURE_ON,1,World Flythrough,106.16,9.42,89.82,N/A,9693.98,N/A,0,0,0,0
1780871645231,NeoForge,CAPTURE_ON,1,World Flythrough,58.30,17.15,89.82,N/A,9693.98,N/A,0,0,0,0
1780871645254,NeoForge,CAPTURE_ON,1,World Flythrough,42.49,23.53,89.82,N/A,9693.98,N/A,0,0,0,0
1780871645264,NeoForge,CAPTURE_ON,1,World Flythrough,101.89,9.81,89.82,N/A,9693.98,N/A,0,0,0,0
1780871645280,NeoForge,CAPTURE_ON,1,World Flythrough,59.98,16.67,89.82,N/A,9693.98,N/A,0,0,0,0
1780871645325,NeoForge,CAPTURE_ON,1,World Flythrough,22.51,44.43,89.82,N/A,9693.98,N/A,0,0,0,0
1780871645335,NeoForge,CAPTURE_ON,1,World Flythrough,100.12,9.99,89.82,N/A,9693.98,N/A,0,0,0,0
1780871645352,NeoForge,CAPTURE_ON,1,World Flythrough,58.82,17.00,89.82,N/A,9693.98,N/A,0,0,0,0
1780871645364,NeoForge,CAPTURE_ON,1,World Flythrough,83.32,12.00,89.82,N/A,9693.98,N/A,0,0,0,0
1780871645380,NeoForge,CAPTURE_ON,1,World Flythrough,61.00,16.39,89.82,N/A,9693.98,N/A,0,0,0,0
1780871645402,NeoForge,CAPTURE_ON,1,World Flythrough,45.41,22.02,89.82,N/A,9693.98,N/A,0,0,0,0
1780871645413,NeoForge,CAPTURE_ON,1,World Flythrough,89.27,11.20,89.82,N/A,9693.98,N/A,0,0,0,0
1780871645431,NeoForge,CAPTURE_ON,1,World Flythrough,56.87,17.59,89.82,N/A,9693.98,N/A,0,0,0,0
1780871645452,NeoForge,CAPTURE_ON,1,World Flythrough,48.39,20.67,89.82,N/A,9693.98,N/A,0,0,0,0
1780871645464,NeoForge,CAPTURE_ON,1,World Flythrough,83.79,11.93,89.82,N/A,9693.98,N/A,0,0,0,0
1780871645598,NeoForge,CAPTURE_ON,1,World Flythrough,58.95,16.96,84.26,N/A,9515.16,N/A,0,0,0,0
1780871645631,NeoForge,CAPTURE_ON,1,World Flythrough,6.69,149.40,84.26,N/A,9515.16,N/A,0,0,0,0
1780871645640,NeoForge,CAPTURE_ON,1,World Flythrough,104.45,9.57,84.26,N/A,9515.16,N/A,0,0,0,0
1780871645656,NeoForge,CAPTURE_ON,1,World Flythrough,62.60,15.97,84.26,N/A,9515.16,N/A,0,0,0,0
1780871645666,NeoForge,CAPTURE_ON,1,World Flythrough,100.49,9.95,84.26,N/A,9515.16,N/A,0,0,0,0
1780871645681,NeoForge,CAPTURE_ON,1,World Flythrough,66.06,15.14,84.26,N/A,9515.16,N/A,0,0,0,0
1780871645705,NeoForge,CAPTURE_ON,1,World Flythrough,40.04,24.98,84.26,N/A,9515.16,N/A,0,0,0,0
1780871645716,NeoForge,CAPTURE_ON,1,World Flythrough,95.36,10.49,84.26,N/A,9515.16,N/A,0,0,0,0
1780871645760,NeoForge,CAPTURE_ON,1,World Flythrough,22.87,43.72,84.26,N/A,9515.16,N/A,0,0,0,0
1780871645790,NeoForge,CAPTURE_ON,1,World Flythrough,33.09,30.22,84.26,N/A,9515.16,N/A,0,0,0,0
1780871645807,NeoForge,CAPTURE_ON,1,World Flythrough,59.30,16.86,84.26,N/A,9515.16,N/A,0,0,0,0
1780871645817,NeoForge,CAPTURE_ON,1,World Flythrough,102.04,9.80,84.26,N/A,9515.16,N/A,0,0,0,0
1780871645832,NeoForge,CAPTURE_ON,1,World Flythrough,65.56,15.25,84.26,N/A,9515.16,N/A,0,0,0,0
1780871645854,NeoForge,CAPTURE_ON,1,World Flythrough,46.83,21.35,84.26,N/A,9515.16,N/A,0,0,0,0
1780871645866,NeoForge,CAPTURE_ON,1,World Flythrough,85.79,11.66,84.26,N/A,9515.16,N/A,0,0,0,0
1780871645881,NeoForge,CAPTURE_ON,1,World Flythrough,63.49,15.75,84.26,N/A,9515.16,N/A,0,0,0,0
1780871645906,NeoForge,CAPTURE_ON,1,World Flythrough,40.88,24.46,84.26,N/A,9515.16,N/A,0,0,0,0
1780871645915,NeoForge,CAPTURE_ON,1,World Flythrough,107.22,9.33,84.26,N/A,9515.16,N/A,0,0,0,0
1780871645932,NeoForge,CAPTURE_ON,1,World Flythrough,60.74,16.46,84.26,N/A,9515.16,N/A,0,0,0,0
1780871645952,NeoForge,CAPTURE_ON,1,World Flythrough,46.37,21.56,84.26,N/A,9515.16,N/A,0,0,0,0
1780871645989,NeoForge,CAPTURE_ON,1,World Flythrough,27.12,36.88,84.26,N/A,9515.16,N/A,0,0,0,0
1780871646006,NeoForge,CAPTURE_ON,1,World Flythrough,59.70,16.75,84.26,N/A,9515.16,N/A,0,0,0,0
1780871646017,NeoForge,CAPTURE_ON,1,World Flythrough,92.05,10.86,84.26,N/A,9515.16,N/A,0,0,0,0
1780871646033,NeoForge,CAPTURE_ON,1,World Flythrough,65.44,15.28,84.26,N/A,9515.16,N/A,0,0,0,0
1780871646054,NeoForge,CAPTURE_ON,1,World Flythrough,47.37,21.11,84.26,N/A,9515.16,N/A,0,0,0,0
1780871646065,NeoForge,CAPTURE_ON,1,World Flythrough,94.22,10.61,84.26,N/A,9515.16,N/A,0,0,0,0
1780871646081,NeoForge,CAPTURE_ON,1,World Flythrough,57.43,17.41,84.26,N/A,9515.16,N/A,0,0,0,0
1780871646105,NeoForge,CAPTURE_ON,1,World Flythrough,43.31,23.09,84.26,N/A,9515.16,N/A,0,0,0,0
1780871646114,NeoForge,CAPTURE_ON,1,World Flythrough,104.04,9.61,84.26,N/A,9515.16,N/A,0,0,0,0
1780871646132,NeoForge,CAPTURE_ON,1,World Flythrough,55.69,17.96,84.26,N/A,9515.16,N/A,0,0,0,0
1780871646153,NeoForge,CAPTURE_ON,1,World Flythrough,48.02,20.82,84.26,N/A,9515.16,N/A,0,0,0,0
1780871646165,NeoForge,CAPTURE_ON,1,World Flythrough,88.30,11.32,84.26,N/A,9515.16,N/A,0,0,0,0
1780871646182,NeoForge,CAPTURE_ON,1,World Flythrough,56.91,17.57,84.26,N/A,9515.16,N/A,0,0,0,0
1780871646204,NeoForge,CAPTURE_ON,1,World Flythrough,46.08,21.70,84.26,N/A,9515.16,N/A,0,0,0,0
1780871646215,NeoForge,CAPTURE_ON,1,World Flythrough,92.66,10.79,84.26,N/A,9515.16,N/A,0,0,0,0
1780871646232,NeoForge,CAPTURE_ON,1,World Flythrough,58.79,17.01,84.26,N/A,9515.16,N/A,0,0,0,0
1780871646254,NeoForge,CAPTURE_ON,1,World Flythrough,44.50,22.47,84.26,N/A,9515.16,N/A,0,0,0,0
1780871646264,NeoForge,CAPTURE_ON,1,World Flythrough,91.84,10.89,84.26,N/A,9515.16,N/A,0,0,0,0
1780871646282,NeoForge,CAPTURE_ON,1,World Flythrough,59.33,16.86,84.26,N/A,9515.16,N/A,0,0,0,0
1780871646306,NeoForge,CAPTURE_ON,1,World Flythrough,42.62,23.46,84.26,N/A,9515.16,N/A,0,0,0,0
1780871646316,NeoForge,CAPTURE_ON,1,World Flythrough,90.22,11.08,84.26,N/A,9515.16,N/A,0,0,0,0
1780871646332,NeoForge,CAPTURE_ON,1,World Flythrough,64.59,15.48,84.26,N/A,9515.16,N/A,0,0,0,0
1780871646354,NeoForge,CAPTURE_ON,1,World Flythrough,44.41,22.52,84.26,N/A,9515.16,N/A,0,0,0,0
1780871646365,NeoForge,CAPTURE_ON,1,World Flythrough,92.13,10.85,84.26,N/A,9515.16,N/A,0,0,0,0
1780871646382,NeoForge,CAPTURE_ON,1,World Flythrough,58.41,17.12,84.26,N/A,9515.16,N/A,0,0,0,0
1780871646405,NeoForge,CAPTURE_ON,1,World Flythrough,44.08,22.69,84.26,N/A,9515.16,N/A,0,0,0,0
1780871646415,NeoForge,CAPTURE_ON,1,World Flythrough,100.85,9.92,84.26,N/A,9515.16,N/A,0,0,0,0
1780871646433,NeoForge,CAPTURE_ON,1,World Flythrough,56.38,17.74,84.26,N/A,9515.16,N/A,0,0,0,0
1780871646455,NeoForge,CAPTURE_ON,1,World Flythrough,46.25,21.62,84.26,N/A,9515.16,N/A,0,0,0,0
1780871646465,NeoForge,CAPTURE_ON,1,World Flythrough,91.75,10.90,84.26,N/A,9515.16,N/A,0,0,0,0
1780871646598,NeoForge,CAPTURE_ON,1,World Flythrough,58.73,17.03,80.54,N/A,10320.15,N/A,0,0,0,0
1780871646627,NeoForge,CAPTURE_ON,1,World Flythrough,6.91,144.76,80.54,N/A,10320.15,N/A,0,0,0,0
1780871646638,NeoForge,CAPTURE_ON,1,World Flythrough,90.69,11.03,80.54,N/A,10320.15,N/A,0,0,0,0
1780871646655,NeoForge,CAPTURE_ON,1,World Flythrough,61.24,16.33,80.54,N/A,10320.15,N/A,0,0,0,0
1780871646666,NeoForge,CAPTURE_ON,1,World Flythrough,81.69,12.24,80.54,N/A,10320.15,N/A,0,0,0,0
1780871646682,NeoForge,CAPTURE_ON,1,World Flythrough,64.44,15.52,80.54,N/A,10320.15,N/A,0,0,0,0
1780871646705,NeoForge,CAPTURE_ON,1,World Flythrough,42.02,23.80,80.54,N/A,10320.15,N/A,0,0,0,0
1780871646718,NeoForge,CAPTURE_ON,1,World Flythrough,79.62,12.56,80.54,N/A,10320.15,N/A,0,0,0,0
1780871646735,NeoForge,CAPTURE_ON,1,World Flythrough,58.55,17.08,80.54,N/A,10320.15,N/A,0,0,0,0
1780871646756,NeoForge,CAPTURE_ON,1,World Flythrough,47.96,20.85,80.54,N/A,10320.15,N/A,0,0,0,0
1780871646766,NeoForge,CAPTURE_ON,1,World Flythrough,106.51,9.39,80.54,N/A,10320.15,N/A,0,0,0,0
1780871646782,NeoForge,CAPTURE_ON,1,World Flythrough,59.81,16.72,80.54,N/A,10320.15,N/A,0,0,0,0
1780871646806,NeoForge,CAPTURE_ON,1,World Flythrough,43.29,23.10,80.54,N/A,10320.15,N/A,0,0,0,0
1780871646815,NeoForge,CAPTURE_ON,1,World Flythrough,102.62,9.74,80.54,N/A,10320.15,N/A,0,0,0,0
1780871646832,NeoForge,CAPTURE_ON,1,World Flythrough,58.56,17.08,80.54,N/A,10320.15,N/A,0,0,0,0
1780871646854,NeoForge,CAPTURE_ON,1,World Flythrough,46.42,21.54,80.54,N/A,10320.15,N/A,0,0,0,0
1780871646866,NeoForge,CAPTURE_ON,1,World Flythrough,79.89,12.52,80.54,N/A,10320.15,N/A,0,0,0,0
1780871646882,NeoForge,CAPTURE_ON,1,World Flythrough,60.27,16.59,80.54,N/A,10320.15,N/A,0,0,0,0
1780871646905,NeoForge,CAPTURE_ON,1,World Flythrough,45.62,21.92,80.54,N/A,10320.15,N/A,0,0,0,0
1780871646916,NeoForge,CAPTURE_ON,1,World Flythrough,94.14,10.62,80.54,N/A,10320.15,N/A,0,0,0,0
1780871646933,NeoForge,CAPTURE_ON,1,World Flythrough,58.92,16.97,80.54,N/A,10320.15,N/A,0,0,0,0
1780871646955,NeoForge,CAPTURE_ON,1,World Flythrough,43.92,22.77,80.54,N/A,10320.15,N/A,0,0,0,0
1780871646966,NeoForge,CAPTURE_ON,1,World Flythrough,93.37,10.71,80.54,N/A,10320.15,N/A,0,0,0,0
1780871646983,NeoForge,CAPTURE_ON,1,World Flythrough,62.21,16.08,80.54,N/A,10320.15,N/A,0,0,0,0
1780871647008,NeoForge,CAPTURE_ON,1,World Flythrough,38.57,25.93,80.54,N/A,10320.15,N/A,0,0,0,0
1780871647017,NeoForge,CAPTURE_ON,1,World Flythrough,103.29,9.68,80.54,N/A,10320.15,N/A,0,0,0,0
1780871647033,NeoForge,CAPTURE_ON,1,World Flythrough,64.75,15.44,80.54,N/A,10320.15,N/A,0,0,0,0
1780871647056,NeoForge,CAPTURE_ON,1,World Flythrough,44.21,22.62,80.54,N/A,10320.15,N/A,0,0,0,0
1780871647066,NeoForge,CAPTURE_ON,1,World Flythrough,96.19,10.40,80.54,N/A,10320.15,N/A,0,0,0,0
1780871647085,NeoForge,CAPTURE_ON,1,World Flythrough,53.04,18.85,80.54,N/A,10320.15,N/A,0,0,0,0
1780871647106,NeoForge,CAPTURE_ON,1,World Flythrough,47.89,20.88,80.54,N/A,10320.15,N/A,0,0,0,0
1780871647116,NeoForge,CAPTURE_ON,1,World Flythrough,98.52,10.15,80.54,N/A,10320.15,N/A,0,0,0,0
1780871647135,NeoForge,CAPTURE_ON,1,World Flythrough,54.66,18.29,80.54,N/A,10320.15,N/A,0,0,0,0
1780871647156,NeoForge,CAPTURE_ON,1,World Flythrough,47.06,21.25,80.54,N/A,10320.15,N/A,0,0,0,0
1780871647167,NeoForge,CAPTURE_ON,1,World Flythrough,85.05,11.76,80.54,N/A,10320.15,N/A,0,0,0,0
1780871647182,NeoForge,CAPTURE_ON,1,World Flythrough,63.77,15.68,80.54,N/A,10320.15,N/A,0,0,0,0
1780871647207,NeoForge,CAPTURE_ON,1,World Flythrough,42.05,23.78,80.54,N/A,10320.15,N/A,0,0,0,0
1780871647217,NeoForge,CAPTURE_ON,1,World Flythrough,97.19,10.29,80.54,N/A,10320.15,N/A,0,0,0,0
1780871647233,NeoForge,CAPTURE_ON,1,World Flythrough,63.78,15.68,80.54,N/A,10320.15,N/A,0,0,0,0
1780871647258,NeoForge,CAPTURE_ON,1,World Flythrough,40.54,24.67,80.54,N/A,10320.15,N/A,0,0,0,0
1780871647271,NeoForge,CAPTURE_ON,1,World Flythrough,70.18,14.25,80.54,N/A,10320.15,N/A,0,0,0,0
1780871647284,NeoForge,CAPTURE_ON,1,World Flythrough,83.83,11.93,80.54,N/A,10320.15,N/A,0,0,0,0
1780871647309,NeoForge,CAPTURE_ON,1,World Flythrough,39.48,25.33,80.54,N/A,10320.15,N/A,0,0,0,0
1780871647320,NeoForge,CAPTURE_ON,1,World Flythrough,86.34,11.58,80.54,N/A,10320.15,N/A,0,0,0,0
1780871647334,NeoForge,CAPTURE_ON,1,World Flythrough,73.80,13.55,80.54,N/A,10320.15,N/A,0,0,0,0
1780871647360,NeoForge,CAPTURE_ON,1,World Flythrough,38.89,25.72,80.54,N/A,10320.15,N/A,0,0,0,0
1780871647370,NeoForge,CAPTURE_ON,1,World Flythrough,92.87,10.77,80.54,N/A,10320.15,N/A,0,0,0,0
1780871647386,NeoForge,CAPTURE_ON,1,World Flythrough,64.31,15.55,80.54,N/A,10320.15,N/A,0,0,0,0
1780871647406,NeoForge,CAPTURE_ON,1,World Flythrough,48.47,20.63,80.54,N/A,10320.15,N/A,0,0,0,0
1780871647418,NeoForge,CAPTURE_ON,1,World Flythrough,88.65,11.28,80.54,N/A,10320.15,N/A,0,0,0,0
1780871647432,NeoForge,CAPTURE_ON,1,World Flythrough,67.15,14.89,80.54,N/A,10320.15,N/A,0,0,0,0
1780871647459,NeoForge,CAPTURE_ON,1,World Flythrough,39.78,25.14,80.54,N/A,10320.15,N/A,0,0,0,0
1780871647471,NeoForge,CAPTURE_ON,1,World Flythrough,77.31,12.93,80.54,N/A,10320.15,N/A,0,0,0,0
1780871647624,NeoForge,CAPTURE_ON,1,World Flythrough,31.99,31.26,90.53,N/A,9374.67,N/A,0,0,0,0
1780871647658,NeoForge,CAPTURE_ON,1,World Flythrough,6.40,156.19,90.53,N/A,9374.67,N/A,0,0,0,0
1780871647679,NeoForge,CAPTURE_ON,1,World Flythrough,47.40,21.10,90.53,N/A,9374.67,N/A,0,0,0,0
1780871647692,NeoForge,CAPTURE_ON,1,World Flythrough,82.13,12.18,90.53,N/A,9374.67,N/A,0,0,0,0
1780871647710,NeoForge,CAPTURE_ON,1,World Flythrough,53.86,18.57,90.53,N/A,9374.67,N/A,0,0,0,0
1780871647720,NeoForge,CAPTURE_ON,1,World Flythrough,94.84,10.54,90.53,N/A,9374.67,N/A,0,0,0,0
1780871647734,NeoForge,CAPTURE_ON,1,World Flythrough,76.94,13.00,90.53,N/A,9374.67,N/A,0,0,0,0
1780871647758,NeoForge,CAPTURE_ON,1,World Flythrough,41.64,24.01,90.53,N/A,9374.67,N/A,0,0,0,0
1780871647768,NeoForge,CAPTURE_ON,1,World Flythrough,97.27,10.28,90.53,N/A,9374.67,N/A,0,0,0,0
1780871647786,NeoForge,CAPTURE_ON,1,World Flythrough,58.59,17.07,90.53,N/A,9374.67,N/A,0,0,0,0
1780871647808,NeoForge,CAPTURE_ON,1,World Flythrough,43.99,22.73,90.53,N/A,9374.67,N/A,0,0,0,0
1780871647818,NeoForge,CAPTURE_ON,1,World Flythrough,94.96,10.53,90.53,N/A,9374.67,N/A,0,0,0,0
1780871647836,NeoForge,CAPTURE_ON,1,World Flythrough,58.17,17.19,90.53,N/A,9374.67,N/A,0,0,0,0
1780871647857,NeoForge,CAPTURE_ON,1,World Flythrough,45.82,21.83,90.53,N/A,9374.67,N/A,0,0,0,0
1780871647868,NeoForge,CAPTURE_ON,1,World Flythrough,95.21,10.50,90.53,N/A,9374.67,N/A,0,0,0,0
1780871647886,NeoForge,CAPTURE_ON,1,World Flythrough,54.50,18.35,90.53,N/A,9374.67,N/A,0,0,0,0
1780871647905,NeoForge,CAPTURE_ON,1,World Flythrough,51.68,19.35,90.53,N/A,9374.67,N/A,0,0,0,0
1780871647922,NeoForge,CAPTURE_ON,1,World Flythrough,62.68,15.96,90.53,N/A,9374.67,N/A,0,0,0,0
1780871647934,NeoForge,CAPTURE_ON,1,World Flythrough,82.03,12.19,90.53,N/A,9374.67,N/A,0,0,0,0
1780871647962,NeoForge,CAPTURE_ON,1,World Flythrough,35.54,28.14,90.53,N/A,9374.67,N/A,0,0,0,0
1780871647972,NeoForge,CAPTURE_ON,1,World Flythrough,88.48,11.30,90.53,N/A,9374.67,N/A,0,0,0,0
1780871647984,NeoForge,CAPTURE_ON,1,World Flythrough,90.40,11.06,90.53,N/A,9374.67,N/A,0,0,0,0
1780871648006,NeoForge,CAPTURE_ON,1,World Flythrough,45.60,21.93,90.53,N/A,9374.67,N/A,0,0,0,0
1780871648016,NeoForge,CAPTURE_ON,1,World Flythrough,107.04,9.34,90.53,N/A,9374.67,N/A,0,0,0,0
1780871648034,NeoForge,CAPTURE_ON,1,World Flythrough,54.75,18.27,90.53,N/A,9374.67,N/A,0,0,0,0
1780871648056,NeoForge,CAPTURE_ON,1,World Flythrough,45.63,21.92,90.53,N/A,9374.67,N/A,0,0,0,0
1780871648067,NeoForge,CAPTURE_ON,1,World Flythrough,87.16,11.47,90.53,N/A,9374.67,N/A,0,0,0,0
1780871648085,NeoForge,CAPTURE_ON,1,World Flythrough,57.17,17.49,90.53,N/A,9374.67,N/A,0,0,0,0
1780871648106,NeoForge,CAPTURE_ON,1,World Flythrough,45.62,21.92,90.53,N/A,9374.67,N/A,0,0,0,0
1780871648116,NeoForge,CAPTURE_ON,1,World Flythrough,97.90,10.21,90.53,N/A,9374.67,N/A,0,0,0,0
1780871648133,NeoForge,CAPTURE_ON,1,World Flythrough,58.65,17.05,90.53,N/A,9374.67,N/A,0,0,0,0
1780871648155,NeoForge,CAPTURE_ON,1,World Flythrough,47.71,20.96,90.53,N/A,9374.67,N/A,0,0,0,0
1780871648166,NeoForge,CAPTURE_ON,1,World Flythrough,85.08,11.75,90.53,N/A,9374.67,N/A,0,0,0,0
1780871648184,NeoForge,CAPTURE_ON,1,World Flythrough,58.14,17.20,90.53,N/A,9374.67,N/A,0,0,0,0
1780871648206,NeoForge,CAPTURE_ON,1,World Flythrough,45.08,22.18,90.53,N/A,9374.67,N/A,0,0,0,0
1780871648217,NeoForge,CAPTURE_ON,1,World Flythrough,92.05,10.86,90.53,N/A,9374.67,N/A,0,0,0,0
1780871648236,NeoForge,CAPTURE_ON,1,World Flythrough,54.03,18.51,90.53,N/A,9374.67,N/A,0,0,0,0
1780871648256,NeoForge,CAPTURE_ON,1,World Flythrough,48.42,20.65,90.53,N/A,9374.67,N/A,0,0,0,0
1780871648268,NeoForge,CAPTURE_ON,1,World Flythrough,82.00,12.19,90.53,N/A,9374.67,N/A,0,0,0,0
1780871648284,NeoForge,CAPTURE_ON,1,World Flythrough,61.81,16.18,90.53,N/A,9374.67,N/A,0,0,0,0
1780871648308,NeoForge,CAPTURE_ON,1,World Flythrough,42.20,23.70,90.53,N/A,9374.67,N/A,0,0,0,0
1780871648318,NeoForge,CAPTURE_ON,1,World Flythrough,96.68,10.34,90.53,N/A,9374.67,N/A,0,0,0,0
1780871648335,NeoForge,CAPTURE_ON,1,World Flythrough,60.70,16.47,90.53,N/A,9374.67,N/A,0,0,0,0
1780871648356,NeoForge,CAPTURE_ON,1,World Flythrough,46.58,21.47,90.53,N/A,9374.67,N/A,0,0,0,0
1780871648367,NeoForge,CAPTURE_ON,1,World Flythrough,90.61,11.04,90.53,N/A,9374.67,N/A,0,0,0,0
1780871648385,NeoForge,CAPTURE_ON,1,World Flythrough,55.37,18.06,90.53,N/A,9374.67,N/A,0,0,0,0
1780871648407,NeoForge,CAPTURE_ON,1,World Flythrough,46.81,21.36,90.53,N/A,9374.67,N/A,0,0,0,0
1780871648418,NeoForge,CAPTURE_ON,1,World Flythrough,85.22,11.73,90.53,N/A,9374.67,N/A,0,0,0,0
1780871648435,NeoForge,CAPTURE_ON,1,World Flythrough,61.82,16.18,90.53,N/A,9374.67,N/A,0,0,0,0
1780871648461,NeoForge,CAPTURE_ON,1,World Flythrough,38.65,25.88,90.53,N/A,9374.67,N/A,0,0,0,0
1780871648472,NeoForge,CAPTURE_ON,1,World Flythrough,90.89,11.00,90.53,N/A,9374.67,N/A,0,0,0,0
1780871648485,NeoForge,CAPTURE_ON,1,World Flythrough,79.24,12.62,90.53,N/A,9374.67,N/A,0,0,0,0
1780871648634,NeoForge,CAPTURE_ON,1,World Flythrough,44.37,22.54,76.24,N/A,11419.07,N/A,0,0,0,0
1780871648659,NeoForge,CAPTURE_ON,1,World Flythrough,6.58,151.98,76.24,N/A,11419.07,N/A,0,0,0,0
1780871648669,NeoForge,CAPTURE_ON,1,World Flythrough,97.22,10.29,76.24,N/A,11419.07,N/A,0,0,0,0
1780871648685,NeoForge,CAPTURE_ON,1,World Flythrough,63.90,15.65,76.24,N/A,11419.07,N/A,0,0,0,0
1780871648705,NeoForge,CAPTURE_ON,1,World Flythrough,47.59,21.01,76.24,N/A,11419.07,N/A,0,0,0,0
1780871648717,NeoForge,CAPTURE_ON,1,World Flythrough,88.65,11.28,76.24,N/A,11419.07,N/A,0,0,0,0
1780871648734,NeoForge,CAPTURE_ON,1,World Flythrough,58.51,17.09,76.24,N/A,11419.07,N/A,0,0,0,0
1780871648756,NeoForge,CAPTURE_ON,1,World Flythrough,47.28,21.15,76.24,N/A,11419.07,N/A,0,0,0,0
1780871648768,NeoForge,CAPTURE_ON,1,World Flythrough,78.94,12.67,76.24,N/A,11419.07,N/A,0,0,0,0
1780871648782,NeoForge,CAPTURE_ON,1,World Flythrough,64.43,15.52,76.24,N/A,11419.07,N/A,0,0,0,0
1780871648806,NeoForge,CAPTURE_ON,1,World Flythrough,44.90,22.27,76.24,N/A,11419.07,N/A,0,0,0,0
1780871648818,NeoForge,CAPTURE_ON,1,World Flythrough,79.70,12.55,76.24,N/A,11419.07,N/A,0,0,0,0
1780871648834,NeoForge,CAPTURE_ON,1,World Flythrough,64.22,15.57,76.24,N/A,11419.07,N/A,0,0,0,0
1780871648857,NeoForge,CAPTURE_ON,1,World Flythrough,41.91,23.86,76.24,N/A,11419.07,N/A,0,0,0,0
1780871648869,NeoForge,CAPTURE_ON,1,World Flythrough,90.22,11.08,76.24,N/A,11419.07,N/A,0,0,0,0
1780871648885,NeoForge,CAPTURE_ON,1,World Flythrough,62.69,15.95,76.24,N/A,11419.07,N/A,0,0,0,0
1780871648909,NeoForge,CAPTURE_ON,1,World Flythrough,40.18,24.89,76.24,N/A,11419.07,N/A,0,0,0,0
1780871648920,NeoForge,CAPTURE_ON,1,World Flythrough,94.26,10.61,76.24,N/A,11419.07,N/A,0,0,0,0
1780871648935,NeoForge,CAPTURE_ON,1,World Flythrough,66.82,14.97,76.24,N/A,11419.07,N/A,0,0,0,0
1780871648956,NeoForge,CAPTURE_ON,1,World Flythrough,47.58,21.02,76.24,N/A,11419.07,N/A,0,0,0,0
1780871648969,NeoForge,CAPTURE_ON,1,World Flythrough,81.27,12.30,76.24,N/A,11419.07,N/A,0,0,0,0
1780871648984,NeoForge,CAPTURE_ON,1,World Flythrough,65.72,15.22,76.24,N/A,11419.07,N/A,0,0,0,0
1780871649006,NeoForge,CAPTURE_ON,1,World Flythrough,44.92,22.26,76.24,N/A,11419.07,N/A,0,0,0,0
1780871649019,NeoForge,CAPTURE_ON,1,World Flythrough,79.16,12.63,76.24,N/A,11419.07,N/A,0,0,0,0
1780871649035,NeoForge,CAPTURE_ON,1,World Flythrough,61.98,16.14,76.24,N/A,11419.07,N/A,0,0,0,0
1780871649058,NeoForge,CAPTURE_ON,1,World Flythrough,42.58,23.48,76.24,N/A,11419.07,N/A,0,0,0,0
1780871649069,NeoForge,CAPTURE_ON,1,World Flythrough,97.71,10.23,76.24,N/A,11419.07,N/A,0,0,0,0
1780871649086,NeoForge,CAPTURE_ON,1,World Flythrough,57.18,17.49,76.24,N/A,11419.07,N/A,0,0,0,0
1780871649107,NeoForge,CAPTURE_ON,1,World Flythrough,46.64,21.44,76.24,N/A,11419.07,N/A,0,0,0,0
1780871649117,NeoForge,CAPTURE_ON,1,World Flythrough,96.04,10.41,76.24,N/A,11419.07,N/A,0,0,0,0
1780871649135,NeoForge,CAPTURE_ON,1,World Flythrough,56.97,17.55,76.24,N/A,11419.07,N/A,0,0,0,0
1780871649158,NeoForge,CAPTURE_ON,1,World Flythrough,43.15,23.18,76.24,N/A,11419.07,N/A,0,0,0,0
1780871649168,NeoForge,CAPTURE_ON,1,World Flythrough,105.78,9.45,76.24,N/A,11419.07,N/A,0,0,0,0
1780871649186,NeoForge,CAPTURE_ON,1,World Flythrough,55.53,18.01,76.24,N/A,11419.07,N/A,0,0,0,0
1780871649207,NeoForge,CAPTURE_ON,1,World Flythrough,47.32,21.13,76.24,N/A,11419.07,N/A,0,0,0,0
1780871649218,NeoForge,CAPTURE_ON,1,World Flythrough,91.13,10.97,76.24,N/A,11419.07,N/A,0,0,0,0
1780871649236,NeoForge,CAPTURE_ON,1,World Flythrough,55.40,18.05,76.24,N/A,11419.07,N/A,0,0,0,0
1780871649256,NeoForge,CAPTURE_ON,1,World Flythrough,48.50,20.62,76.24,N/A,11419.07,N/A,0,0,0,0
1780871649269,NeoForge,CAPTURE_ON,1,World Flythrough,86.26,11.59,76.24,N/A,11419.07,N/A,0,0,0,0
1780871649285,NeoForge,CAPTURE_ON,1,World Flythrough,60.07,16.65,76.24,N/A,11419.07,N/A,0,0,0,0
1780871649308,NeoForge,CAPTURE_ON,1,World Flythrough,44.72,22.36,76.24,N/A,11419.07,N/A,0,0,0,0
1780871649317,NeoForge,CAPTURE_ON,1,World Flythrough,102.24,9.78,76.24,N/A,11419.07,N/A,0,0,0,0
1780871649335,NeoForge,CAPTURE_ON,1,World Flythrough,53.91,18.55,76.24,N/A,11419.07,N/A,0,0,0,0
1780871649358,NeoForge,CAPTURE_ON,1,World Flythrough,45.38,22.03,76.24,N/A,11419.07,N/A,0,0,0,0
1780871649369,NeoForge,CAPTURE_ON,1,World Flythrough,90.94,11.00,76.24,N/A,11419.07,N/A,0,0,0,0
1780871649385,NeoForge,CAPTURE_ON,1,World Flythrough,61.73,16.20,76.24,N/A,11419.07,N/A,0,0,0,0
1780871649408,NeoForge,CAPTURE_ON,1,World Flythrough,42.51,23.53,76.24,N/A,11419.07,N/A,0,0,0,0
1780871649418,NeoForge,CAPTURE_ON,1,World Flythrough,99.37,10.06,76.24,N/A,11419.07,N/A,0,0,0,0
1780871649435,NeoForge,CAPTURE_ON,1,World Flythrough,59.05,16.94,76.24,N/A,11419.07,N/A,0,0,0,0
1780871649457,NeoForge,CAPTURE_ON,1,World Flythrough,48.04,20.82,76.24,N/A,11419.07,N/A,0,0,0,0
1780871649468,NeoForge,CAPTURE_ON,1,World Flythrough,83.53,11.97,76.24,N/A,11419.07,N/A,0,0,0,0
1780871649486,NeoForge,CAPTURE_ON,1,World Flythrough,54.40,18.38,76.24,N/A,11419.07,N/A,0,0,0,0
1780871649631,NeoForge,CAPTURE_ON,1,World Flythrough,43.82,22.82,83.18,N/A,10819.83,N/A,0,0,0,0
1780871649655,NeoForge,CAPTURE_ON,1,World Flythrough,6.89,145.11,83.18,N/A,10819.83,N/A,0,0,0,0
1780871649669,NeoForge,CAPTURE_ON,1,World Flythrough,67.00,14.93,83.18,N/A,10819.83,N/A,0,0,0,0
1780871649678,NeoForge,CAPTURE_ON,1,World Flythrough,108.27,9.24,83.18,N/A,10819.83,N/A,0,0,0,0
1780871649688,NeoForge,CAPTURE_ON,1,World Flythrough,109.42,9.14,83.18,N/A,10819.83,N/A,0,0,0,0
1780871649708,NeoForge,CAPTURE_ON,1,World Flythrough,47.95,20.86,83.18,N/A,10819.83,N/A,0,0,0,0
1780871649719,NeoForge,CAPTURE_ON,1,World Flythrough,106.23,9.41,83.18,N/A,10819.83,N/A,0,0,0,0
1780871649735,NeoForge,CAPTURE_ON,1,World Flythrough,58.88,16.98,83.18,N/A,10819.83,N/A,0,0,0,0
1780871649792,NeoForge,CAPTURE_ON,1,World Flythrough,17.58,56.88,83.18,N/A,10819.83,N/A,0,0,0,0
1780871649807,NeoForge,CAPTURE_ON,1,World Flythrough,63.98,15.63,83.18,N/A,10819.83,N/A,0,0,0,0
1780871649818,NeoForge,CAPTURE_ON,1,World Flythrough,92.73,10.78,83.18,N/A,10819.83,N/A,0,0,0,0
1780871649836,NeoForge,CAPTURE_ON,1,World Flythrough,54.63,18.30,83.18,N/A,10819.83,N/A,0,0,0,0
1780871649857,NeoForge,CAPTURE_ON,1,World Flythrough,51.45,19.43,83.18,N/A,10819.83,N/A,0,0,0,0
1780871649868,NeoForge,CAPTURE_ON,1,World Flythrough,81.72,12.24,83.18,N/A,10819.83,N/A,0,0,0,0
1780871649885,NeoForge,CAPTURE_ON,1,World Flythrough,57.56,17.37,83.18,N/A,10819.83,N/A,0,0,0,0
1780871649907,NeoForge,CAPTURE_ON,1,World Flythrough,45.03,22.21,83.18,N/A,10819.83,N/A,0,0,0,0
1780871649919,NeoForge,CAPTURE_ON,1,World Flythrough,93.51,10.69,83.18,N/A,10819.83,N/A,0,0,0,0
1780871649936,NeoForge,CAPTURE_ON,1,World Flythrough,57.69,17.33,83.18,N/A,10819.83,N/A,0,0,0,0
1780871649957,NeoForge,CAPTURE_ON,1,World Flythrough,48.00,20.83,83.18,N/A,10819.83,N/A,0,0,0,0
1780871649969,NeoForge,CAPTURE_ON,1,World Flythrough,82.78,12.08,83.18,N/A,10819.83,N/A,0,0,0,0
1780871649986,NeoForge,CAPTURE_ON,1,World Flythrough,61.22,16.33,83.18,N/A,10819.83,N/A,0,0,0,0
1780871650009,NeoForge,CAPTURE_ON,1,World Flythrough,42.74,23.40,83.18,N/A,10819.83,N/A,0,0,0,0
1780871650019,NeoForge,CAPTURE_ON,1,World Flythrough,95.84,10.43,83.18,N/A,10819.83,N/A,0,0,0,0
1780871650037,NeoForge,CAPTURE_ON,1,World Flythrough,56.67,17.65,83.18,N/A,10819.83,N/A,0,0,0,0
1780871650059,NeoForge,CAPTURE_ON,1,World Flythrough,45.12,22.16,83.18,N/A,10819.83,N/A,0,0,0,0
1780871650074,NeoForge,CAPTURE_ON,1,World Flythrough,67.33,14.85,83.18,N/A,10819.83,N/A,0,0,0,0
1780871650086,NeoForge,CAPTURE_ON,1,World Flythrough,79.02,12.66,83.18,N/A,10819.83,N/A,0,0,0,0
1780871650110,NeoForge,CAPTURE_ON,1,World Flythrough,40.80,24.51,83.18,N/A,10819.83,N/A,0,0,0,0
1780871650122,NeoForge,CAPTURE_ON,1,World Flythrough,91.23,10.96,83.18,N/A,10819.83,N/A,0,0,0,0
1780871650137,NeoForge,CAPTURE_ON,1,World Flythrough,67.41,14.84,83.18,N/A,10819.83,N/A,0,0,0,0
1780871650158,NeoForge,CAPTURE_ON,1,World Flythrough,46.05,21.71,83.18,N/A,10819.83,N/A,0,0,0,0
1780871650168,NeoForge,CAPTURE_ON,1,World Flythrough,100.14,9.99,83.18,N/A,10819.83,N/A,0,0,0,0
1780871650186,NeoForge,CAPTURE_ON,1,World Flythrough,56.38,17.74,83.18,N/A,10819.83,N/A,0,0,0,0
1780871650206,NeoForge,CAPTURE_ON,1,World Flythrough,49.02,20.40,83.18,N/A,10819.83,N/A,0,0,0,0
1780871650222,NeoForge,CAPTURE_ON,1,World Flythrough,60.65,16.49,83.18,N/A,10819.83,N/A,0,0,0,0
1780871650236,NeoForge,CAPTURE_ON,1,World Flythrough,76.64,13.05,83.18,N/A,10819.83,N/A,0,0,0,0
1780871650257,NeoForge,CAPTURE_ON,1,World Flythrough,46.47,21.52,83.18,N/A,10819.83,N/A,0,0,0,0
1780871650268,NeoForge,CAPTURE_ON,1,World Flythrough,88.95,11.24,83.18,N/A,10819.83,N/A,0,0,0,0
1780871650286,NeoForge,CAPTURE_ON,1,World Flythrough,57.24,17.47,83.18,N/A,10819.83,N/A,0,0,0,0
1780871650309,NeoForge,CAPTURE_ON,1,World Flythrough,45.40,22.03,83.18,N/A,10819.83,N/A,0,0,0,0
1780871650319,NeoForge,CAPTURE_ON,1,World Flythrough,97.27,10.28,83.18,N/A,10819.83,N/A,0,0,0,0
1780871650339,NeoForge,CAPTURE_ON,1,World Flythrough,49.64,20.15,83.18,N/A,10819.83,N/A,0,0,0,0
1780871650357,NeoForge,CAPTURE_ON,1,World Flythrough,53.58,18.67,83.18,N/A,10819.83,N/A,0,0,0,0
1780871650370,NeoForge,CAPTURE_ON,1,World Flythrough,80.39,12.44,83.18,N/A,10819.83,N/A,0,0,0,0
1780871650385,NeoForge,CAPTURE_ON,1,World Flythrough,63.30,15.80,83.18,N/A,10819.83,N/A,0,0,0,0
1780871650410,NeoForge,CAPTURE_ON,1,World Flythrough,42.45,23.56,83.18,N/A,10819.83,N/A,0,0,0,0
1780871650419,NeoForge,CAPTURE_ON,1,World Flythrough,103.35,9.68,83.18,N/A,10819.83,N/A,0,0,0,0
1780871650436,NeoForge,CAPTURE_ON,1,World Flythrough,56.92,17.57,83.18,N/A,10819.83,N/A,0,0,0,0
1780871650458,NeoForge,CAPTURE_ON,1,World Flythrough,45.12,22.16,83.18,N/A,10819.83,N/A,0,0,0,0
1780871650468,NeoForge,CAPTURE_ON,1,World Flythrough,99.74,10.03,83.18,N/A,10819.83,N/A,0,0,0,0
1780871650485,NeoForge,CAPTURE_ON,1,World Flythrough,60.36,16.57,83.18,N/A,10819.83,N/A,0,0,0,0
1780871650507,NeoForge,CAPTURE_ON,1,World Flythrough,44.29,22.58,83.18,N/A,10819.83,N/A,0,0,0,0
1780871650633,NeoForge,CAPTURE_ON,1,World Flythrough,91.63,10.91,79.29,N/A,11007.75,N/A,0,0,0,0
1780871650657,NeoForge,CAPTURE_ON,1,World Flythrough,7.23,138.24,79.29,N/A,11007.75,N/A,0,0,0,0
1780871650667,NeoForge,CAPTURE_ON,1,World Flythrough,108.02,9.26,79.29,N/A,11007.75,N/A,0,0,0,0
1780871650676,NeoForge,CAPTURE_ON,1,World Flythrough,108.67,9.20,79.29,N/A,11007.75,N/A,0,0,0,0
1780871650686,NeoForge,CAPTURE_ON,1,World Flythrough,94.07,10.63,79.29,N/A,11007.75,N/A,0,0,0,0
1780871650707,NeoForge,CAPTURE_ON,1,World Flythrough,47.01,21.27,79.29,N/A,11007.75,N/A,0,0,0,0
1780871650719,NeoForge,CAPTURE_ON,1,World Flythrough,86.17,11.61,79.29,N/A,11007.75,N/A,0,0,0,0
1780871650736,NeoForge,CAPTURE_ON,1,World Flythrough,58.52,17.09,79.29,N/A,11007.75,N/A,0,0,0,0
1780871650759,NeoForge,CAPTURE_ON,1,World Flythrough,43.96,22.75,79.29,N/A,11007.75,N/A,0,0,0,0
1780871650769,NeoForge,CAPTURE_ON,1,World Flythrough,92.07,10.86,79.29,N/A,11007.75,N/A,0,0,0,0
1780871650786,NeoForge,CAPTURE_ON,1,World Flythrough,61.48,16.27,79.29,N/A,11007.75,N/A,0,0,0,0
1780871650809,NeoForge,CAPTURE_ON,1,World Flythrough,43.03,23.24,79.29,N/A,11007.75,N/A,0,0,0,0
1780871650820,NeoForge,CAPTURE_ON,1,World Flythrough,91.80,10.89,79.29,N/A,11007.75,N/A,0,0,0,0
1780871650837,NeoForge,CAPTURE_ON,1,World Flythrough,59.54,16.80,79.29,N/A,11007.75,N/A,0,0,0,0
1780871650859,NeoForge,CAPTURE_ON,1,World Flythrough,45.91,21.78,79.29,N/A,11007.75,N/A,0,0,0,0
1780871650871,NeoForge,CAPTURE_ON,1,World Flythrough,76.87,13.01,79.29,N/A,11007.75,N/A,0,0,0,0
1780871650888,NeoForge,CAPTURE_ON,1,World Flythrough,58.35,17.14,79.29,N/A,11007.75,N/A,0,0,0,0
1780871650909,NeoForge,CAPTURE_ON,1,World Flythrough,47.18,21.19,79.29,N/A,11007.75,N/A,0,0,0,0
1780871650921,NeoForge,CAPTURE_ON,1,World Flythrough,91.66,10.91,79.29,N/A,11007.75,N/A,0,0,0,0
1780871650965,NeoForge,CAPTURE_ON,1,World Flythrough,22.60,44.25,79.29,N/A,11007.75,N/A,0,0,0,0
1780871650991,NeoForge,CAPTURE_ON,1,World Flythrough,39.92,25.05,79.29,N/A,11007.75,N/A,0,0,0,0
1780871651006,NeoForge,CAPTURE_ON,1,World Flythrough,64.58,15.48,79.29,N/A,11007.75,N/A,0,0,0,0
1780871651016,NeoForge,CAPTURE_ON,1,World Flythrough,98.05,10.20,79.29,N/A,11007.75,N/A,0,0,0,0
1780871651026,NeoForge,CAPTURE_ON,1,World Flythrough,101.18,9.88,79.29,N/A,11007.75,N/A,0,0,0,0
1780871651037,NeoForge,CAPTURE_ON,1,World Flythrough,86.98,11.50,79.29,N/A,11007.75,N/A,0,0,0,0
1780871651059,NeoForge,CAPTURE_ON,1,World Flythrough,46.64,21.44,79.29,N/A,11007.75,N/A,0,0,0,0
1780871651069,NeoForge,CAPTURE_ON,1,World Flythrough,97.91,10.21,79.29,N/A,11007.75,N/A,0,0,0,0
1780871651087,NeoForge,CAPTURE_ON,1,World Flythrough,52.54,19.03,79.29,N/A,11007.75,N/A,0,0,0,0
1780871651109,NeoForge,CAPTURE_ON,1,World Flythrough,46.42,21.54,79.29,N/A,11007.75,N/A,0,0,0,0
1780871651120,NeoForge,CAPTURE_ON,1,World Flythrough,95.95,10.42,79.29,N/A,11007.75,N/A,0,0,0,0
1780871651138,NeoForge,CAPTURE_ON,1,World Flythrough,56.13,17.82,79.29,N/A,11007.75,N/A,0,0,0,0
1780871651159,NeoForge,CAPTURE_ON,1,World Flythrough,47.72,20.95,79.29,N/A,11007.75,N/A,0,0,0,0
1780871651169,NeoForge,CAPTURE_ON,1,World Flythrough,91.22,10.96,79.29,N/A,11007.75,N/A,0,0,0,0
1780871651188,NeoForge,CAPTURE_ON,1,World Flythrough,53.78,18.59,79.29,N/A,11007.75,N/A,0,0,0,0
1780871651209,NeoForge,CAPTURE_ON,1,World Flythrough,46.83,21.35,79.29,N/A,11007.75,N/A,0,0,0,0
1780871651237,NeoForge,CAPTURE_ON,1,World Flythrough,35.66,28.04,79.29,N/A,11007.75,N/A,0,0,0,0
1780871651252,NeoForge,CAPTURE_ON,1,World Flythrough,65.16,15.35,79.29,N/A,11007.75,N/A,0,0,0,0
1780871651262,NeoForge,CAPTURE_ON,1,World Flythrough,99.78,10.02,79.29,N/A,11007.75,N/A,0,0,0,0
1780871651271,NeoForge,CAPTURE_ON,1,World Flythrough,115.79,8.64,79.29,N/A,11007.75,N/A,0,0,0,0
1780871651287,NeoForge,CAPTURE_ON,1,World Flythrough,68.84,14.53,79.29,N/A,11007.75,N/A,0,0,0,0
1780871651309,NeoForge,CAPTURE_ON,1,World Flythrough,43.06,23.22,79.29,N/A,11007.75,N/A,0,0,0,0
1780871651319,NeoForge,CAPTURE_ON,1,World Flythrough,99.08,10.09,79.29,N/A,11007.75,N/A,0,0,0,0
1780871651336,NeoForge,CAPTURE_ON,1,World Flythrough,59.63,16.77,79.29,N/A,11007.75,N/A,0,0,0,0
1780871651357,NeoForge,CAPTURE_ON,1,World Flythrough,46.99,21.28,79.29,N/A,11007.75,N/A,0,0,0,0
1780871651370,NeoForge,CAPTURE_ON,1,World Flythrough,77.67,12.88,79.29,N/A,11007.75,N/A,0,0,0,0
1780871651386,NeoForge,CAPTURE_ON,1,World Flythrough,62.76,15.93,79.29,N/A,11007.75,N/A,0,0,0,0
1780871651408,NeoForge,CAPTURE_ON,1,World Flythrough,45.31,22.07,79.29,N/A,11007.75,N/A,0,0,0,0
1780871651421,NeoForge,CAPTURE_ON,1,World Flythrough,82.00,12.20,79.29,N/A,11007.75,N/A,0,0,0,0
1780871651438,NeoForge,CAPTURE_ON,1,World Flythrough,57.79,17.30,79.29,N/A,11007.75,N/A,0,0,0,0
1780871651457,NeoForge,CAPTURE_ON,1,World Flythrough,50.09,19.96,79.29,N/A,11007.75,N/A,0,0,0,0
1780871651471,NeoForge,CAPTURE_ON,1,World Flythrough,72.42,13.81,79.29,N/A,11007.75,N/A,0,0,0,0
1780871651489,NeoForge,CAPTURE_ON,1,World Flythrough,57.20,17.48,79.29,N/A,11007.75,N/A,0,0,0,0
1780871651509,NeoForge,CAPTURE_ON,1,World Flythrough,49.57,20.18,79.29,N/A,11007.75,N/A,0,0,0,0
1780871651642,NeoForge,CAPTURE_ON,1,World Flythrough,83.09,12.03,85.41,N/A,9854.78,N/A,0,0,0,0
1780871651668,NeoForge,CAPTURE_ON,1,World Flythrough,6.78,147.44,85.41,N/A,9854.78,N/A,0,0,0,0
1780871651680,NeoForge,CAPTURE_ON,1,World Flythrough,94.71,10.56,85.41,N/A,9854.78,N/A,0,0,0,0
1780871651689,NeoForge,CAPTURE_ON,1,World Flythrough,107.96,9.26,85.41,N/A,9854.78,N/A,0,0,0,0
1780871651715,NeoForge,CAPTURE_ON,1,World Flythrough,38.76,25.80,85.41,N/A,9854.78,N/A,0,0,0,0
1780871651724,NeoForge,CAPTURE_ON,1,World Flythrough,107.42,9.31,85.41,N/A,9854.78,N/A,0,0,0,0
1780871651738,NeoForge,CAPTURE_ON,1,World Flythrough,70.13,14.26,85.41,N/A,9854.78,N/A,0,0,0,0
1780871651760,NeoForge,CAPTURE_ON,1,World Flythrough,45.52,21.97,85.41,N/A,9854.78,N/A,0,0,0,0
1780871651771,NeoForge,CAPTURE_ON,1,World Flythrough,91.28,10.96,85.41,N/A,9854.78,N/A,0,0,0,0
1780871651787,NeoForge,CAPTURE_ON,1,World Flythrough,63.08,15.85,85.41,N/A,9854.78,N/A,0,0,0,0
1780871651809,NeoForge,CAPTURE_ON,1,World Flythrough,44.28,22.58,85.41,N/A,9854.78,N/A,0,0,0,0
1780871651820,NeoForge,CAPTURE_ON,1,World Flythrough,87.53,11.43,85.41,N/A,9854.78,N/A,0,0,0,0
1780871651837,NeoForge,CAPTURE_ON,1,World Flythrough,59.33,16.86,85.41,N/A,9854.78,N/A,0,0,0,0
1780871651860,NeoForge,CAPTURE_ON,1,World Flythrough,46.34,21.58,85.41,N/A,9854.78,N/A,0,0,0,0
1780871651874,NeoForge,CAPTURE_ON,1,World Flythrough,68.00,14.71,85.41,N/A,9854.78,N/A,0,0,0,0
1780871651887,NeoForge,CAPTURE_ON,1,World Flythrough,72.79,13.74,85.41,N/A,9854.78,N/A,0,0,0,0
1780871651911,NeoForge,CAPTURE_ON,1,World Flythrough,43.66,22.91,85.41,N/A,9854.78,N/A,0,0,0,0
1780871651939,NeoForge,CAPTURE_ON,1,World Flythrough,34.78,28.75,85.41,N/A,9854.78,N/A,0,0,0,0
1780871651955,NeoForge,CAPTURE_ON,1,World Flythrough,65.18,15.34,85.41,N/A,9854.78,N/A,0,0,0,0
1780871651966,NeoForge,CAPTURE_ON,1,World Flythrough,92.47,10.81,85.41,N/A,9854.78,N/A,0,0,0,0
1780871651978,NeoForge,CAPTURE_ON,1,World Flythrough,83.01,12.05,85.41,N/A,9854.78,N/A,0,0,0,0
1780871651988,NeoForge,CAPTURE_ON,1,World Flythrough,96.07,10.41,85.41,N/A,9854.78,N/A,0,0,0,0
1780871652011,NeoForge,CAPTURE_ON,1,World Flythrough,42.58,23.49,85.41,N/A,9854.78,N/A,0,0,0,0
1780871652022,NeoForge,CAPTURE_ON,1,World Flythrough,89.45,11.18,85.41,N/A,9854.78,N/A,0,0,0,0
1780871652038,NeoForge,CAPTURE_ON,1,World Flythrough,62.72,15.94,85.41,N/A,9854.78,N/A,0,0,0,0
1780871652060,NeoForge,CAPTURE_ON,1,World Flythrough,46.35,21.57,85.41,N/A,9854.78,N/A,0,0,0,0
1780871652070,NeoForge,CAPTURE_ON,1,World Flythrough,96.69,10.34,85.41,N/A,9854.78,N/A,0,0,0,0
1780871652087,NeoForge,CAPTURE_ON,1,World Flythrough,57.81,17.30,85.41,N/A,9854.78,N/A,0,0,0,0
1780871652111,NeoForge,CAPTURE_ON,1,World Flythrough,42.54,23.51,85.41,N/A,9854.78,N/A,0,0,0,0
1780871652122,NeoForge,CAPTURE_ON,1,World Flythrough,98.80,10.12,85.41,N/A,9854.78,N/A,0,0,0,0
1780871652142,NeoForge,CAPTURE_ON,1,World Flythrough,50.25,19.90,85.41,N/A,9854.78,N/A,0,0,0,0
1780871652160,NeoForge,CAPTURE_ON,1,World Flythrough,54.18,18.46,85.41,N/A,9854.78,N/A,0,0,0,0
1780871652172,NeoForge,CAPTURE_ON,1,World Flythrough,75.63,13.22,85.41,N/A,9854.78,N/A,0,0,0,0
1780871652191,NeoForge,CAPTURE_ON,1,World Flythrough,54.92,18.21,85.41,N/A,9854.78,N/A,0,0,0,0
1780871652211,NeoForge,CAPTURE_ON,1,World Flythrough,49.22,20.32,85.41,N/A,9854.78,N/A,0,0,0,0
1780871652224,NeoForge,CAPTURE_ON,1,World Flythrough,82.41,12.13,85.41,N/A,9854.78,N/A,0,0,0,0
1780871652240,NeoForge,CAPTURE_ON,1,World Flythrough,58.22,17.18,85.41,N/A,9854.78,N/A,0,0,0,0
1780871652262,NeoForge,CAPTURE_ON,1,World Flythrough,46.84,21.35,85.41,N/A,9854.78,N/A,0,0,0,0
1780871652272,NeoForge,CAPTURE_ON,1,World Flythrough,101.85,9.82,85.41,N/A,9854.78,N/A,0,0,0,0
1780871652288,NeoForge,CAPTURE_ON,1,World Flythrough,60.17,16.62,85.41,N/A,9854.78,N/A,0,0,0,0
1780871652311,NeoForge,CAPTURE_ON,1,World Flythrough,43.63,22.92,85.41,N/A,9854.78,N/A,0,0,0,0
1780871652324,NeoForge,CAPTURE_ON,1,World Flythrough,78.87,12.68,85.41,N/A,9854.78,N/A,0,0,0,0
1780871652339,NeoForge,CAPTURE_ON,1,World Flythrough,63.95,15.64,85.41,N/A,9854.78,N/A,0,0,0,0
1780871652361,NeoForge,CAPTURE_ON,1,World Flythrough,48.16,20.76,85.41,N/A,9854.78,N/A,0,0,0,0
1780871652372,NeoForge,CAPTURE_ON,1,World Flythrough,95.16,10.51,85.41,N/A,9854.78,N/A,0,0,0,0
1780871652390,NeoForge,CAPTURE_ON,1,World Flythrough,53.62,18.65,85.41,N/A,9854.78,N/A,0,0,0,0
1780871652411,NeoForge,CAPTURE_ON,1,World Flythrough,45.60,21.93,85.41,N/A,9854.78,N/A,0,0,0,0
1780871652422,NeoForge,CAPTURE_ON,1,World Flythrough,96.55,10.36,85.41,N/A,9854.78,N/A,0,0,0,0
1780871652438,NeoForge,CAPTURE_ON,1,World Flythrough,60.13,16.63,85.41,N/A,9854.78,N/A,0,0,0,0
1780871652458,NeoForge,CAPTURE_ON,1,World Flythrough,49.21,20.32,85.41,N/A,9854.78,N/A,0,0,0,0
1780871652473,NeoForge,CAPTURE_ON,1,World Flythrough,74.64,13.40,85.41,N/A,9854.78,N/A,0,0,0,0
1780871652488,NeoForge,CAPTURE_ON,1,World Flythrough,65.48,15.27,85.41,N/A,9854.78,N/A,0,0,0,0
1780871652512,NeoForge,CAPTURE_ON,1,World Flythrough,39.57,25.27,85.41,N/A,9854.78,N/A,0,0,0,0
1780871652645,NeoForge,CAPTURE_ON,1,World Flythrough,96.53,10.36,88.35,N/A,10937.41,N/A,0,0,0,0
1780871652677,NeoForge,CAPTURE_ON,1,World Flythrough,6.55,152.78,88.35,N/A,10937.41,N/A,0,0,0,0
1780871652686,NeoForge,CAPTURE_ON,1,World Flythrough,100.19,9.98,88.35,N/A,10937.41,N/A,0,0,0,0
1780871652702,NeoForge,CAPTURE_ON,1,World Flythrough,65.79,15.20,88.35,N/A,10937.41,N/A,0,0,0,0
1780871652713,NeoForge,CAPTURE_ON,1,World Flythrough,84.63,11.82,88.35,N/A,10937.41,N/A,0,0,0,0
1780871652724,NeoForge,CAPTURE_ON,1,World Flythrough,91.85,10.89,88.35,N/A,10937.41,N/A,0,0,0,0
1780871652743,NeoForge,CAPTURE_ON,1,World Flythrough,53.99,18.52,88.35,N/A,10937.41,N/A,0,0,0,0
1780871652762,NeoForge,CAPTURE_ON,1,World Flythrough,48.58,20.58,88.35,N/A,10937.41,N/A,0,0,0,0
1780871652776,NeoForge,CAPTURE_ON,1,World Flythrough,74.02,13.51,88.35,N/A,10937.41,N/A,0,0,0,0
1780871652791,NeoForge,CAPTURE_ON,1,World Flythrough,65.86,15.18,88.35,N/A,10937.41,N/A,0,0,0,0
1780871652812,NeoForge,CAPTURE_ON,1,World Flythrough,50.73,19.71,88.35,N/A,10937.41,N/A,0,0,0,0
1780871652839,NeoForge,CAPTURE_ON,1,World Flythrough,36.29,27.56,88.35,N/A,10937.41,N/A,0,0,0,0
1780871652855,NeoForge,CAPTURE_ON,1,World Flythrough,63.94,15.64,88.35,N/A,10937.41,N/A,0,0,0,0
1780871652867,NeoForge,CAPTURE_ON,1,World Flythrough,84.19,11.88,88.35,N/A,10937.41,N/A,0,0,0,0
1780871652877,NeoForge,CAPTURE_ON,1,World Flythrough,93.80,10.66,88.35,N/A,10937.41,N/A,0,0,0,0
1780871652890,NeoForge,CAPTURE_ON,1,World Flythrough,75.53,13.24,88.35,N/A,10937.41,N/A,0,0,0,0
1780871652931,NeoForge,CAPTURE_ON,1,World Flythrough,24.39,40.99,88.35,N/A,10937.41,N/A,0,0,0,0
1780871652942,NeoForge,CAPTURE_ON,1,World Flythrough,94.43,10.59,88.35,N/A,10937.41,N/A,0,0,0,0
1780871652961,NeoForge,CAPTURE_ON,1,World Flythrough,52.17,19.17,88.35,N/A,10937.41,N/A,0,0,0,0
1780871652972,NeoForge,CAPTURE_ON,1,World Flythrough,96.47,10.37,88.35,N/A,10937.41,N/A,0,0,0,0
1780871652990,NeoForge,CAPTURE_ON,1,World Flythrough,52.65,18.99,88.35,N/A,10937.41,N/A,0,0,0,0
1780871653012,NeoForge,CAPTURE_ON,1,World Flythrough,45.90,21.79,88.35,N/A,10937.41,N/A,0,0,0,0
1780871653022,NeoForge,CAPTURE_ON,1,World Flythrough,92.36,10.83,88.35,N/A,10937.41,N/A,0,0,0,0
1780871653039,NeoForge,CAPTURE_ON,1,World Flythrough,60.32,16.58,88.35,N/A,10937.41,N/A,0,0,0,0
1780871653063,NeoForge,CAPTURE_ON,1,World Flythrough,43.97,22.74,88.35,N/A,10937.41,N/A,0,0,0,0
1780871653073,NeoForge,CAPTURE_ON,1,World Flythrough,100.22,9.98,88.35,N/A,10937.41,N/A,0,0,0,0
1780871653090,NeoForge,CAPTURE_ON,1,World Flythrough,57.02,17.54,88.35,N/A,10937.41,N/A,0,0,0,0
1780871653111,NeoForge,CAPTURE_ON,1,World Flythrough,46.67,21.42,88.35,N/A,10937.41,N/A,0,0,0,0
1780871653124,NeoForge,CAPTURE_ON,1,World Flythrough,83.28,12.01,88.35,N/A,10937.41,N/A,0,0,0,0
1780871653141,NeoForge,CAPTURE_ON,1,World Flythrough,56.57,17.68,88.35,N/A,10937.41,N/A,0,0,0,0
1780871653165,NeoForge,CAPTURE_ON,1,World Flythrough,42.52,23.52,88.35,N/A,10937.41,N/A,0,0,0,0
1780871653175,NeoForge,CAPTURE_ON,1,World Flythrough,98.04,10.20,88.35,N/A,10937.41,N/A,0,0,0,0
1780871653189,NeoForge,CAPTURE_ON,1,World Flythrough,66.60,15.01,88.35,N/A,10937.41,N/A,0,0,0,0
1780871653214,NeoForge,CAPTURE_ON,1,World Flythrough,41.52,24.09,88.35,N/A,10937.41,N/A,0,0,0,0
1780871653226,NeoForge,CAPTURE_ON,1,World Flythrough,83.76,11.94,88.35,N/A,10937.41,N/A,0,0,0,0
1780871653240,NeoForge,CAPTURE_ON,1,World Flythrough,67.49,14.82,88.35,N/A,10937.41,N/A,0,0,0,0
1780871653262,NeoForge,CAPTURE_ON,1,World Flythrough,48.06,20.81,88.35,N/A,10937.41,N/A,0,0,0,0
1780871653272,NeoForge,CAPTURE_ON,1,World Flythrough,89.07,11.23,88.35,N/A,10937.41,N/A,0,0,0,0
1780871653290,NeoForge,CAPTURE_ON,1,World Flythrough,54.97,18.19,88.35,N/A,10937.41,N/A,0,0,0,0
1780871653313,NeoForge,CAPTURE_ON,1,World Flythrough,46.06,21.71,88.35,N/A,10937.41,N/A,0,0,0,0
1780871653326,NeoForge,CAPTURE_ON,1,World Flythrough,76.15,13.13,88.35,N/A,10937.41,N/A,0,0,0,0
1780871653340,NeoForge,CAPTURE_ON,1,World Flythrough,70.69,14.15,88.35,N/A,10937.41,N/A,0,0,0,0
1780871653362,NeoForge,CAPTURE_ON,1,World Flythrough,43.81,22.83,88.35,N/A,10937.41,N/A,0,0,0,0
1780871653374,NeoForge,CAPTURE_ON,1,World Flythrough,86.50,11.56,88.35,N/A,10937.41,N/A,0,0,0,0
1780871653392,NeoForge,CAPTURE_ON,1,World Flythrough,58.01,17.24,88.35,N/A,10937.41,N/A,0,0,0,0
1780871653412,NeoForge,CAPTURE_ON,1,World Flythrough,50.19,19.93,88.35,N/A,10937.41,N/A,0,0,0,0
1780871653422,NeoForge,CAPTURE_ON,1,World Flythrough,93.56,10.69,88.35,N/A,10937.41,N/A,0,0,0,0
1780871653442,NeoForge,CAPTURE_ON,1,World Flythrough,50.14,19.94,88.35,N/A,10937.41,N/A,0,0,0,0
1780871653464,NeoForge,CAPTURE_ON,1,World Flythrough,45.12,22.16,88.35,N/A,10937.41,N/A,0,0,0,0
1780871653476,NeoForge,CAPTURE_ON,1,World Flythrough,83.59,11.96,88.35,N/A,10937.41,N/A,0,0,0,0
1780871653491,NeoForge,CAPTURE_ON,1,World Flythrough,66.27,15.09,88.35,N/A,10937.41,N/A,0,0,0,0
1780871653514,NeoForge,CAPTURE_ON,1,World Flythrough,44.82,22.31,88.35,N/A,10937.41,N/A,0,0,0,0
1780871653647,NeoForge,CAPTURE_ON,1,World Flythrough,88.96,11.24,81.56,N/A,9888.20,N/A,0,0,0,0
1780871653681,NeoForge,CAPTURE_ON,1,World Flythrough,6.40,156.32,81.56,N/A,9888.20,N/A,0,0,0,0
1780871653692,NeoForge,CAPTURE_ON,1,World Flythrough,87.45,11.44,81.56,N/A,9888.20,N/A,0,0,0,0
1780871653714,NeoForge,CAPTURE_ON,1,World Flythrough,44.73,22.36,81.56,N/A,9888.20,N/A,0,0,0,0
1780871653724,NeoForge,CAPTURE_ON,1,World Flythrough,104.30,9.59,81.56,N/A,9888.20,N/A,0,0,0,0
1780871653740,NeoForge,CAPTURE_ON,1,World Flythrough,65.20,15.34,81.56,N/A,9888.20,N/A,0,0,0,0
1780871653762,NeoForge,CAPTURE_ON,1,World Flythrough,45.26,22.10,81.56,N/A,9888.20,N/A,0,0,0,0
1780871653776,NeoForge,CAPTURE_ON,1,World Flythrough,70.49,14.19,81.56,N/A,9888.20,N/A,0,0,0,0
1780871653790,NeoForge,CAPTURE_ON,1,World Flythrough,70.65,14.16,81.56,N/A,9888.20,N/A,0,0,0,0
1780871653813,NeoForge,CAPTURE_ON,1,World Flythrough,45.27,22.09,81.56,N/A,9888.20,N/A,0,0,0,0
1780871653823,NeoForge,CAPTURE_ON,1,World Flythrough,96.87,10.32,81.56,N/A,9888.20,N/A,0,0,0,0
1780871653840,NeoForge,CAPTURE_ON,1,World Flythrough,57.38,17.43,81.56,N/A,9888.20,N/A,0,0,0,0
1780871653862,NeoForge,CAPTURE_ON,1,World Flythrough,45.05,22.20,81.56,N/A,9888.20,N/A,0,0,0,0
1780871653872,NeoForge,CAPTURE_ON,1,World Flythrough,92.46,10.82,81.56,N/A,9888.20,N/A,0,0,0,0
1780871653891,NeoForge,CAPTURE_ON,1,World Flythrough,57.95,17.26,81.56,N/A,9888.20,N/A,0,0,0,0
1780871653913,NeoForge,CAPTURE_ON,1,World Flythrough,44.96,22.24,81.56,N/A,9888.20,N/A,0,0,0,0
1780871653923,NeoForge,CAPTURE_ON,1,World Flythrough,102.34,9.77,81.56,N/A,9888.20,N/A,0,0,0,0
1780871653941,NeoForge,CAPTURE_ON,1,World Flythrough,53.84,18.57,81.56,N/A,9888.20,N/A,0,0,0,0
1780871653962,NeoForge,CAPTURE_ON,1,World Flythrough,47.98,20.84,81.56,N/A,9888.20,N/A,0,0,0,0
1780871653974,NeoForge,CAPTURE_ON,1,World Flythrough,86.55,11.55,81.56,N/A,9888.20,N/A,0,0,0,0
1780871653990,NeoForge,CAPTURE_ON,1,World Flythrough,59.38,16.84,81.56,N/A,9888.20,N/A,0,0,0,0
1780871654013,NeoForge,CAPTURE_ON,1,World Flythrough,44.58,22.43,81.56,N/A,9888.20,N/A,0,0,0,0
1780871654024,NeoForge,CAPTURE_ON,1,World Flythrough,85.55,11.69,81.56,N/A,9888.20,N/A,0,0,0,0
1780871654041,NeoForge,CAPTURE_ON,1,World Flythrough,63.31,15.80,81.56,N/A,9888.20,N/A,0,0,0,0
1780871654061,NeoForge,CAPTURE_ON,1,World Flythrough,46.50,21.50,81.56,N/A,9888.20,N/A,0,0,0,0
1780871654073,NeoForge,CAPTURE_ON,1,World Flythrough,90.18,11.09,81.56,N/A,9888.20,N/A,0,0,0,0
1780871654091,NeoForge,CAPTURE_ON,1,World Flythrough,53.76,18.60,81.56,N/A,9888.20,N/A,0,0,0,0
1780871654114,NeoForge,CAPTURE_ON,1,World Flythrough,43.53,22.97,81.56,N/A,9888.20,N/A,0,0,0,0
1780871654126,NeoForge,CAPTURE_ON,1,World Flythrough,89.12,11.22,81.56,N/A,9888.20,N/A,0,0,0,0
1780871654139,NeoForge,CAPTURE_ON,1,World Flythrough,71.48,13.99,81.56,N/A,9888.20,N/A,0,0,0,0
1780871654163,NeoForge,CAPTURE_ON,1,World Flythrough,44.31,22.57,81.56,N/A,9888.20,N/A,0,0,0,0
1780871654173,NeoForge,CAPTURE_ON,1,World Flythrough,89.75,11.14,81.56,N/A,9888.20,N/A,0,0,0,0
1780871654191,NeoForge,CAPTURE_ON,1,World Flythrough,56.04,17.84,81.56,N/A,9888.20,N/A,0,0,0,0
1780871654213,NeoForge,CAPTURE_ON,1,World Flythrough,46.31,21.60,81.56,N/A,9888.20,N/A,0,0,0,0
1780871654223,NeoForge,CAPTURE_ON,1,World Flythrough,97.15,10.29,81.56,N/A,9888.20,N/A,0,0,0,0
1780871654241,NeoForge,CAPTURE_ON,1,World Flythrough,56.80,17.60,81.56,N/A,9888.20,N/A,0,0,0,0
1780871654263,NeoForge,CAPTURE_ON,1,World Flythrough,45.97,21.75,81.56,N/A,9888.20,N/A,0,0,0,0
1780871654272,NeoForge,CAPTURE_ON,1,World Flythrough,93.89,10.65,81.56,N/A,9888.20,N/A,0,0,0,0
1780871654292,NeoForge,CAPTURE_ON,1,World Flythrough,52.29,19.13,81.56,N/A,9888.20,N/A,0,0,0,0
1780871654312,NeoForge,CAPTURE_ON,1,World Flythrough,48.21,20.74,81.56,N/A,9888.20,N/A,0,0,0,0
1780871654322,NeoForge,CAPTURE_ON,1,World Flythrough,96.72,10.34,81.56,N/A,9888.20,N/A,0,0,0,0
1780871654340,NeoForge,CAPTURE_ON,1,World Flythrough,57.76,17.31,81.56,N/A,9888.20,N/A,0,0,0,0
1780871654381,NeoForge,CAPTURE_ON,1,World Flythrough,25.03,39.95,81.56,N/A,9888.20,N/A,0,0,0,0
1780871654391,NeoForge,CAPTURE_ON,1,World Flythrough,94.77,10.55,81.56,N/A,9888.20,N/A,0,0,0,0
1780871654415,NeoForge,CAPTURE_ON,1,World Flythrough,42.45,23.56,81.56,N/A,9888.20,N/A,0,0,0,0
1780871654424,NeoForge,CAPTURE_ON,1,World Flythrough,104.78,9.54,81.56,N/A,9888.20,N/A,0,0,0,0
1780871654440,NeoForge,CAPTURE_ON,1,World Flythrough,61.47,16.27,81.56,N/A,9888.20,N/A,0,0,0,0
1780871654461,NeoForge,CAPTURE_ON,1,World Flythrough,47.94,20.86,81.56,N/A,9888.20,N/A,0,0,0,0
1780871654473,NeoForge,CAPTURE_ON,1,World Flythrough,83.90,11.92,81.56,N/A,9888.20,N/A,0,0,0,0
1780871654682,NeoForge,CAPTURE_ON,1,World Flythrough,10.42,96.01,89.30,N/A,9580.21,N/A,0,0,0,0
1780871654719,NeoForge,CAPTURE_ON,1,World Flythrough,6.71,149.01,89.30,N/A,9580.21,N/A,0,0,0,0
1780871654730,NeoForge,CAPTURE_ON,1,World Flythrough,90.11,11.10,89.30,N/A,9580.21,N/A,0,0,0,0
1780871654740,NeoForge,CAPTURE_ON,1,World Flythrough,94.53,10.58,89.30,N/A,9580.21,N/A,0,0,0,0
1780871654762,NeoForge,CAPTURE_ON,1,World Flythrough,43.55,22.96,89.30,N/A,9580.21,N/A,0,0,0,0
1780871654775,NeoForge,CAPTURE_ON,1,World Flythrough,85.28,11.73,89.30,N/A,9580.21,N/A,0,0,0,0
1780871654791,NeoForge,CAPTURE_ON,1,World Flythrough,61.43,16.28,89.30,N/A,9580.21,N/A,0,0,0,0
1780871654812,NeoForge,CAPTURE_ON,1,World Flythrough,46.73,21.40,89.30,N/A,9580.21,N/A,0,0,0,0
1780871654824,NeoForge,CAPTURE_ON,1,World Flythrough,87.87,11.38,89.30,N/A,9580.21,N/A,0,0,0,0
1780871654840,NeoForge,CAPTURE_ON,1,World Flythrough,60.03,16.66,89.30,N/A,9580.21,N/A,0,0,0,0
1780871654863,NeoForge,CAPTURE_ON,1,World Flythrough,44.03,22.71,89.30,N/A,9580.21,N/A,0,0,0,0
1780871654873,NeoForge,CAPTURE_ON,1,World Flythrough,94.98,10.53,89.30,N/A,9580.21,N/A,0,0,0,0
1780871654891,NeoForge,CAPTURE_ON,1,World Flythrough,57.64,17.35,89.30,N/A,9580.21,N/A,0,0,0,0
1780871654912,NeoForge,CAPTURE_ON,1,World Flythrough,44.77,22.34,89.30,N/A,9580.21,N/A,0,0,0,0
1780871654924,NeoForge,CAPTURE_ON,1,World Flythrough,88.68,11.28,89.30,N/A,9580.21,N/A,0,0,0,0
1780871654941,NeoForge,CAPTURE_ON,1,World Flythrough,60.26,16.60,89.30,N/A,9580.21,N/A,0,0,0,0
1780871654963,NeoForge,CAPTURE_ON,1,World Flythrough,45.28,22.09,89.30,N/A,9580.21,N/A,0,0,0,0
1780871654974,NeoForge,CAPTURE_ON,1,World Flythrough,91.07,10.98,89.30,N/A,9580.21,N/A,0,0,0,0
1780871654991,NeoForge,CAPTURE_ON,1,World Flythrough,58.13,17.20,89.30,N/A,9580.21,N/A,0,0,0,0
1780871655012,NeoForge,CAPTURE_ON,1,World Flythrough,47.19,21.19,89.30,N/A,9580.21,N/A,0,0,0,0
1780871655023,NeoForge,CAPTURE_ON,1,World Flythrough,89.99,11.11,89.30,N/A,9580.21,N/A,0,0,0,0
1780871655041,NeoForge,CAPTURE_ON,1,World Flythrough,58.15,17.20,89.30,N/A,9580.21,N/A,0,0,0,0
1780871655063,NeoForge,CAPTURE_ON,1,World Flythrough,44.54,22.45,89.30,N/A,9580.21,N/A,0,0,0,0
1780871655072,NeoForge,CAPTURE_ON,1,World Flythrough,101.13,9.89,89.30,N/A,9580.21,N/A,0,0,0,0
1780871655091,NeoForge,CAPTURE_ON,1,World Flythrough,56.51,17.70,89.30,N/A,9580.21,N/A,0,0,0,0
1780871655112,NeoForge,CAPTURE_ON,1,World Flythrough,44.22,22.61,89.30,N/A,9580.21,N/A,0,0,0,0
1780871655141,NeoForge,CAPTURE_ON,1,World Flythrough,35.85,27.90,89.30,N/A,9580.21,N/A,0,0,0,0
1780871655156,NeoForge,CAPTURE_ON,1,World Flythrough,64.22,15.57,89.30,N/A,9580.21,N/A,0,0,0,0
1780871655166,NeoForge,CAPTURE_ON,1,World Flythrough,101.76,9.83,89.30,N/A,9580.21,N/A,0,0,0,0
1780871655177,NeoForge,CAPTURE_ON,1,World Flythrough,107.23,9.33,89.30,N/A,9580.21,N/A,0,0,0,0
1780871655191,NeoForge,CAPTURE_ON,1,World Flythrough,70.27,14.23,89.30,N/A,9580.21,N/A,0,0,0,0
1780871655213,NeoForge,CAPTURE_ON,1,World Flythrough,44.73,22.36,89.30,N/A,9580.21,N/A,0,0,0,0
1780871655224,NeoForge,CAPTURE_ON,1,World Flythrough,84.70,11.81,89.30,N/A,9580.21,N/A,0,0,0,0
1780871655240,NeoForge,CAPTURE_ON,1,World Flythrough,62.14,16.09,89.30,N/A,9580.21,N/A,0,0,0,0
1780871655263,NeoForge,CAPTURE_ON,1,World Flythrough,43.84,22.81,89.30,N/A,9580.21,N/A,0,0,0,0
1780871655276,NeoForge,CAPTURE_ON,1,World Flythrough,83.06,12.04,89.30,N/A,9580.21,N/A,0,0,0,0
1780871655291,NeoForge,CAPTURE_ON,1,World Flythrough,63.99,15.63,89.30,N/A,9580.21,N/A,0,0,0,0
1780871655312,NeoForge,CAPTURE_ON,1,World Flythrough,45.30,22.08,89.30,N/A,9580.21,N/A,0,0,0,0
1780871655324,NeoForge,CAPTURE_ON,1,World Flythrough,89.52,11.17,89.30,N/A,9580.21,N/A,0,0,0,0
1780871655340,NeoForge,CAPTURE_ON,1,World Flythrough,60.45,16.54,89.30,N/A,9580.21,N/A,0,0,0,0
1780871655387,NeoForge,CAPTURE_ON,1,World Flythrough,21.57,46.35,89.30,N/A,9580.21,N/A,0,0,0,0
1780871655402,NeoForge,CAPTURE_ON,1,World Flythrough,68.12,14.68,89.30,N/A,9580.21,N/A,0,0,0,0
1780871655419,NeoForge,CAPTURE_ON,1,World Flythrough,56.57,17.68,89.30,N/A,9580.21,N/A,0,0,0,0
1780871655430,NeoForge,CAPTURE_ON,1,World Flythrough,97.60,10.25,89.30,N/A,9580.21,N/A,0,0,0,0
1780871655440,NeoForge,CAPTURE_ON,1,World Flythrough,94.87,10.54,89.30,N/A,9580.21,N/A,0,0,0,0
1780871655464,NeoForge,CAPTURE_ON,1,World Flythrough,42.68,23.43,89.30,N/A,9580.21,N/A,0,0,0,0
1780871655474,NeoForge,CAPTURE_ON,1,World Flythrough,99.73,10.03,89.30,N/A,9580.21,N/A,0,0,0,0
1780871655491,NeoForge,CAPTURE_ON,1,World Flythrough,56.78,17.61,89.30,N/A,9580.21,N/A,0,0,0,0
1780871655515,NeoForge,CAPTURE_ON,1,World Flythrough,43.38,23.05,89.30,N/A,9580.21,N/A,0,0,0,0
1780871655524,NeoForge,CAPTURE_ON,1,World Flythrough,111.86,8.94,89.30,N/A,9580.21,N/A,0,0,0,0
1780871655541,NeoForge,CAPTURE_ON,1,World Flythrough,54.36,18.39,89.30,N/A,9580.21,N/A,0,0,0,0
1780871655563,NeoForge,CAPTURE_ON,1,World Flythrough,47.73,20.95,89.30,N/A,9580.21,N/A,0,0,0,0
1780871655876,NeoForge,CAPTURE_ON,1,World Flythrough,87.96,11.37,91.91,N/A,10779.55,N/A,0,0,0,0
1780871655920,NeoForge,CAPTURE_ON,1,World Flythrough,2.89,346.05,91.91,N/A,10779.55,N/A,0,0,0,0
1780871655937,NeoForge,CAPTURE_ON,1,World Flythrough,59.64,16.77,91.91,N/A,10779.55,N/A,0,0,0,0
1780871655955,NeoForge,CAPTURE_ON,1,World Flythrough,57.17,17.49,91.91,N/A,10779.55,N/A,0,0,0,0
1780871655965,NeoForge,CAPTURE_ON,1,World Flythrough,100.59,9.94,91.91,N/A,10779.55,N/A,0,0,0,0
1780871655976,NeoForge,CAPTURE_ON,1,World Flythrough,89.14,11.22,91.91,N/A,10779.55,N/A,0,0,0,0
1780871655992,NeoForge,CAPTURE_ON,1,World Flythrough,59.75,16.74,91.91,N/A,10779.55,N/A,0,0,0,0
1780871656015,NeoForge,CAPTURE_ON,1,World Flythrough,45.18,22.14,91.91,N/A,10779.55,N/A,0,0,0,0
1780871656027,NeoForge,CAPTURE_ON,1,World Flythrough,82.66,12.10,91.91,N/A,10779.55,N/A,0,0,0,0
1780871656043,NeoForge,CAPTURE_ON,1,World Flythrough,62.52,16.00,91.91,N/A,10779.55,N/A,0,0,0,0
1780871656064,NeoForge,CAPTURE_ON,1,World Flythrough,46.20,21.64,91.91,N/A,10779.55,N/A,0,0,0,0
1780871656077,NeoForge,CAPTURE_ON,1,World Flythrough,79.89,12.52,91.91,N/A,10779.55,N/A,0,0,0,0
1780871656092,NeoForge,CAPTURE_ON,1,World Flythrough,64.61,15.48,91.91,N/A,10779.55,N/A,0,0,0,0
1780871656115,NeoForge,CAPTURE_ON,1,World Flythrough,44.62,22.41,91.91,N/A,10779.55,N/A,0,0,0,0
1780871656126,NeoForge,CAPTURE_ON,1,World Flythrough,89.11,11.22,91.91,N/A,10779.55,N/A,0,0,0,0
1780871656143,NeoForge,CAPTURE_ON,1,World Flythrough,59.44,16.82,91.91,N/A,10779.55,N/A,0,0,0,0
1780871656164,NeoForge,CAPTURE_ON,1,World Flythrough,45.64,21.91,91.91,N/A,10779.55,N/A,0,0,0,0
1780871656174,NeoForge,CAPTURE_ON,1,World Flythrough,95.51,10.47,91.91,N/A,10779.55,N/A,0,0,0,0
1780871656192,NeoForge,CAPTURE_ON,1,World Flythrough,56.48,17.71,91.91,N/A,10779.55,N/A,0,0,0,0
1780871656216,NeoForge,CAPTURE_ON,1,World Flythrough,43.74,22.86,91.91,N/A,10779.55,N/A,0,0,0,0
1780871656227,NeoForge,CAPTURE_ON,1,World Flythrough,84.48,11.84,91.91,N/A,10779.55,N/A,0,0,0,0
1780871656242,NeoForge,CAPTURE_ON,1,World Flythrough,70.03,14.28,91.91,N/A,10779.55,N/A,0,0,0,0
1780871656264,NeoForge,CAPTURE_ON,1,World Flythrough,46.17,21.66,91.91,N/A,10779.55,N/A,0,0,0,0
1780871656275,NeoForge,CAPTURE_ON,1,World Flythrough,86.24,11.60,91.91,N/A,10779.55,N/A,0,0,0,0
1780871656330,NeoForge,CAPTURE_ON,1,World Flythrough,18.06,55.37,91.91,N/A,10779.55,N/A,0,0,0,0
1780871656341,NeoForge,CAPTURE_ON,1,World Flythrough,96.12,10.40,91.91,N/A,10779.55,N/A,0,0,0,0
1780871656358,NeoForge,CAPTURE_ON,1,World Flythrough,58.28,17.16,91.91,N/A,10779.55,N/A,0,0,0,0
1780871656368,NeoForge,CAPTURE_ON,1,World Flythrough,104.16,9.60,91.91,N/A,10779.55,N/A,0,0,0,0
1780871656377,NeoForge,CAPTURE_ON,1,World Flythrough,101.95,9.81,91.91,N/A,10779.55,N/A,0,0,0,0
1780871656414,NeoForge,CAPTURE_ON,1,World Flythrough,27.42,36.47,91.91,N/A,10779.55,N/A,0,0,0,0
1780871656424,NeoForge,CAPTURE_ON,1,World Flythrough,94.26,10.61,91.91,N/A,10779.55,N/A,0,0,0,0
1780871656433,NeoForge,CAPTURE_ON,1,World Flythrough,107.72,9.28,91.91,N/A,10779.55,N/A,0,0,0,0
1780871656448,NeoForge,CAPTURE_ON,1,World Flythrough,66.62,15.01,91.91,N/A,10779.55,N/A,0,0,0,0
1780871656460,NeoForge,CAPTURE_ON,1,World Flythrough,84.64,11.81,91.91,N/A,10779.55,N/A,0,0,0,0
1780871656476,NeoForge,CAPTURE_ON,1,World Flythrough,66.96,14.94,91.91,N/A,10779.55,N/A,0,0,0,0
1780871656493,NeoForge,CAPTURE_ON,1,World Flythrough,58.06,17.22,91.91,N/A,10779.55,N/A,0,0,0,0
1780871656514,NeoForge,CAPTURE_ON,1,World Flythrough,47.22,21.18,91.91,N/A,10779.55,N/A,0,0,0,0
1780871656525,NeoForge,CAPTURE_ON,1,World Flythrough,85.60,11.68,91.91,N/A,10779.55,N/A,0,0,0,0
1780871656549,NeoForge,CAPTURE_ON,1,World Flythrough,42.38,23.60,91.91,N/A,10779.55,N/A,0,0,0,0
1780871656567,NeoForge,CAPTURE_ON,1,World Flythrough,57.67,17.34,91.91,N/A,10779.55,N/A,0,0,0,0
1780871656701,NeoForge,CAPTURE_ON,1,World Flythrough,88.06,11.36,70.69,N/A,9576.06,N/A,0,0,0,0
1780871656728,NeoForge,CAPTURE_ON,1,World Flythrough,6.65,150.48,70.69,N/A,9576.06,N/A,0,0,0,0
1780871656739,NeoForge,CAPTURE_ON,1,World Flythrough,88.97,11.24,70.69,N/A,9576.06,N/A,0,0,0,0
1780871656756,NeoForge,CAPTURE_ON,1,World Flythrough,60.52,16.52,70.69,N/A,9576.06,N/A,0,0,0,0
1780871656767,NeoForge,CAPTURE_ON,1,World Flythrough,90.05,11.11,70.69,N/A,9576.06,N/A,0,0,0,0
1780871656777,NeoForge,CAPTURE_ON,1,World Flythrough,94.68,10.56,70.69,N/A,9576.06,N/A,0,0,0,0
1780871656801,NeoForge,CAPTURE_ON,1,World Flythrough,44.07,22.69,70.69,N/A,9576.06,N/A,0,0,0,0
1780871656812,NeoForge,CAPTURE_ON,1,World Flythrough,88.22,11.34,70.69,N/A,9576.06,N/A,0,0,0,0
1780871656827,NeoForge,CAPTURE_ON,1,World Flythrough,65.74,15.21,70.69,N/A,9576.06,N/A,0,0,0,0
1780871656849,NeoForge,CAPTURE_ON,1,World Flythrough,44.58,22.43,70.69,N/A,9576.06,N/A,0,0,0,0
1780871656860,NeoForge,CAPTURE_ON,1,World Flythrough,91.54,10.92,70.69,N/A,9576.06,N/A,0,0,0,0
1780871656878,NeoForge,CAPTURE_ON,1,World Flythrough,58.65,17.05,70.69,N/A,9576.06,N/A,0,0,0,0
1780871656900,NeoForge,CAPTURE_ON,1,World Flythrough,44.00,22.73,70.69,N/A,9576.06,N/A,0,0,0,0
1780871656912,NeoForge,CAPTURE_ON,1,World Flythrough,83.12,12.03,70.69,N/A,9576.06,N/A,0,0,0,0
1780871656926,NeoForge,CAPTURE_ON,1,World Flythrough,68.59,14.58,70.69,N/A,9576.06,N/A,0,0,0,0
1780871656945,NeoForge,CAPTURE_ON,1,World Flythrough,55.49,18.02,70.69,N/A,9576.06,N/A,0,0,0,0
1780871656967,NeoForge,CAPTURE_ON,1,World Flythrough,43.51,22.99,70.69,N/A,9576.06,N/A,0,0,0,0
1780871656978,NeoForge,CAPTURE_ON,1,World Flythrough,96.35,10.38,70.69,N/A,9576.06,N/A,0,0,0,0
1780871656999,NeoForge,CAPTURE_ON,1,World Flythrough,47.64,20.99,70.69,N/A,9576.06,N/A,0,0,0,0
1780871657010,NeoForge,CAPTURE_ON,1,World Flythrough,90.88,11.00,70.69,N/A,9576.06,N/A,0,0,0,0
1780871657027,NeoForge,CAPTURE_ON,1,World Flythrough,61.62,16.23,70.69,N/A,9576.06,N/A,0,0,0,0
1780871657049,NeoForge,CAPTURE_ON,1,World Flythrough,44.23,22.61,70.69,N/A,9576.06,N/A,0,0,0,0
1780871657060,NeoForge,CAPTURE_ON,1,World Flythrough,90.83,11.01,70.69,N/A,9576.06,N/A,0,0,0,0
1780871657077,NeoForge,CAPTURE_ON,1,World Flythrough,57.38,17.43,70.69,N/A,9576.06,N/A,0,0,0,0
1780871657099,NeoForge,CAPTURE_ON,1,World Flythrough,46.90,21.32,70.69,N/A,9576.06,N/A,0,0,0,0
1780871657113,NeoForge,CAPTURE_ON,1,World Flythrough,72.71,13.75,70.69,N/A,9576.06,N/A,0,0,0,0
1780871657127,NeoForge,CAPTURE_ON,1,World Flythrough,70.47,14.19,70.69,N/A,9576.06,N/A,0,0,0,0
1780871657149,NeoForge,CAPTURE_ON,1,World Flythrough,44.52,22.46,70.69,N/A,9576.06,N/A,0,0,0,0
1780871657160,NeoForge,CAPTURE_ON,1,World Flythrough,88.74,11.27,70.69,N/A,9576.06,N/A,0,0,0,0
1780871657177,NeoForge,CAPTURE_ON,1,World Flythrough,59.91,16.69,70.69,N/A,9576.06,N/A,0,0,0,0
1780871657198,NeoForge,CAPTURE_ON,1,World Flythrough,46.07,21.71,70.69,N/A,9576.06,N/A,0,0,0,0
1780871657209,NeoForge,CAPTURE_ON,1,World Flythrough,94.53,10.58,70.69,N/A,9576.06,N/A,0,0,0,0
1780871657226,NeoForge,CAPTURE_ON,1,World Flythrough,57.27,17.46,70.69,N/A,9576.06,N/A,0,0,0,0
1780871657249,NeoForge,CAPTURE_ON,1,World Flythrough,42.48,23.54,70.69,N/A,9576.06,N/A,0,0,0,0
1780871657261,NeoForge,CAPTURE_ON,1,World Flythrough,101.11,9.89,70.69,N/A,9576.06,N/A,0,0,0,0
1780871657278,NeoForge,CAPTURE_ON,1,World Flythrough,58.37,17.13,70.69,N/A,9576.06,N/A,0,0,0,0
1780871657299,NeoForge,CAPTURE_ON,1,World Flythrough,46.10,21.69,70.69,N/A,9576.06,N/A,0,0,0,0
1780871657311,NeoForge,CAPTURE_ON,1,World Flythrough,88.58,11.29,70.69,N/A,9576.06,N/A,0,0,0,0
1780871657331,NeoForge,CAPTURE_ON,1,World Flythrough,50.17,19.93,70.69,N/A,9576.06,N/A,0,0,0,0
1780871657350,NeoForge,CAPTURE_ON,1,World Flythrough,49.56,20.18,70.69,N/A,9576.06,N/A,0,0,0,0
1780871657361,NeoForge,CAPTURE_ON,1,World Flythrough,97.77,10.23,70.69,N/A,9576.06,N/A,0,0,0,0
1780871657379,NeoForge,CAPTURE_ON,1,World Flythrough,54.91,18.21,70.69,N/A,9576.06,N/A,0,0,0,0
1780871657401,NeoForge,CAPTURE_ON,1,World Flythrough,46.93,21.31,70.69,N/A,9576.06,N/A,0,0,0,0
1780871657411,NeoForge,CAPTURE_ON,1,World Flythrough,91.64,10.91,70.69,N/A,9576.06,N/A,0,0,0,0
1780871657430,NeoForge,CAPTURE_ON,1,World Flythrough,54.98,18.19,70.69,N/A,9576.06,N/A,0,0,0,0
1780871657450,NeoForge,CAPTURE_ON,1,World Flythrough,47.93,20.86,70.69,N/A,9576.06,N/A,0,0,0,0
1780871657460,NeoForge,CAPTURE_ON,1,World Flythrough,91.37,10.94,70.69,N/A,9576.06,N/A,0,0,0,0
1780871657476,NeoForge,CAPTURE_ON,1,World Flythrough,62.95,15.89,70.69,N/A,9576.06,N/A,0,0,0,0
1780871657500,NeoForge,CAPTURE_ON,1,World Flythrough,43.72,22.87,70.69,N/A,9576.06,N/A,0,0,0,0
1780871657511,NeoForge,CAPTURE_ON,1,World Flythrough,95.20,10.50,70.69,N/A,9576.06,N/A,0,0,0,0
1780871657527,NeoForge,CAPTURE_ON,1,World Flythrough,60.33,16.58,70.69,N/A,9576.06,N/A,0,0,0,0
1780871657551,NeoForge,CAPTURE_ON,1,World Flythrough,42.38,23.59,70.69,N/A,9576.06,N/A,0,0,0,0
1780871657561,NeoForge,CAPTURE_ON,1,World Flythrough,95.00,10.53,70.69,N/A,9576.06,N/A,0,0,0,0
1780871657577,NeoForge,CAPTURE_ON,1,World Flythrough,62.91,15.90,70.69,N/A,9576.06,N/A,0,0,0,0
1780871657726,NeoForge,CAPTURE_ON,1,World Flythrough,40.10,24.94,85.39,N/A,11212.74,N/A,0,0,0,0
1780871657748,NeoForge,CAPTURE_ON,1,World Flythrough,6.83,146.49,85.39,N/A,11212.74,N/A,0,0,0,0
1780871657765,NeoForge,CAPTURE_ON,1,World Flythrough,58.97,16.96,85.39,N/A,11212.74,N/A,0,0,0,0
1780871657775,NeoForge,CAPTURE_ON,1,World Flythrough,107.07,9.34,85.39,N/A,11212.74,N/A,0,0,0,0
1780871657785,NeoForge,CAPTURE_ON,1,World Flythrough,100.86,9.91,85.39,N/A,11212.74,N/A,0,0,0,0
1780871657818,NeoForge,CAPTURE_ON,1,World Flythrough,29.77,33.60,85.39,N/A,11212.74,N/A,0,0,0,0
1780871657828,NeoForge,CAPTURE_ON,1,World Flythrough,103.35,9.68,85.39,N/A,11212.74,N/A,0,0,0,0
1780871657851,NeoForge,CAPTURE_ON,1,World Flythrough,44.23,22.61,85.39,N/A,11212.74,N/A,0,0,0,0
1780871657860,NeoForge,CAPTURE_ON,1,World Flythrough,101.59,9.84,85.39,N/A,11212.74,N/A,0,0,0,0
1780871657877,NeoForge,CAPTURE_ON,1,World Flythrough,59.20,16.89,85.39,N/A,11212.74,N/A,0,0,0,0
1780871657898,NeoForge,CAPTURE_ON,1,World Flythrough,46.72,21.40,85.39,N/A,11212.74,N/A,0,0,0,0
1780871657910,NeoForge,CAPTURE_ON,1,World Flythrough,83.93,11.91,85.39,N/A,11212.74,N/A,0,0,0,0
1780871657926,NeoForge,CAPTURE_ON,1,World Flythrough,61.02,16.39,85.39,N/A,11212.74,N/A,0,0,0,0
1780871657949,NeoForge,CAPTURE_ON,1,World Flythrough,45.87,21.80,85.39,N/A,11212.74,N/A,0,0,0,0
1780871657961,NeoForge,CAPTURE_ON,1,World Flythrough,81.59,12.26,85.39,N/A,11212.74,N/A,0,0,0,0
1780871657980,NeoForge,CAPTURE_ON,1,World Flythrough,54.49,18.35,85.39,N/A,11212.74,N/A,0,0,0,0
1780871657997,NeoForge,CAPTURE_ON,1,World Flythrough,55.08,18.16,85.39,N/A,11212.74,N/A,0,0,0,0
1780871658010,NeoForge,CAPTURE_ON,1,World Flythrough,77.58,12.89,85.39,N/A,11212.74,N/A,0,0,0,0
1780871658030,NeoForge,CAPTURE_ON,1,World Flythrough,49.32,20.28,85.39,N/A,11212.74,N/A,0,0,0,0
1780871658050,NeoForge,CAPTURE_ON,1,World Flythrough,51.56,19.40,85.39,N/A,11212.74,N/A,0,0,0,0
1780871658060,NeoForge,CAPTURE_ON,1,World Flythrough,106.13,9.42,85.39,N/A,11212.74,N/A,0,0,0,0
1780871658078,NeoForge,CAPTURE_ON,1,World Flythrough,56.24,17.78,85.39,N/A,11212.74,N/A,0,0,0,0
1780871658098,NeoForge,CAPTURE_ON,1,World Flythrough,48.21,20.74,85.39,N/A,11212.74,N/A,0,0,0,0
1780871658112,NeoForge,CAPTURE_ON,1,World Flythrough,73.15,13.67,85.39,N/A,11212.74,N/A,0,0,0,0
1780871658128,NeoForge,CAPTURE_ON,1,World Flythrough,62.22,16.07,85.39,N/A,11212.74,N/A,0,0,0,0
1780871658148,NeoForge,CAPTURE_ON,1,World Flythrough,47.31,21.14,85.39,N/A,11212.74,N/A,0,0,0,0
1780871658160,NeoForge,CAPTURE_ON,1,World Flythrough,86.82,11.52,85.39,N/A,11212.74,N/A,0,0,0,0
1780871658177,NeoForge,CAPTURE_ON,1,World Flythrough,60.20,16.61,85.39,N/A,11212.74,N/A,0,0,0,0
1780871658200,NeoForge,CAPTURE_ON,1,World Flythrough,45.17,22.14,85.39,N/A,11212.74,N/A,0,0,0,0
1780871658211,NeoForge,CAPTURE_ON,1,World Flythrough,85.28,11.73,85.39,N/A,11212.74,N/A,0,0,0,0
1780871658229,NeoForge,CAPTURE_ON,1,World Flythrough,56.58,17.68,85.39,N/A,11212.74,N/A,0,0,0,0
1780871658250,NeoForge,CAPTURE_ON,1,World Flythrough,45.56,21.95,85.39,N/A,11212.74,N/A,0,0,0,0
1780871658260,NeoForge,CAPTURE_ON,1,World Flythrough,102.31,9.77,85.39,N/A,11212.74,N/A,0,0,0,0
1780871658277,NeoForge,CAPTURE_ON,1,World Flythrough,57.10,17.51,85.39,N/A,11212.74,N/A,0,0,0,0
1780871658299,NeoForge,CAPTURE_ON,1,World Flythrough,47.39,21.10,85.39,N/A,11212.74,N/A,0,0,0,0
1780871658310,NeoForge,CAPTURE_ON,1,World Flythrough,92.87,10.77,85.39,N/A,11212.74,N/A,0,0,0,0
1780871658328,NeoForge,CAPTURE_ON,1,World Flythrough,54.46,18.36,85.39,N/A,11212.74,N/A,0,0,0,0
1780871658351,NeoForge,CAPTURE_ON,1,World Flythrough,44.58,22.43,85.39,N/A,11212.74,N/A,0,0,0,0
1780871658360,NeoForge,CAPTURE_ON,1,World Flythrough,94.27,10.61,85.39,N/A,11212.74,N/A,0,0,0,0
1780871658377,NeoForge,CAPTURE_ON,1,World Flythrough,62.04,16.12,85.39,N/A,11212.74,N/A,0,0,0,0
1780871658399,NeoForge,CAPTURE_ON,1,World Flythrough,44.73,22.36,85.39,N/A,11212.74,N/A,0,0,0,0
1780871658413,NeoForge,CAPTURE_ON,1,World Flythrough,78.81,12.69,85.39,N/A,11212.74,N/A,0,0,0,0
1780871658430,NeoForge,CAPTURE_ON,1,World Flythrough,55.97,17.87,85.39,N/A,11212.74,N/A,0,0,0,0
1780871658451,NeoForge,CAPTURE_ON,1,World Flythrough,46.14,21.67,85.39,N/A,11212.74,N/A,0,0,0,0
1780871658462,NeoForge,CAPTURE_ON,1,World Flythrough,96.35,10.38,85.39,N/A,11212.74,N/A,0,0,0,0
1780871658479,NeoForge,CAPTURE_ON,1,World Flythrough,62.58,15.98,85.39,N/A,11212.74,N/A,0,0,0,0
1780871658503,NeoForge,CAPTURE_ON,1,World Flythrough,40.84,24.48,85.39,N/A,11212.74,N/A,0,0,0,0
1780871658514,NeoForge,CAPTURE_ON,1,World Flythrough,79.37,12.60,85.39,N/A,11212.74,N/A,0,0,0,0
1780871658533,NeoForge,CAPTURE_ON,1,World Flythrough,55.21,18.11,85.39,N/A,11212.74,N/A,0,0,0,0
1780871658550,NeoForge,CAPTURE_ON,1,World Flythrough,59.32,16.86,85.39,N/A,11212.74,N/A,0,0,0,0
1780871658562,NeoForge,CAPTURE_ON,1,World Flythrough,85.86,11.65,85.39,N/A,11212.74,N/A,0,0,0,0
1780871658578,NeoForge,CAPTURE_ON,1,World Flythrough,59.87,16.70,85.39,N/A,11212.74,N/A,0,0,0,0
1780871658600,NeoForge,CAPTURE_ON,1,World Flythrough,48.21,20.74,85.39,N/A,11212.74,N/A,0,0,0,0
1780871658734,NeoForge,CAPTURE_ON,1,World Flythrough,54.48,18.36,81.17,N/A,10286.26,N/A,0,0,0,0
1780871658766,NeoForge,CAPTURE_ON,1,World Flythrough,6.75,148.06,81.17,N/A,10286.26,N/A,0,0,0,0
1780871658781,NeoForge,CAPTURE_ON,1,World Flythrough,66.92,14.94,81.17,N/A,10286.26,N/A,0,0,0,0
1780871658790,NeoForge,CAPTURE_ON,1,World Flythrough,102.12,9.79,81.17,N/A,10286.26,N/A,0,0,0,0
1780871658808,NeoForge,CAPTURE_ON,1,World Flythrough,58.85,16.99,81.17,N/A,10286.26,N/A,0,0,0,0
1780871658818,NeoForge,CAPTURE_ON,1,World Flythrough,92.47,10.81,81.17,N/A,10286.26,N/A,0,0,0,0
1780871658830,NeoForge,CAPTURE_ON,1,World Flythrough,84.62,11.82,81.17,N/A,10286.26,N/A,0,0,0,0
1780871658850,NeoForge,CAPTURE_ON,1,World Flythrough,49.34,20.27,81.17,N/A,10286.26,N/A,0,0,0,0
1780871658863,NeoForge,CAPTURE_ON,1,World Flythrough,79.84,12.53,81.17,N/A,10286.26,N/A,0,0,0,0
1780871658877,NeoForge,CAPTURE_ON,1,World Flythrough,67.01,14.92,81.17,N/A,10286.26,N/A,0,0,0,0
1780871658902,NeoForge,CAPTURE_ON,1,World Flythrough,41.40,24.16,81.17,N/A,10286.26,N/A,0,0,0,0
1780871658912,NeoForge,CAPTURE_ON,1,World Flythrough,105.42,9.49,81.17,N/A,10286.26,N/A,0,0,0,0
1780871658930,NeoForge,CAPTURE_ON,1,World Flythrough,55.12,18.14,81.17,N/A,10286.26,N/A,0,0,0,0
1780871658951,NeoForge,CAPTURE_ON,1,World Flythrough,46.42,21.54,81.17,N/A,10286.26,N/A,0,0,0,0
1780871658961,NeoForge,CAPTURE_ON,1,World Flythrough,95.32,10.49,81.17,N/A,10286.26,N/A,0,0,0,0
1780871658978,NeoForge,CAPTURE_ON,1,World Flythrough,61.21,16.34,81.17,N/A,10286.26,N/A,0,0,0,0
1780871659000,NeoForge,CAPTURE_ON,1,World Flythrough,45.35,22.05,81.17,N/A,10286.26,N/A,0,0,0,0
1780871659011,NeoForge,CAPTURE_ON,1,World Flythrough,89.45,11.18,81.17,N/A,10286.26,N/A,0,0,0,0
1780871659029,NeoForge,CAPTURE_ON,1,World Flythrough,57.78,17.31,81.17,N/A,10286.26,N/A,0,0,0,0
1780871659051,NeoForge,CAPTURE_ON,1,World Flythrough,45.68,21.89,81.17,N/A,10286.26,N/A,0,0,0,0
1780871659061,NeoForge,CAPTURE_ON,1,World Flythrough,89.47,11.18,81.17,N/A,10286.26,N/A,0,0,0,0
1780871659079,NeoForge,CAPTURE_ON,1,World Flythrough,55.12,18.14,81.17,N/A,10286.26,N/A,0,0,0,0
1780871659100,NeoForge,CAPTURE_ON,1,World Flythrough,49.12,20.36,81.17,N/A,10286.26,N/A,0,0,0,0
1780871659110,NeoForge,CAPTURE_ON,1,World Flythrough,92.94,10.76,81.17,N/A,10286.26,N/A,0,0,0,0
1780871659129,NeoForge,CAPTURE_ON,1,World Flythrough,52.28,19.13,81.17,N/A,10286.26,N/A,0,0,0,0
1780871659151,NeoForge,CAPTURE_ON,1,World Flythrough,48.78,20.50,81.17,N/A,10286.26,N/A,0,0,0,0
1780871659161,NeoForge,CAPTURE_ON,1,World Flythrough,89.52,11.17,81.17,N/A,10286.26,N/A,0,0,0,0
1780871659179,NeoForge,CAPTURE_ON,1,World Flythrough,59.03,16.94,81.17,N/A,10286.26,N/A,0,0,0,0
1780871659200,NeoForge,CAPTURE_ON,1,World Flythrough,46.13,21.68,81.17,N/A,10286.26,N/A,0,0,0,0
1780871659212,NeoForge,CAPTURE_ON,1,World Flythrough,88.60,11.29,81.17,N/A,10286.26,N/A,0,0,0,0
1780871659229,NeoForge,CAPTURE_ON,1,World Flythrough,54.32,18.41,81.17,N/A,10286.26,N/A,0,0,0,0
1780871659250,NeoForge,CAPTURE_ON,1,World Flythrough,49.78,20.09,81.17,N/A,10286.26,N/A,0,0,0,0
1780871659261,NeoForge,CAPTURE_ON,1,World Flythrough,86.76,11.53,81.17,N/A,10286.26,N/A,0,0,0,0
1780871659280,NeoForge,CAPTURE_ON,1,World Flythrough,54.05,18.50,81.17,N/A,10286.26,N/A,0,0,0,0
1780871659300,NeoForge,CAPTURE_ON,1,World Flythrough,48.80,20.49,81.17,N/A,10286.26,N/A,0,0,0,0
1780871659311,NeoForge,CAPTURE_ON,1,World Flythrough,94.06,10.63,81.17,N/A,10286.26,N/A,0,0,0,0
1780871659331,NeoForge,CAPTURE_ON,1,World Flythrough,50.15,19.94,81.17,N/A,10286.26,N/A,0,0,0,0
1780871659350,NeoForge,CAPTURE_ON,1,World Flythrough,51.86,19.28,81.17,N/A,10286.26,N/A,0,0,0,0
1780871659362,NeoForge,CAPTURE_ON,1,World Flythrough,87.02,11.49,81.17,N/A,10286.26,N/A,0,0,0,0
1780871659380,NeoForge,CAPTURE_ON,1,World Flythrough,55.64,17.97,81.17,N/A,10286.26,N/A,0,0,0,0
1780871659402,NeoForge,CAPTURE_ON,1,World Flythrough,45.74,21.86,81.17,N/A,10286.26,N/A,0,0,0,0
1780871659412,NeoForge,CAPTURE_ON,1,World Flythrough,101.97,9.81,81.17,N/A,10286.26,N/A,0,0,0,0
1780871659431,NeoForge,CAPTURE_ON,1,World Flythrough,53.11,18.83,81.17,N/A,10286.26,N/A,0,0,0,0
1780871664847,NeoForge,CAPTURE_OFF,2,World Flythrough,37.58,26.61,73.55,N/A,11307.49,N/A,0,0,0,0
1780871664908,NeoForge,CAPTURE_OFF,2,World Flythrough,2.24,446.40,73.55,N/A,11307.49,N/A,0,0,0,0
1780871664930,NeoForge,CAPTURE_OFF,2,World Flythrough,45.10,22.17,73.55,N/A,11307.49,N/A,0,0,0,0
1780871664947,NeoForge,CAPTURE_OFF,2,World Flythrough,59.40,16.83,73.55,N/A,11307.49,N/A,0,0,0,0
1780871664970,NeoForge,CAPTURE_OFF,2,World Flythrough,43.10,23.20,73.55,N/A,11307.49,N/A,0,0,0,0
1780871664985,NeoForge,CAPTURE_OFF,2,World Flythrough,65.36,15.30,73.55,N/A,11307.49,N/A,0,0,0,0
1780871665010,NeoForge,CAPTURE_OFF,2,World Flythrough,41.82,23.91,73.55,N/A,11307.49,N/A,0,0,0,0
1780871665023,NeoForge,CAPTURE_OFF,2,World Flythrough,70.37,14.21,73.55,N/A,11307.49,N/A,0,0,0,0
1780871665036,NeoForge,CAPTURE_OFF,2,World Flythrough,79.41,12.59,73.55,N/A,11307.49,N/A,0,0,0,0
1780871665062,NeoForge,CAPTURE_OFF,2,World Flythrough,38.05,26.28,73.55,N/A,11307.49,N/A,0,0,0,0
1780871665074,NeoForge,CAPTURE_OFF,2,World Flythrough,83.85,11.93,73.55,N/A,11307.49,N/A,0,0,0,0
1780871665086,NeoForge,CAPTURE_OFF,2,World Flythrough,79.58,12.57,73.55,N/A,11307.49,N/A,0,0,0,0
1780871665109,NeoForge,CAPTURE_OFF,2,World Flythrough,43.85,22.81,73.55,N/A,11307.49,N/A,0,0,0,0
1780871665129,NeoForge,CAPTURE_OFF,2,World Flythrough,52.17,19.17,73.55,N/A,11307.49,N/A,0,0,0,0
1780871665140,NeoForge,CAPTURE_OFF,2,World Flythrough,94.56,10.58,73.55,N/A,11307.49,N/A,0,0,0,0
1780871665159,NeoForge,CAPTURE_OFF,2,World Flythrough,51.17,19.54,73.55,N/A,11307.49,N/A,0,0,0,0
1780871665169,NeoForge,CAPTURE_OFF,2,World Flythrough,102.07,9.80,73.55,N/A,11307.49,N/A,0,0,0,0
1780871665187,NeoForge,CAPTURE_OFF,2,World Flythrough,53.95,18.54,73.55,N/A,11307.49,N/A,0,0,0,0
1780871665211,NeoForge,CAPTURE_OFF,2,World Flythrough,42.36,23.61,73.55,N/A,11307.49,N/A,0,0,0,0
1780871665223,NeoForge,CAPTURE_OFF,2,World Flythrough,79.67,12.55,73.55,N/A,11307.49,N/A,0,0,0,0
1780871665237,NeoForge,CAPTURE_OFF,2,World Flythrough,76.01,13.16,73.55,N/A,11307.49,N/A,0,0,0,0
1780871665259,NeoForge,CAPTURE_OFF,2,World Flythrough,44.97,22.24,73.55,N/A,11307.49,N/A,0,0,0,0
1780871665272,NeoForge,CAPTURE_OFF,2,World Flythrough,79.48,12.58,73.55,N/A,11307.49,N/A,0,0,0,0
1780871665286,NeoForge,CAPTURE_OFF,2,World Flythrough,67.60,14.79,73.55,N/A,11307.49,N/A,0,0,0,0
1780871665313,NeoForge,CAPTURE_OFF,2,World Flythrough,37.82,26.44,73.55,N/A,11307.49,N/A,0,0,0,0
1780871665327,NeoForge,CAPTURE_OFF,2,World Flythrough,71.48,13.99,73.55,N/A,11307.49,N/A,0,0,0,0
1780871665337,NeoForge,CAPTURE_OFF,2,World Flythrough,89.99,11.11,73.55,N/A,11307.49,N/A,0,0,0,0
1780871665358,NeoForge,CAPTURE_OFF,2,World Flythrough,48.40,20.66,73.55,N/A,11307.49,N/A,0,0,0,0
1780871665370,NeoForge,CAPTURE_OFF,2,World Flythrough,91.39,10.94,73.55,N/A,11307.49,N/A,0,0,0,0
1780871665390,NeoForge,CAPTURE_OFF,2,World Flythrough,49.55,20.18,73.55,N/A,11307.49,N/A,0,0,0,0
1780871665410,NeoForge,CAPTURE_OFF,2,World Flythrough,48.34,20.69,73.55,N/A,11307.49,N/A,0,0,0,0
1780871665422,NeoForge,CAPTURE_OFF,2,World Flythrough,81.61,12.25,73.55,N/A,11307.49,N/A,0,0,0,0
1780871665436,NeoForge,CAPTURE_OFF,2,World Flythrough,71.99,13.89,73.55,N/A,11307.49,N/A,0,0,0,0
1780871665460,NeoForge,CAPTURE_OFF,2,World Flythrough,42.61,23.47,73.55,N/A,11307.49,N/A,0,0,0,0
1780871665722,NeoForge,CAPTURE_OFF,2,World Flythrough,78.28,12.78,82.26,N/A,9840.62,N/A,0,0,0,0
1780871665773,NeoForge,CAPTURE_OFF,2,World Flythrough,3.33,300.17,82.26,N/A,9840.62,N/A,0,0,0,0
1780871665796,NeoForge,CAPTURE_OFF,2,World Flythrough,43.66,22.90,82.26,N/A,9840.62,N/A,0,0,0,0
1780871665820,NeoForge,CAPTURE_OFF,2,World Flythrough,40.44,24.73,82.26,N/A,9840.62,N/A,0,0,0,0
1780871665837,NeoForge,CAPTURE_OFF,2,World Flythrough,62.87,15.91,82.26,N/A,9840.62,N/A,0,0,0,0
1780871665856,NeoForge,CAPTURE_OFF,2,World Flythrough,50.01,20.00,82.26,N/A,9840.62,N/A,0,0,0,0
1780871665873,NeoForge,CAPTURE_OFF,2,World Flythrough,61.90,16.16,82.26,N/A,9840.62,N/A,0,0,0,0
1780871665885,NeoForge,CAPTURE_OFF,2,World Flythrough,82.60,12.11,82.26,N/A,9840.62,N/A,0,0,0,0
1780871665903,NeoForge,CAPTURE_OFF,2,World Flythrough,53.05,18.85,82.26,N/A,9840.62,N/A,0,0,0,0
1780871665915,NeoForge,CAPTURE_OFF,2,World Flythrough,86.87,11.51,82.26,N/A,9840.62,N/A,0,0,0,0
1780871665928,NeoForge,CAPTURE_OFF,2,World Flythrough,77.52,12.90,82.26,N/A,9840.62,N/A,0,0,0,0
1780871665941,NeoForge,CAPTURE_OFF,2,World Flythrough,72.42,13.81,82.26,N/A,9840.62,N/A,0,0,0,0
1780871665961,NeoForge,CAPTURE_OFF,2,World Flythrough,53.35,18.74,82.26,N/A,9840.62,N/A,0,0,0,0
1780871665973,NeoForge,CAPTURE_OFF,2,World Flythrough,75.91,13.17,82.26,N/A,9840.62,N/A,0,0,0,0
1780871665989,NeoForge,CAPTURE_OFF,2,World Flythrough,64.94,15.40,82.26,N/A,9840.62,N/A,0,0,0,0
1780871666012,NeoForge,CAPTURE_OFF,2,World Flythrough,44.13,22.66,82.26,N/A,9840.62,N/A,0,0,0,0
1780871666024,NeoForge,CAPTURE_OFF,2,World Flythrough,83.42,11.99,82.26,N/A,9840.62,N/A,0,0,0,0
1780871666039,NeoForge,CAPTURE_OFF,2,World Flythrough,65.47,15.27,82.26,N/A,9840.62,N/A,0,0,0,0
1780871666060,NeoForge,CAPTURE_OFF,2,World Flythrough,47.72,20.95,82.26,N/A,9840.62,N/A,0,0,0,0
1780871666072,NeoForge,CAPTURE_OFF,2,World Flythrough,84.76,11.80,82.26,N/A,9840.62,N/A,0,0,0,0
1780871666090,NeoForge,CAPTURE_OFF,2,World Flythrough,55.84,17.91,82.26,N/A,9840.62,N/A,0,0,0,0
1780871666112,NeoForge,CAPTURE_OFF,2,World Flythrough,44.52,22.46,82.26,N/A,9840.62,N/A,0,0,0,0
1780871666124,NeoForge,CAPTURE_OFF,2,World Flythrough,83.01,12.05,82.26,N/A,9840.62,N/A,0,0,0,0
1780871666137,NeoForge,CAPTURE_OFF,2,World Flythrough,77.13,12.96,82.26,N/A,9840.62,N/A,0,0,0,0
1780871666161,NeoForge,CAPTURE_OFF,2,World Flythrough,41.45,24.12,82.26,N/A,9840.62,N/A,0,0,0,0
1780871666173,NeoForge,CAPTURE_OFF,2,World Flythrough,89.20,11.21,82.26,N/A,9840.62,N/A,0,0,0,0
1780871666188,NeoForge,CAPTURE_OFF,2,World Flythrough,66.53,15.03,82.26,N/A,9840.62,N/A,0,0,0,0
1780871666210,NeoForge,CAPTURE_OFF,2,World Flythrough,45.45,22.00,82.26,N/A,9840.62,N/A,0,0,0,0
1780871666220,NeoForge,CAPTURE_OFF,2,World Flythrough,92.12,10.86,82.26,N/A,9840.62,N/A,0,0,0,0
1780871666238,NeoForge,CAPTURE_OFF,2,World Flythrough,55.76,17.93,82.26,N/A,9840.62,N/A,0,0,0,0
1780871666261,NeoForge,CAPTURE_OFF,2,World Flythrough,44.35,22.55,82.26,N/A,9840.62,N/A,0,0,0,0
1780871666273,NeoForge,CAPTURE_OFF,2,World Flythrough,86.78,11.52,82.26,N/A,9840.62,N/A,0,0,0,0
1780871666287,NeoForge,CAPTURE_OFF,2,World Flythrough,69.10,14.47,82.26,N/A,9840.62,N/A,0,0,0,0
1780871666310,NeoForge,CAPTURE_OFF,2,World Flythrough,43.05,23.23,82.26,N/A,9840.62,N/A,0,0,0,0
1780871666320,NeoForge,CAPTURE_OFF,2,World Flythrough,95.66,10.45,82.26,N/A,9840.62,N/A,0,0,0,0
1780871666337,NeoForge,CAPTURE_OFF,2,World Flythrough,60.62,16.50,82.26,N/A,9840.62,N/A,0,0,0,0
1780871666361,NeoForge,CAPTURE_OFF,2,World Flythrough,42.61,23.47,82.26,N/A,9840.62,N/A,0,0,0,0
1780871666371,NeoForge,CAPTURE_OFF,2,World Flythrough,94.37,10.60,82.26,N/A,9840.62,N/A,0,0,0,0
1780871666387,NeoForge,CAPTURE_OFF,2,World Flythrough,64.76,15.44,82.26,N/A,9840.62,N/A,0,0,0,0
1780871666410,NeoForge,CAPTURE_OFF,2,World Flythrough,43.50,22.99,82.26,N/A,9840.62,N/A,0,0,0,0
1780871666421,NeoForge,CAPTURE_OFF,2,World Flythrough,85.21,11.74,82.26,N/A,9840.62,N/A,0,0,0,0
1780871666437,NeoForge,CAPTURE_OFF,2,World Flythrough,67.15,14.89,82.26,N/A,9840.62,N/A,0,0,0,0
1780871666462,NeoForge,CAPTURE_OFF,2,World Flythrough,39.75,25.16,82.26,N/A,9840.62,N/A,0,0,0,0
1780871666596,NeoForge,CAPTURE_OFF,2,World Flythrough,84.72,11.80,83.18,N/A,11040.14,N/A,0,0,0,0
1780871666631,NeoForge,CAPTURE_OFF,2,World Flythrough,6.34,157.62,83.18,N/A,11040.14,N/A,0,0,0,0
1780871666642,NeoForge,CAPTURE_OFF,2,World Flythrough,92.85,10.77,83.18,N/A,11040.14,N/A,0,0,0,0
1780871666680,NeoForge,CAPTURE_OFF,2,World Flythrough,26.32,37.99,83.18,N/A,11040.14,N/A,0,0,0,0
1780871666691,NeoForge,CAPTURE_OFF,2,World Flythrough,87.72,11.40,83.18,N/A,11040.14,N/A,0,0,0,0
1780871666712,NeoForge,CAPTURE_OFF,2,World Flythrough,47.46,21.07,83.18,N/A,11040.14,N/A,0,0,0,0
1780871666723,NeoForge,CAPTURE_OFF,2,World Flythrough,91.50,10.93,83.18,N/A,11040.14,N/A,0,0,0,0
1780871666737,NeoForge,CAPTURE_OFF,2,World Flythrough,74.58,13.41,83.18,N/A,11040.14,N/A,0,0,0,0
1780871666762,NeoForge,CAPTURE_OFF,2,World Flythrough,39.85,25.09,83.18,N/A,11040.14,N/A,0,0,0,0
1780871666771,NeoForge,CAPTURE_OFF,2,World Flythrough,104.85,9.54,83.18,N/A,11040.14,N/A,0,0,0,0
1780871666787,NeoForge,CAPTURE_OFF,2,World Flythrough,61.88,16.16,83.18,N/A,11040.14,N/A,0,0,0,0
1780871666810,NeoForge,CAPTURE_OFF,2,World Flythrough,43.56,22.95,83.18,N/A,11040.14,N/A,0,0,0,0
1780871666820,NeoForge,CAPTURE_OFF,2,World Flythrough,94.80,10.55,83.18,N/A,11040.14,N/A,0,0,0,0
1780871666837,NeoForge,CAPTURE_OFF,2,World Flythrough,63.06,15.86,83.18,N/A,11040.14,N/A,0,0,0,0
1780871666861,NeoForge,CAPTURE_OFF,2,World Flythrough,40.44,24.73,83.18,N/A,11040.14,N/A,0,0,0,0
1780871666871,NeoForge,CAPTURE_OFF,2,World Flythrough,101.56,9.85,83.18,N/A,11040.14,N/A,0,0,0,0
1780871666886,NeoForge,CAPTURE_OFF,2,World Flythrough,63.84,15.66,83.18,N/A,11040.14,N/A,0,0,0,0
1780871666910,NeoForge,CAPTURE_OFF,2,World Flythrough,43.39,23.05,83.18,N/A,11040.14,N/A,0,0,0,0
1780871666920,NeoForge,CAPTURE_OFF,2,World Flythrough,98.35,10.17,83.18,N/A,11040.14,N/A,0,0,0,0
1780871666937,NeoForge,CAPTURE_OFF,2,World Flythrough,58.94,16.97,83.18,N/A,11040.14,N/A,0,0,0,0
1780871666960,NeoForge,CAPTURE_OFF,2,World Flythrough,43.26,23.11,83.18,N/A,11040.14,N/A,0,0,0,0
1780871666970,NeoForge,CAPTURE_OFF,2,World Flythrough,103.62,9.65,83.18,N/A,11040.14,N/A,0,0,0,0
1780871666987,NeoForge,CAPTURE_OFF,2,World Flythrough,56.75,17.62,83.18,N/A,11040.14,N/A,0,0,0,0
1780871667009,NeoForge,CAPTURE_OFF,2,World Flythrough,46.39,21.56,83.18,N/A,11040.14,N/A,0,0,0,0
1780871667020,NeoForge,CAPTURE_OFF,2,World Flythrough,88.81,11.26,83.18,N/A,11040.14,N/A,0,0,0,0
1780871667037,NeoForge,CAPTURE_OFF,2,World Flythrough,61.50,16.26,83.18,N/A,11040.14,N/A,0,0,0,0
1780871667060,NeoForge,CAPTURE_OFF,2,World Flythrough,42.53,23.51,83.18,N/A,11040.14,N/A,0,0,0,0
1780871667071,NeoForge,CAPTURE_OFF,2,World Flythrough,93.53,10.69,83.18,N/A,11040.14,N/A,0,0,0,0
1780871667087,NeoForge,CAPTURE_OFF,2,World Flythrough,62.73,15.94,83.18,N/A,11040.14,N/A,0,0,0,0
1780871667112,NeoForge,CAPTURE_OFF,2,World Flythrough,39.41,25.38,83.18,N/A,11040.14,N/A,0,0,0,0
1780871667121,NeoForge,CAPTURE_OFF,2,World Flythrough,105.32,9.49,83.18,N/A,11040.14,N/A,0,0,0,0
1780871667136,NeoForge,CAPTURE_OFF,2,World Flythrough,67.85,14.74,83.18,N/A,11040.14,N/A,0,0,0,0
1780871667160,NeoForge,CAPTURE_OFF,2,World Flythrough,43.10,23.20,83.18,N/A,11040.14,N/A,0,0,0,0
1780871667170,NeoForge,CAPTURE_OFF,2,World Flythrough,100.47,9.95,83.18,N/A,11040.14,N/A,0,0,0,0
1780871667188,NeoForge,CAPTURE_OFF,2,World Flythrough,55.13,18.14,83.18,N/A,11040.14,N/A,0,0,0,0
1780871667210,NeoForge,CAPTURE_OFF,2,World Flythrough,44.94,22.25,83.18,N/A,11040.14,N/A,0,0,0,0
1780871667238,NeoForge,CAPTURE_OFF,2,World Flythrough,35.70,28.01,83.18,N/A,11040.14,N/A,0,0,0,0
1780871667253,NeoForge,CAPTURE_OFF,2,World Flythrough,63.21,15.82,83.18,N/A,11040.14,N/A,0,0,0,0
1780871667264,NeoForge,CAPTURE_OFF,2,World Flythrough,90.89,11.00,83.18,N/A,11040.14,N/A,0,0,0,0
1780871667275,NeoForge,CAPTURE_OFF,2,World Flythrough,96.01,10.42,83.18,N/A,11040.14,N/A,0,0,0,0
1780871667287,NeoForge,CAPTURE_OFF,2,World Flythrough,85.10,11.75,83.18,N/A,11040.14,N/A,0,0,0,0
1780871667310,NeoForge,CAPTURE_OFF,2,World Flythrough,42.60,23.48,83.18,N/A,11040.14,N/A,0,0,0,0
1780871667321,NeoForge,CAPTURE_OFF,2,World Flythrough,94.74,10.56,83.18,N/A,11040.14,N/A,0,0,0,0
1780871667337,NeoForge,CAPTURE_OFF,2,World Flythrough,62.71,15.95,83.18,N/A,11040.14,N/A,0,0,0,0
1780871667360,NeoForge,CAPTURE_OFF,2,World Flythrough,43.46,23.01,83.18,N/A,11040.14,N/A,0,0,0,0
1780871667370,NeoForge,CAPTURE_OFF,2,World Flythrough,99.63,10.04,83.18,N/A,11040.14,N/A,0,0,0,0
1780871667388,NeoForge,CAPTURE_OFF,2,World Flythrough,56.19,17.80,83.18,N/A,11040.14,N/A,0,0,0,0
1780871667409,NeoForge,CAPTURE_OFF,2,World Flythrough,46.62,21.45,83.18,N/A,11040.14,N/A,0,0,0,0
1780871667420,NeoForge,CAPTURE_OFF,2,World Flythrough,91.09,10.98,83.18,N/A,11040.14,N/A,0,0,0,0
1780871667437,NeoForge,CAPTURE_OFF,2,World Flythrough,59.35,16.85,83.18,N/A,11040.14,N/A,0,0,0,0
1780871667460,NeoForge,CAPTURE_OFF,2,World Flythrough,42.95,23.28,83.18,N/A,11040.14,N/A,0,0,0,0
1780871667470,NeoForge,CAPTURE_OFF,2,World Flythrough,95.83,10.44,83.18,N/A,11040.14,N/A,0,0,0,0
1780871667668,NeoForge,CAPTURE_OFF,2,World Flythrough,60.53,16.52,82.27,N/A,11080.69,N/A,0,0,0,0
1780871667701,NeoForge,CAPTURE_OFF,2,World Flythrough,4.65,214.99,82.27,N/A,11080.69,N/A,0,0,0,0
1780871667720,NeoForge,CAPTURE_OFF,2,World Flythrough,52.52,19.04,82.27,N/A,11080.69,N/A,0,0,0,0
1780871667731,NeoForge,CAPTURE_OFF,2,World Flythrough,99.26,10.07,82.27,N/A,11080.69,N/A,0,0,0,0
1780871667741,NeoForge,CAPTURE_OFF,2,World Flythrough,98.03,10.20,82.27,N/A,11080.69,N/A,0,0,0,0
1780871667761,NeoForge,CAPTURE_OFF,2,World Flythrough,51.11,19.57,82.27,N/A,11080.69,N/A,0,0,0,0
1780871667771,NeoForge,CAPTURE_OFF,2,World Flythrough,98.23,10.18,82.27,N/A,11080.69,N/A,0,0,0,0
1780871667787,NeoForge,CAPTURE_OFF,2,World Flythrough,63.07,15.86,82.27,N/A,11080.69,N/A,0,0,0,0
1780871667858,NeoForge,CAPTURE_OFF,2,World Flythrough,14.02,71.33,82.27,N/A,11080.69,N/A,0,0,0,0
1780871667877,NeoForge,CAPTURE_OFF,2,World Flythrough,53.42,18.72,82.27,N/A,11080.69,N/A,0,0,0,0
1780871667887,NeoForge,CAPTURE_OFF,2,World Flythrough,98.34,10.17,82.27,N/A,11080.69,N/A,0,0,0,0
1780871667913,NeoForge,CAPTURE_OFF,2,World Flythrough,38.65,25.87,82.27,N/A,11080.69,N/A,0,0,0,0
1780871667927,NeoForge,CAPTURE_OFF,2,World Flythrough,73.30,13.64,82.27,N/A,11080.69,N/A,0,0,0,0
1780871667960,NeoForge,CAPTURE_OFF,2,World Flythrough,29.58,33.81,82.27,N/A,11080.69,N/A,0,0,0,0
1780871667972,NeoForge,CAPTURE_OFF,2,World Flythrough,93.19,10.73,82.27,N/A,11080.69,N/A,0,0,0,0
1780871667989,NeoForge,CAPTURE_OFF,2,World Flythrough,57.88,17.28,82.27,N/A,11080.69,N/A,0,0,0,0
1780871668010,NeoForge,CAPTURE_OFF,2,World Flythrough,46.31,21.59,82.27,N/A,11080.69,N/A,0,0,0,0
1780871668038,NeoForge,CAPTURE_OFF,2,World Flythrough,35.03,28.55,82.27,N/A,11080.69,N/A,0,0,0,0
1780871668055,NeoForge,CAPTURE_OFF,2,World Flythrough,58.65,17.05,82.27,N/A,11080.69,N/A,0,0,0,0
1780871668065,NeoForge,CAPTURE_OFF,2,World Flythrough,99.38,10.06,82.27,N/A,11080.69,N/A,0,0,0,0
1780871668076,NeoForge,CAPTURE_OFF,2,World Flythrough,97.32,10.27,82.27,N/A,11080.69,N/A,0,0,0,0
1780871668089,NeoForge,CAPTURE_OFF,2,World Flythrough,80.86,12.37,82.27,N/A,11080.69,N/A,0,0,0,0
1780871668133,NeoForge,CAPTURE_OFF,2,World Flythrough,22.55,44.34,82.27,N/A,11080.69,N/A,0,0,0,0
1780871668152,NeoForge,CAPTURE_OFF,2,World Flythrough,52.02,19.22,82.27,N/A,11080.69,N/A,0,0,0,0
1780871668164,NeoForge,CAPTURE_OFF,2,World Flythrough,83.05,12.04,82.27,N/A,11080.69,N/A,0,0,0,0
1780871668176,NeoForge,CAPTURE_OFF,2,World Flythrough,83.62,11.96,82.27,N/A,11080.69,N/A,0,0,0,0
1780871668189,NeoForge,CAPTURE_OFF,2,World Flythrough,77.86,12.84,82.27,N/A,11080.69,N/A,0,0,0,0
1780871668211,NeoForge,CAPTURE_OFF,2,World Flythrough,45.40,22.03,82.27,N/A,11080.69,N/A,0,0,0,0
1780871668221,NeoForge,CAPTURE_OFF,2,World Flythrough,93.99,10.64,82.27,N/A,11080.69,N/A,0,0,0,0
1780871668238,NeoForge,CAPTURE_OFF,2,World Flythrough,59.62,16.77,82.27,N/A,11080.69,N/A,0,0,0,0
1780871668261,NeoForge,CAPTURE_OFF,2,World Flythrough,43.91,22.77,82.27,N/A,11080.69,N/A,0,0,0,0
1780871668272,NeoForge,CAPTURE_OFF,2,World Flythrough,94.79,10.55,82.27,N/A,11080.69,N/A,0,0,0,0
1780871668289,NeoForge,CAPTURE_OFF,2,World Flythrough,55.41,18.05,82.27,N/A,11080.69,N/A,0,0,0,0
1780871668312,NeoForge,CAPTURE_OFF,2,World Flythrough,44.81,22.32,82.27,N/A,11080.69,N/A,0,0,0,0
1780871668323,NeoForge,CAPTURE_OFF,2,World Flythrough,93.67,10.68,82.27,N/A,11080.69,N/A,0,0,0,0
1780871668339,NeoForge,CAPTURE_OFF,2,World Flythrough,60.89,16.42,82.27,N/A,11080.69,N/A,0,0,0,0
1780871668361,NeoForge,CAPTURE_OFF,2,World Flythrough,44.86,22.29,82.27,N/A,11080.69,N/A,0,0,0,0
1780871668372,NeoForge,CAPTURE_OFF,2,World Flythrough,96.41,10.37,82.27,N/A,11080.69,N/A,0,0,0,0
1780871668389,NeoForge,CAPTURE_OFF,2,World Flythrough,57.79,17.31,82.27,N/A,11080.69,N/A,0,0,0,0
1780871668411,NeoForge,CAPTURE_OFF,2,World Flythrough,46.25,21.62,82.27,N/A,11080.69,N/A,0,0,0,0
1780871668422,NeoForge,CAPTURE_OFF,2,World Flythrough,86.92,11.50,82.27,N/A,11080.69,N/A,0,0,0,0
1780871668439,NeoForge,CAPTURE_OFF,2,World Flythrough,58.41,17.12,82.27,N/A,11080.69,N/A,0,0,0,0
1780871668461,NeoForge,CAPTURE_OFF,2,World Flythrough,46.27,21.61,82.27,N/A,11080.69,N/A,0,0,0,0
1780871668474,NeoForge,CAPTURE_OFF,2,World Flythrough,74.08,13.50,82.27,N/A,11080.69,N/A,0,0,0,0
1780871668854,NeoForge,CAPTURE_OFF,2,World Flythrough,68.08,14.69,84.91,N/A,9656.13,N/A,0,0,0,0
1780871668912,NeoForge,CAPTURE_OFF,2,World Flythrough,2.36,423.20,84.91,N/A,9656.13,N/A,0,0,0,0
1780871668931,NeoForge,CAPTURE_OFF,2,World Flythrough,54.54,18.33,84.91,N/A,9656.13,N/A,0,0,0,0
1780871668941,NeoForge,CAPTURE_OFF,2,World Flythrough,97.25,10.28,84.91,N/A,9656.13,N/A,0,0,0,0
1780871668962,NeoForge,CAPTURE_OFF,2,World Flythrough,47.42,21.09,84.91,N/A,9656.13,N/A,0,0,0,0
1780871668973,NeoForge,CAPTURE_OFF,2,World Flythrough,91.66,10.91,84.91,N/A,9656.13,N/A,0,0,0,0
1780871668990,NeoForge,CAPTURE_OFF,2,World Flythrough,58.91,16.98,84.91,N/A,9656.13,N/A,0,0,0,0
1780871669012,NeoForge,CAPTURE_OFF,2,World Flythrough,45.62,21.92,84.91,N/A,9656.13,N/A,0,0,0,0
1780871669021,NeoForge,CAPTURE_OFF,2,World Flythrough,101.18,9.88,84.91,N/A,9656.13,N/A,0,0,0,0
1780871669039,NeoForge,CAPTURE_OFF,2,World Flythrough,54.46,18.36,84.91,N/A,9656.13,N/A,0,0,0,0
1780871669062,NeoForge,CAPTURE_OFF,2,World Flythrough,44.87,22.28,84.91,N/A,9656.13,N/A,0,0,0,0
1780871669072,NeoForge,CAPTURE_OFF,2,World Flythrough,102.55,9.75,84.91,N/A,9656.13,N/A,0,0,0,0
1780871669089,NeoForge,CAPTURE_OFF,2,World Flythrough,57.62,17.35,84.91,N/A,9656.13,N/A,0,0,0,0
1780871669112,NeoForge,CAPTURE_OFF,2,World Flythrough,44.33,22.56,84.91,N/A,9656.13,N/A,0,0,0,0
1780871669121,NeoForge,CAPTURE_OFF,2,World Flythrough,103.40,9.67,84.91,N/A,9656.13,N/A,0,0,0,0
1780871669139,NeoForge,CAPTURE_OFF,2,World Flythrough,54.19,18.45,84.91,N/A,9656.13,N/A,0,0,0,0
1780871669165,NeoForge,CAPTURE_OFF,2,World Flythrough,40.28,24.83,84.91,N/A,9656.13,N/A,0,0,0,0
1780871669175,NeoForge,CAPTURE_OFF,2,World Flythrough,94.75,10.55,84.91,N/A,9656.13,N/A,0,0,0,0
1780871669191,NeoForge,CAPTURE_OFF,2,World Flythrough,64.97,15.39,84.91,N/A,9656.13,N/A,0,0,0,0
1780871669211,NeoForge,CAPTURE_OFF,2,World Flythrough,48.94,20.43,84.91,N/A,9656.13,N/A,0,0,0,0
1780871669222,NeoForge,CAPTURE_OFF,2,World Flythrough,91.82,10.89,84.91,N/A,9656.13,N/A,0,0,0,0
1780871669240,NeoForge,CAPTURE_OFF,2,World Flythrough,53.80,18.59,84.91,N/A,9656.13,N/A,0,0,0,0
1780871669261,NeoForge,CAPTURE_OFF,2,World Flythrough,48.16,20.77,84.91,N/A,9656.13,N/A,0,0,0,0
1780871669272,NeoForge,CAPTURE_OFF,2,World Flythrough,92.40,10.82,84.91,N/A,9656.13,N/A,0,0,0,0
1780871669290,NeoForge,CAPTURE_OFF,2,World Flythrough,56.62,17.66,84.91,N/A,9656.13,N/A,0,0,0,0
1780871669313,NeoForge,CAPTURE_OFF,2,World Flythrough,44.04,22.71,84.91,N/A,9656.13,N/A,0,0,0,0
1780871669323,NeoForge,CAPTURE_OFF,2,World Flythrough,94.62,10.57,84.91,N/A,9656.13,N/A,0,0,0,0
1780871669340,NeoForge,CAPTURE_OFF,2,World Flythrough,58.11,17.21,84.91,N/A,9656.13,N/A,0,0,0,0
1780871669362,NeoForge,CAPTURE_OFF,2,World Flythrough,46.76,21.39,84.91,N/A,9656.13,N/A,0,0,0,0
1780871669372,NeoForge,CAPTURE_OFF,2,World Flythrough,100.74,9.93,84.91,N/A,9656.13,N/A,0,0,0,0
1780871669389,NeoForge,CAPTURE_OFF,2,World Flythrough,55.83,17.91,84.91,N/A,9656.13,N/A,0,0,0,0
1780871669412,NeoForge,CAPTURE_OFF,2,World Flythrough,45.32,22.07,84.91,N/A,9656.13,N/A,0,0,0,0
1780871669425,NeoForge,CAPTURE_OFF,2,World Flythrough,76.89,13.01,84.91,N/A,9656.13,N/A,0,0,0,0
1780871669440,NeoForge,CAPTURE_OFF,2,World Flythrough,66.44,15.05,84.91,N/A,9656.13,N/A,0,0,0,0
1780871669463,NeoForge,CAPTURE_OFF,2,World Flythrough,44.18,22.63,84.91,N/A,9656.13,N/A,0,0,0,0
1780871669472,NeoForge,CAPTURE_OFF,2,World Flythrough,104.22,9.59,84.91,N/A,9656.13,N/A,0,0,0,0
1780871669610,NeoForge,CAPTURE_OFF,2,World Flythrough,53.97,18.53,83.79,N/A,10895.27,N/A,0,0,0,0
1780871669642,NeoForge,CAPTURE_OFF,2,World Flythrough,6.63,150.88,83.79,N/A,10895.27,N/A,0,0,0,0
1780871669658,NeoForge,CAPTURE_OFF,2,World Flythrough,59.53,16.80,83.79,N/A,10895.27,N/A,0,0,0,0
1780871669668,NeoForge,CAPTURE_OFF,2,World Flythrough,102.00,9.80,83.79,N/A,10895.27,N/A,0,0,0,0
1780871669678,NeoForge,CAPTURE_OFF,2,World Flythrough,98.15,10.19,83.79,N/A,10895.27,N/A,0,0,0,0
1780871669689,NeoForge,CAPTURE_OFF,2,World Flythrough,91.31,10.95,83.79,N/A,10895.27,N/A,0,0,0,0
1780871669714,NeoForge,CAPTURE_OFF,2,World Flythrough,40.01,25.00,83.79,N/A,10895.27,N/A,0,0,0,0
1780871669725,NeoForge,CAPTURE_OFF,2,World Flythrough,87.83,11.39,83.79,N/A,10895.27,N/A,0,0,0,0
1780871669739,NeoForge,CAPTURE_OFF,2,World Flythrough,70.94,14.10,83.79,N/A,10895.27,N/A,0,0,0,0
1780871669762,NeoForge,CAPTURE_OFF,2,World Flythrough,44.63,22.41,83.79,N/A,10895.27,N/A,0,0,0,0
1780871669773,NeoForge,CAPTURE_OFF,2,World Flythrough,91.73,10.90,83.79,N/A,10895.27,N/A,0,0,0,0
1780871669790,NeoForge,CAPTURE_OFF,2,World Flythrough,59.67,16.76,83.79,N/A,10895.27,N/A,0,0,0,0
1780871669812,NeoForge,CAPTURE_OFF,2,World Flythrough,45.68,21.89,83.79,N/A,10895.27,N/A,0,0,0,0
1780871669823,NeoForge,CAPTURE_OFF,2,World Flythrough,86.68,11.54,83.79,N/A,10895.27,N/A,0,0,0,0
1780871669839,NeoForge,CAPTURE_OFF,2,World Flythrough,62.17,16.08,83.79,N/A,10895.27,N/A,0,0,0,0
1780871669862,NeoForge,CAPTURE_OFF,2,World Flythrough,44.60,22.42,83.79,N/A,10895.27,N/A,0,0,0,0
1780871669874,NeoForge,CAPTURE_OFF,2,World Flythrough,83.35,12.00,83.79,N/A,10895.27,N/A,0,0,0,0
1780871669890,NeoForge,CAPTURE_OFF,2,World Flythrough,61.23,16.33,83.79,N/A,10895.27,N/A,0,0,0,0
1780871669912,NeoForge,CAPTURE_OFF,2,World Flythrough,46.29,21.60,83.79,N/A,10895.27,N/A,0,0,0,0
1780871669942,NeoForge,CAPTURE_OFF,2,World Flythrough,33.29,30.04,83.79,N/A,10895.27,N/A,0,0,0,0
1780871669957,NeoForge,CAPTURE_OFF,2,World Flythrough,64.67,15.46,83.79,N/A,10895.27,N/A,0,0,0,0
1780871669967,NeoForge,CAPTURE_OFF,2,World Flythrough,98.67,10.13,83.79,N/A,10895.27,N/A,0,0,0,0
1780871669977,NeoForge,CAPTURE_OFF,2,World Flythrough,100.73,9.93,83.79,N/A,10895.27,N/A,0,0,0,0
1780871669997,NeoForge,CAPTURE_OFF,2,World Flythrough,52.11,19.19,83.79,N/A,10895.27,N/A,0,0,0,0
1780871670012,NeoForge,CAPTURE_OFF,2,World Flythrough,64.08,15.61,83.79,N/A,10895.27,N/A,0,0,0,0
1780871670024,NeoForge,CAPTURE_OFF,2,World Flythrough,78.25,12.78,83.79,N/A,10895.27,N/A,0,0,0,0
1780871670040,NeoForge,CAPTURE_OFF,2,World Flythrough,64.20,15.58,83.79,N/A,10895.27,N/A,0,0,0,0
1780871670063,NeoForge,CAPTURE_OFF,2,World Flythrough,43.89,22.79,83.79,N/A,10895.27,N/A,0,0,0,0
1780871670073,NeoForge,CAPTURE_OFF,2,World Flythrough,100.33,9.97,83.79,N/A,10895.27,N/A,0,0,0,0
1780871670091,NeoForge,CAPTURE_OFF,2,World Flythrough,58.48,17.10,83.79,N/A,10895.27,N/A,0,0,0,0
1780871670113,NeoForge,CAPTURE_OFF,2,World Flythrough,44.73,22.36,83.79,N/A,10895.27,N/A,0,0,0,0
1780871670122,NeoForge,CAPTURE_OFF,2,World Flythrough,100.41,9.96,83.79,N/A,10895.27,N/A,0,0,0,0
1780871670140,NeoForge,CAPTURE_OFF,2,World Flythrough,56.04,17.84,83.79,N/A,10895.27,N/A,0,0,0,0
1780871670163,NeoForge,CAPTURE_OFF,2,World Flythrough,43.51,22.98,83.79,N/A,10895.27,N/A,0,0,0,0
1780871670174,NeoForge,CAPTURE_OFF,2,World Flythrough,91.58,10.92,83.79,N/A,10895.27,N/A,0,0,0,0
1780871670191,NeoForge,CAPTURE_OFF,2,World Flythrough,60.13,16.63,83.79,N/A,10895.27,N/A,0,0,0,0
1780871670212,NeoForge,CAPTURE_OFF,2,World Flythrough,46.44,21.53,83.79,N/A,10895.27,N/A,0,0,0,0
1780871670223,NeoForge,CAPTURE_OFF,2,World Flythrough,88.03,11.36,83.79,N/A,10895.27,N/A,0,0,0,0
1780871670242,NeoForge,CAPTURE_OFF,2,World Flythrough,55.86,17.90,83.79,N/A,10895.27,N/A,0,0,0,0
1780871670265,NeoForge,CAPTURE_OFF,2,World Flythrough,41.77,23.94,83.79,N/A,10895.27,N/A,0,0,0,0
1780871670288,NeoForge,CAPTURE_OFF,2,World Flythrough,43.88,22.79,83.79,N/A,10895.27,N/A,0,0,0,0
1780871670307,NeoForge,CAPTURE_OFF,2,World Flythrough,53.91,18.55,83.79,N/A,10895.27,N/A,0,0,0,0
1780871670320,NeoForge,CAPTURE_OFF,2,World Flythrough,79.83,12.53,83.79,N/A,10895.27,N/A,0,0,0,0
1780871670331,NeoForge,CAPTURE_OFF,2,World Flythrough,87.07,11.49,83.79,N/A,10895.27,N/A,0,0,0,0
1780871670342,NeoForge,CAPTURE_OFF,2,World Flythrough,88.37,11.32,83.79,N/A,10895.27,N/A,0,0,0,0
1780871670364,NeoForge,CAPTURE_OFF,2,World Flythrough,45.57,21.94,83.79,N/A,10895.27,N/A,0,0,0,0
1780871670374,NeoForge,CAPTURE_OFF,2,World Flythrough,93.69,10.67,83.79,N/A,10895.27,N/A,0,0,0,0
1780871670393,NeoForge,CAPTURE_OFF,2,World Flythrough,56.32,17.76,83.79,N/A,10895.27,N/A,0,0,0,0
1780871670413,NeoForge,CAPTURE_OFF,2,World Flythrough,48.23,20.73,83.79,N/A,10895.27,N/A,0,0,0,0
1780871670423,NeoForge,CAPTURE_OFF,2,World Flythrough,97.62,10.24,83.79,N/A,10895.27,N/A,0,0,0,0
1780871670444,NeoForge,CAPTURE_OFF,2,World Flythrough,47.20,21.19,83.79,N/A,10895.27,N/A,0,0,0,0
1780871670463,NeoForge,CAPTURE_OFF,2,World Flythrough,52.58,19.02,83.79,N/A,10895.27,N/A,0,0,0,0
1780871670478,NeoForge,CAPTURE_OFF,2,World Flythrough,70.93,14.10,83.79,N/A,10895.27,N/A,0,0,0,0
1780871670617,NeoForge,CAPTURE_OFF,2,World Flythrough,72.91,13.72,83.86,N/A,10820.85,N/A,0,0,0,0
1780871670653,NeoForge,CAPTURE_OFF,2,World Flythrough,6.19,161.59,83.86,N/A,10820.85,N/A,0,0,0,0
1780871670672,NeoForge,CAPTURE_OFF,2,World Flythrough,52.42,19.08,83.86,N/A,10820.85,N/A,0,0,0,0
1780871670684,NeoForge,CAPTURE_OFF,2,World Flythrough,85.77,11.66,83.86,N/A,10820.85,N/A,0,0,0,0
1780871670702,NeoForge,CAPTURE_OFF,2,World Flythrough,52.75,18.96,83.86,N/A,10820.85,N/A,0,0,0,0
1780871670713,NeoForge,CAPTURE_OFF,2,World Flythrough,93.97,10.64,83.86,N/A,10820.85,N/A,0,0,0,0
1780871670754,NeoForge,CAPTURE_OFF,2,World Flythrough,24.33,41.11,83.86,N/A,10820.85,N/A,0,0,0,0
1780871670773,NeoForge,CAPTURE_OFF,2,World Flythrough,55.81,17.92,83.86,N/A,10820.85,N/A,0,0,0,0
1780871670783,NeoForge,CAPTURE_OFF,2,World Flythrough,92.86,10.77,83.86,N/A,10820.85,N/A,0,0,0,0
1780871670800,NeoForge,CAPTURE_OFF,2,World Flythrough,60.72,16.47,83.86,N/A,10820.85,N/A,0,0,0,0
1780871670810,NeoForge,CAPTURE_OFF,2,World Flythrough,94.50,10.58,83.86,N/A,10820.85,N/A,0,0,0,0
1780871670828,NeoForge,CAPTURE_OFF,2,World Flythrough,56.63,17.66,83.86,N/A,10820.85,N/A,0,0,0,0
1780871670840,NeoForge,CAPTURE_OFF,2,World Flythrough,82.75,12.09,83.86,N/A,10820.85,N/A,0,0,0,0
1780871670867,NeoForge,CAPTURE_OFF,2,World Flythrough,37.59,26.60,83.86,N/A,10820.85,N/A,0,0,0,0
1780871670878,NeoForge,CAPTURE_OFF,2,World Flythrough,87.34,11.45,83.86,N/A,10820.85,N/A,0,0,0,0
1780871670891,NeoForge,CAPTURE_OFF,2,World Flythrough,77.18,12.96,83.86,N/A,10820.85,N/A,0,0,0,0
1780871670916,NeoForge,CAPTURE_OFF,2,World Flythrough,40.04,24.98,83.86,N/A,10820.85,N/A,0,0,0,0
1780871670927,NeoForge,CAPTURE_OFF,2,World Flythrough,93.24,10.72,83.86,N/A,10820.85,N/A,0,0,0,0
1780871670941,NeoForge,CAPTURE_OFF,2,World Flythrough,70.97,14.09,83.86,N/A,10820.85,N/A,0,0,0,0
1780871670967,NeoForge,CAPTURE_OFF,2,World Flythrough,38.43,26.02,83.86,N/A,10820.85,N/A,0,0,0,0
1780871670978,NeoForge,CAPTURE_OFF,2,World Flythrough,88.27,11.33,83.86,N/A,10820.85,N/A,0,0,0,0
1780871670991,NeoForge,CAPTURE_OFF,2,World Flythrough,79.39,12.60,83.86,N/A,10820.85,N/A,0,0,0,0
1780871671013,NeoForge,CAPTURE_OFF,2,World Flythrough,44.44,22.50,83.86,N/A,10820.85,N/A,0,0,0,0
1780871671027,NeoForge,CAPTURE_OFF,2,World Flythrough,73.73,13.56,83.86,N/A,10820.85,N/A,0,0,0,0
1780871671045,NeoForge,CAPTURE_OFF,2,World Flythrough,55.15,18.13,83.86,N/A,10820.85,N/A,0,0,0,0
1780871671064,NeoForge,CAPTURE_OFF,2,World Flythrough,50.72,19.72,83.86,N/A,10820.85,N/A,0,0,0,0
1780871671077,NeoForge,CAPTURE_OFF,2,World Flythrough,79.36,12.60,83.86,N/A,10820.85,N/A,0,0,0,0
1780871671092,NeoForge,CAPTURE_OFF,2,World Flythrough,70.41,14.20,83.86,N/A,10820.85,N/A,0,0,0,0
1780871671116,NeoForge,CAPTURE_OFF,2,World Flythrough,41.24,24.25,83.86,N/A,10820.85,N/A,0,0,0,0
1780871671127,NeoForge,CAPTURE_OFF,2,World Flythrough,90.47,11.05,83.86,N/A,10820.85,N/A,0,0,0,0
1780871671143,NeoForge,CAPTURE_OFF,2,World Flythrough,60.01,16.66,83.86,N/A,10820.85,N/A,0,0,0,0
1780871671165,NeoForge,CAPTURE_OFF,2,World Flythrough,44.87,22.29,83.86,N/A,10820.85,N/A,0,0,0,0
1780871671178,NeoForge,CAPTURE_OFF,2,World Flythrough,80.90,12.36,83.86,N/A,10820.85,N/A,0,0,0,0
1780871671192,NeoForge,CAPTURE_OFF,2,World Flythrough,73.17,13.67,83.86,N/A,10820.85,N/A,0,0,0,0
1780871671215,NeoForge,CAPTURE_OFF,2,World Flythrough,43.02,23.24,83.86,N/A,10820.85,N/A,0,0,0,0
1780871671228,NeoForge,CAPTURE_OFF,2,World Flythrough,77.21,12.95,83.86,N/A,10820.85,N/A,0,0,0,0
1780871671243,NeoForge,CAPTURE_OFF,2,World Flythrough,66.43,15.05,83.86,N/A,10820.85,N/A,0,0,0,0
1780871671264,NeoForge,CAPTURE_OFF,2,World Flythrough,45.80,21.83,83.86,N/A,10820.85,N/A,0,0,0,0
1780871671277,NeoForge,CAPTURE_OFF,2,World Flythrough,83.26,12.01,83.86,N/A,10820.85,N/A,0,0,0,0
1780871671292,NeoForge,CAPTURE_OFF,2,World Flythrough,67.16,14.89,83.86,N/A,10820.85,N/A,0,0,0,0
1780871671317,NeoForge,CAPTURE_OFF,2,World Flythrough,40.83,24.49,83.86,N/A,10820.85,N/A,0,0,0,0
1780871671327,NeoForge,CAPTURE_OFF,2,World Flythrough,93.30,10.72,83.86,N/A,10820.85,N/A,0,0,0,0
1780871671345,NeoForge,CAPTURE_OFF,2,World Flythrough,55.98,17.86,83.86,N/A,10820.85,N/A,0,0,0,0
1780871671364,NeoForge,CAPTURE_OFF,2,World Flythrough,49.90,20.04,83.86,N/A,10820.85,N/A,0,0,0,0
1780871671376,NeoForge,CAPTURE_OFF,2,World Flythrough,89.62,11.16,83.86,N/A,10820.85,N/A,0,0,0,0
1780871671394,NeoForge,CAPTURE_OFF,2,World Flythrough,57.59,17.36,83.86,N/A,10820.85,N/A,0,0,0,0
1780871671417,NeoForge,CAPTURE_OFF,2,World Flythrough,43.41,23.03,83.86,N/A,10820.85,N/A,0,0,0,0
1780871671427,NeoForge,CAPTURE_OFF,2,World Flythrough,93.27,10.72,83.86,N/A,10820.85,N/A,0,0,0,0
1780871671443,NeoForge,CAPTURE_OFF,2,World Flythrough,64.52,15.50,83.86,N/A,10820.85,N/A,0,0,0,0
1780871671466,NeoForge,CAPTURE_OFF,2,World Flythrough,42.59,23.48,83.86,N/A,10820.85,N/A,0,0,0,0
1780871671478,NeoForge,CAPTURE_OFF,2,World Flythrough,86.74,11.53,83.86,N/A,10820.85,N/A,0,0,0,0
1780871671492,NeoForge,CAPTURE_OFF,2,World Flythrough,73.74,13.56,83.86,N/A,10820.85,N/A,0,0,0,0
1780871671645,NeoForge,CAPTURE_OFF,2,World Flythrough,39.71,25.18,77.07,N/A,10624.84,N/A,0,0,0,0
1780871671686,NeoForge,CAPTURE_OFF,2,World Flythrough,5.90,169.44,77.07,N/A,10624.84,N/A,0,0,0,0
1780871671712,NeoForge,CAPTURE_OFF,2,World Flythrough,37.79,26.46,77.07,N/A,10624.84,N/A,0,0,0,0
1780871671728,NeoForge,CAPTURE_OFF,2,World Flythrough,64.15,15.59,77.07,N/A,10624.84,N/A,0,0,0,0
1780871671742,NeoForge,CAPTURE_OFF,2,World Flythrough,74.49,13.43,77.07,N/A,10624.84,N/A,0,0,0,0
1780871671761,NeoForge,CAPTURE_OFF,2,World Flythrough,50.17,19.93,77.07,N/A,10624.84,N/A,0,0,0,0
1780871671773,NeoForge,CAPTURE_OFF,2,World Flythrough,87.85,11.38,77.07,N/A,10624.84,N/A,0,0,0,0
1780871671785,NeoForge,CAPTURE_OFF,2,World Flythrough,78.16,12.79,77.07,N/A,10624.84,N/A,0,0,0,0
1780871671810,NeoForge,CAPTURE_OFF,2,World Flythrough,41.31,24.21,77.07,N/A,10624.84,N/A,0,0,0,0
1780871671821,NeoForge,CAPTURE_OFF,2,World Flythrough,84.81,11.79,77.07,N/A,10624.84,N/A,0,0,0,0
1780871671837,NeoForge,CAPTURE_OFF,2,World Flythrough,63.13,15.84,77.07,N/A,10624.84,N/A,0,0,0,0
1780871671857,NeoForge,CAPTURE_OFF,2,World Flythrough,50.88,19.66,77.07,N/A,10624.84,N/A,0,0,0,0
1780871671871,NeoForge,CAPTURE_OFF,2,World Flythrough,73.07,13.69,77.07,N/A,10624.84,N/A,0,0,0,0
1780871671927,NeoForge,CAPTURE_OFF,2,World Flythrough,17.66,56.61,77.07,N/A,10624.84,N/A,0,0,0,0
1780871671939,NeoForge,CAPTURE_OFF,2,World Flythrough,82.16,12.17,77.07,N/A,10624.84,N/A,0,0,0,0
1780871671960,NeoForge,CAPTURE_OFF,2,World Flythrough,49.68,20.13,77.07,N/A,10624.84,N/A,0,0,0,0
1780871671971,NeoForge,CAPTURE_OFF,2,World Flythrough,86.15,11.61,77.07,N/A,10624.84,N/A,0,0,0,0
1780871671983,NeoForge,CAPTURE_OFF,2,World Flythrough,85.27,11.73,77.07,N/A,10624.84,N/A,0,0,0,0
1780871672000,NeoForge,CAPTURE_OFF,2,World Flythrough,59.60,16.78,77.07,N/A,10624.84,N/A,0,0,0,0
1780871672010,NeoForge,CAPTURE_OFF,2,World Flythrough,101.12,9.89,77.07,N/A,10624.84,N/A,0,0,0,0
1780871672025,NeoForge,CAPTURE_OFF,2,World Flythrough,62.89,15.90,77.07,N/A,10624.84,N/A,0,0,0,0
1780871672042,NeoForge,CAPTURE_OFF,2,World Flythrough,58.92,16.97,77.07,N/A,10624.84,N/A,0,0,0,0
1780871672066,NeoForge,CAPTURE_OFF,2,World Flythrough,42.78,23.38,77.07,N/A,10624.84,N/A,0,0,0,0
1780871672075,NeoForge,CAPTURE_OFF,2,World Flythrough,104.00,9.62,77.07,N/A,10624.84,N/A,0,0,0,0
1780871672093,NeoForge,CAPTURE_OFF,2,World Flythrough,54.44,18.37,77.07,N/A,10624.84,N/A,0,0,0,0
1780871672116,NeoForge,CAPTURE_OFF,2,World Flythrough,44.48,22.48,77.07,N/A,10624.84,N/A,0,0,0,0
1780871672129,NeoForge,CAPTURE_OFF,2,World Flythrough,81.07,12.34,77.07,N/A,10624.84,N/A,0,0,0,0
1780871672145,NeoForge,CAPTURE_OFF,2,World Flythrough,61.54,16.25,77.07,N/A,10624.84,N/A,0,0,0,0
1780871672168,NeoForge,CAPTURE_OFF,2,World Flythrough,42.71,23.42,77.07,N/A,10624.84,N/A,0,0,0,0
1780871672180,NeoForge,CAPTURE_OFF,2,World Flythrough,82.24,12.16,77.07,N/A,10624.84,N/A,0,0,0,0
1780871672195,NeoForge,CAPTURE_OFF,2,World Flythrough,69.64,14.36,77.07,N/A,10624.84,N/A,0,0,0,0
1780871672218,NeoForge,CAPTURE_OFF,2,World Flythrough,43.91,22.77,77.07,N/A,10624.84,N/A,0,0,0,0
1780871672231,NeoForge,CAPTURE_OFF,2,World Flythrough,77.88,12.84,77.07,N/A,10624.84,N/A,0,0,0,0
1780871672243,NeoForge,CAPTURE_OFF,2,World Flythrough,76.34,13.10,77.07,N/A,10624.84,N/A,0,0,0,0
1780871672267,NeoForge,CAPTURE_OFF,2,World Flythrough,42.96,23.28,77.07,N/A,10624.84,N/A,0,0,0,0
1780871672277,NeoForge,CAPTURE_OFF,2,World Flythrough,99.64,10.04,77.07,N/A,10624.84,N/A,0,0,0,0
1780871672294,NeoForge,CAPTURE_OFF,2,World Flythrough,59.97,16.68,77.07,N/A,10624.84,N/A,0,0,0,0
1780871672317,NeoForge,CAPTURE_OFF,2,World Flythrough,42.96,23.28,77.07,N/A,10624.84,N/A,0,0,0,0
1780871672327,NeoForge,CAPTURE_OFF,2,World Flythrough,95.56,10.46,77.07,N/A,10624.84,N/A,0,0,0,0
1780871672342,NeoForge,CAPTURE_OFF,2,World Flythrough,67.69,14.77,77.07,N/A,10624.84,N/A,0,0,0,0
1780871672365,NeoForge,CAPTURE_OFF,2,World Flythrough,42.72,23.41,77.07,N/A,10624.84,N/A,0,0,0,0
1780871672379,NeoForge,CAPTURE_OFF,2,World Flythrough,73.63,13.58,77.07,N/A,10624.84,N/A,0,0,0,0
1780871672393,NeoForge,CAPTURE_OFF,2,World Flythrough,72.77,13.74,77.07,N/A,10624.84,N/A,0,0,0,0
1780871672417,NeoForge,CAPTURE_OFF,2,World Flythrough,41.58,24.05,77.07,N/A,10624.84,N/A,0,0,0,0
1780871672430,NeoForge,CAPTURE_OFF,2,World Flythrough,78.01,12.82,77.07,N/A,10624.84,N/A,0,0,0,0
1780871672445,NeoForge,CAPTURE_OFF,2,World Flythrough,61.56,16.24,77.07,N/A,10624.84,N/A,0,0,0,0
1780871672469,NeoForge,CAPTURE_OFF,2,World Flythrough,42.84,23.34,77.07,N/A,10624.84,N/A,0,0,0,0
1780871672480,NeoForge,CAPTURE_OFF,2,World Flythrough,91.36,10.95,77.07,N/A,10624.84,N/A,0,0,0,0
1780871672493,NeoForge,CAPTURE_OFF,2,World Flythrough,74.62,13.40,77.07,N/A,10624.84,N/A,0,0,0,0
1780871672654,NeoForge,CAPTURE_OFF,2,World Flythrough,40.15,24.91,67.03,N/A,10697.23,N/A,0,0,0,0
1780871672690,NeoForge,CAPTURE_OFF,2,World Flythrough,5.83,171.48,67.03,N/A,10697.23,N/A,0,0,0,0
1780871672708,NeoForge,CAPTURE_OFF,2,World Flythrough,56.72,17.63,67.03,N/A,10697.23,N/A,0,0,0,0
1780871672720,NeoForge,CAPTURE_OFF,2,World Flythrough,80.87,12.37,67.03,N/A,10697.23,N/A,0,0,0,0
1780871672733,NeoForge,CAPTURE_OFF,2,World Flythrough,72.78,13.74,67.03,N/A,10697.23,N/A,0,0,0,0
1780871672754,NeoForge,CAPTURE_OFF,2,World Flythrough,50.36,19.86,67.03,N/A,10697.23,N/A,0,0,0,0
1780871672765,NeoForge,CAPTURE_OFF,2,World Flythrough,85.81,11.65,67.03,N/A,10697.23,N/A,0,0,0,0
1780871672794,NeoForge,CAPTURE_OFF,2,World Flythrough,34.21,29.23,67.03,N/A,10697.23,N/A,0,0,0,0
1780871672813,NeoForge,CAPTURE_OFF,2,World Flythrough,53.64,18.64,67.03,N/A,10697.23,N/A,0,0,0,0
1780871672825,NeoForge,CAPTURE_OFF,2,World Flythrough,83.06,12.04,67.03,N/A,10697.23,N/A,0,0,0,0
1780871672837,NeoForge,CAPTURE_OFF,2,World Flythrough,85.17,11.74,67.03,N/A,10697.23,N/A,0,0,0,0
1780871672855,NeoForge,CAPTURE_OFF,2,World Flythrough,54.97,18.19,67.03,N/A,10697.23,N/A,0,0,0,0
1780871672867,NeoForge,CAPTURE_OFF,2,World Flythrough,84.85,11.79,67.03,N/A,10697.23,N/A,0,0,0,0
1780871672879,NeoForge,CAPTURE_OFF,2,World Flythrough,83.08,12.04,67.03,N/A,10697.23,N/A,0,0,0,0
1780871672900,NeoForge,CAPTURE_OFF,2,World Flythrough,46.81,21.36,67.03,N/A,10697.23,N/A,0,0,0,0
1780871672911,NeoForge,CAPTURE_OFF,2,World Flythrough,94.00,10.64,67.03,N/A,10697.23,N/A,0,0,0,0
1780871672929,NeoForge,CAPTURE_OFF,2,World Flythrough,55.60,17.98,67.03,N/A,10697.23,N/A,0,0,0,0
1780871672952,NeoForge,CAPTURE_OFF,2,World Flythrough,44.19,22.63,67.03,N/A,10697.23,N/A,0,0,0,0
1780871672963,NeoForge,CAPTURE_OFF,2,World Flythrough,83.38,11.99,67.03,N/A,10697.23,N/A,0,0,0,0
1780871672977,NeoForge,CAPTURE_OFF,2,World Flythrough,76.25,13.12,67.03,N/A,10697.23,N/A,0,0,0,0
1780871673003,NeoForge,CAPTURE_OFF,2,World Flythrough,37.14,26.93,67.03,N/A,10697.23,N/A,0,0,0,0
1780871673014,NeoForge,CAPTURE_OFF,2,World Flythrough,94.63,10.57,67.03,N/A,10697.23,N/A,0,0,0,0
1780871673027,NeoForge,CAPTURE_OFF,2,World Flythrough,78.26,12.78,67.03,N/A,10697.23,N/A,0,0,0,0
1780871673074,NeoForge,CAPTURE_OFF,2,World Flythrough,20.88,47.90,67.03,N/A,10697.23,N/A,0,0,0,0
1780871673087,NeoForge,CAPTURE_OFF,2,World Flythrough,83.75,11.94,67.03,N/A,10697.23,N/A,0,0,0,0
1780871673106,NeoForge,CAPTURE_OFF,2,World Flythrough,51.36,19.47,67.03,N/A,10697.23,N/A,0,0,0,0
1780871673117,NeoForge,CAPTURE_OFF,2,World Flythrough,88.46,11.30,67.03,N/A,10697.23,N/A,0,0,0,0
1780871673130,NeoForge,CAPTURE_OFF,2,World Flythrough,78.18,12.79,67.03,N/A,10697.23,N/A,0,0,0,0
1780871673150,NeoForge,CAPTURE_OFF,2,World Flythrough,50.28,19.89,67.03,N/A,10697.23,N/A,0,0,0,0
1780871673178,NeoForge,CAPTURE_OFF,2,World Flythrough,36.05,27.74,67.03,N/A,10697.23,N/A,0,0,0,0
1780871673188,NeoForge,CAPTURE_OFF,2,World Flythrough,105.97,9.44,67.03,N/A,10697.23,N/A,0,0,0,0
1780871673205,NeoForge,CAPTURE_OFF,2,World Flythrough,55.43,18.04,67.03,N/A,10697.23,N/A,0,0,0,0
1780871673218,NeoForge,CAPTURE_OFF,2,World Flythrough,83.41,11.99,67.03,N/A,10697.23,N/A,0,0,0,0
1780871673228,NeoForge,CAPTURE_OFF,2,World Flythrough,97.83,10.22,67.03,N/A,10697.23,N/A,0,0,0,0
1780871673249,NeoForge,CAPTURE_OFF,2,World Flythrough,47.43,21.08,67.03,N/A,10697.23,N/A,0,0,0,0
1780871673259,NeoForge,CAPTURE_OFF,2,World Flythrough,100.28,9.97,67.03,N/A,10697.23,N/A,0,0,0,0
1780871673279,NeoForge,CAPTURE_OFF,2,World Flythrough,49.62,20.15,67.03,N/A,10697.23,N/A,0,0,0,0
1780871673302,NeoForge,CAPTURE_OFF,2,World Flythrough,44.25,22.60,67.03,N/A,10697.23,N/A,0,0,0,0
1780871673312,NeoForge,CAPTURE_OFF,2,World Flythrough,99.64,10.04,67.03,N/A,10697.23,N/A,0,0,0,0
1780871673329,NeoForge,CAPTURE_OFF,2,World Flythrough,56.24,17.78,67.03,N/A,10697.23,N/A,0,0,0,0
1780871673350,NeoForge,CAPTURE_OFF,2,World Flythrough,46.14,21.67,67.03,N/A,10697.23,N/A,0,0,0,0
1780871673363,NeoForge,CAPTURE_OFF,2,World Flythrough,83.16,12.03,67.03,N/A,10697.23,N/A,0,0,0,0
1780871673377,NeoForge,CAPTURE_OFF,2,World Flythrough,72.06,13.88,67.03,N/A,10697.23,N/A,0,0,0,0
1780871673400,NeoForge,CAPTURE_OFF,2,World Flythrough,43.19,23.15,67.03,N/A,10697.23,N/A,0,0,0,0
1780871673410,NeoForge,CAPTURE_OFF,2,World Flythrough,103.79,9.63,67.03,N/A,10697.23,N/A,0,0,0,0
1780871673430,NeoForge,CAPTURE_OFF,2,World Flythrough,48.12,20.78,67.03,N/A,10697.23,N/A,0,0,0,0
1780871673450,NeoForge,CAPTURE_OFF,2,World Flythrough,51.30,19.49,67.03,N/A,10697.23,N/A,0,0,0,0
1780871673460,NeoForge,CAPTURE_OFF,2,World Flythrough,98.85,10.12,67.03,N/A,10697.23,N/A,0,0,0,0
1780871673476,NeoForge,CAPTURE_OFF,2,World Flythrough,60.28,16.59,67.03,N/A,10697.23,N/A,0,0,0,0
1780871673505,NeoForge,CAPTURE_OFF,2,World Flythrough,35.34,28.30,67.03,N/A,10697.23,N/A,0,0,0,0
1780871673515,NeoForge,CAPTURE_OFF,2,World Flythrough,97.08,10.30,67.03,N/A,10697.23,N/A,0,0,0,0
1780871673644,NeoForge,CAPTURE_OFF,2,World Flythrough,87.94,11.37,74.32,N/A,9794.09,N/A,0,0,0,0
1780871673679,NeoForge,CAPTURE_OFF,2,World Flythrough,6.56,152.52,74.32,N/A,9794.09,N/A,0,0,0,0
1780871673695,NeoForge,CAPTURE_OFF,2,World Flythrough,63.92,15.64,74.32,N/A,9794.09,N/A,0,0,0,0
1780871673717,NeoForge,CAPTURE_OFF,2,World Flythrough,45.53,21.96,74.32,N/A,9794.09,N/A,0,0,0,0
1780871673727,NeoForge,CAPTURE_OFF,2,World Flythrough,91.44,10.94,74.32,N/A,9794.09,N/A,0,0,0,0
1780871673751,NeoForge,CAPTURE_OFF,2,World Flythrough,42.22,23.68,74.32,N/A,9794.09,N/A,0,0,0,0
1780871673762,NeoForge,CAPTURE_OFF,2,World Flythrough,93.85,10.65,74.32,N/A,9794.09,N/A,0,0,0,0
1780871673779,NeoForge,CAPTURE_OFF,2,World Flythrough,59.43,16.83,74.32,N/A,9794.09,N/A,0,0,0,0
1780871673800,NeoForge,CAPTURE_OFF,2,World Flythrough,46.22,21.64,74.32,N/A,9794.09,N/A,0,0,0,0
1780871673812,NeoForge,CAPTURE_OFF,2,World Flythrough,82.56,12.11,74.32,N/A,9794.09,N/A,0,0,0,0
1780871673828,NeoForge,CAPTURE_OFF,2,World Flythrough,62.52,15.99,74.32,N/A,9794.09,N/A,0,0,0,0
1780871673854,NeoForge,CAPTURE_OFF,2,World Flythrough,39.91,25.06,74.32,N/A,9794.09,N/A,0,0,0,0
1780871673865,NeoForge,CAPTURE_OFF,2,World Flythrough,82.95,12.06,74.32,N/A,9794.09,N/A,0,0,0,0
1780871673878,NeoForge,CAPTURE_OFF,2,World Flythrough,82.49,12.12,74.32,N/A,9794.09,N/A,0,0,0,0
1780871673903,NeoForge,CAPTURE_OFF,2,World Flythrough,38.44,26.02,74.32,N/A,9794.09,N/A,0,0,0,0
1780871673916,NeoForge,CAPTURE_OFF,2,World Flythrough,78.93,12.67,74.32,N/A,9794.09,N/A,0,0,0,0
1780871673930,NeoForge,CAPTURE_OFF,2,World Flythrough,76.75,13.03,74.32,N/A,9794.09,N/A,0,0,0,0
1780871673951,NeoForge,CAPTURE_OFF,2,World Flythrough,47.48,21.06,74.32,N/A,9794.09,N/A,0,0,0,0
1780871673963,NeoForge,CAPTURE_OFF,2,World Flythrough,83.15,12.03,74.32,N/A,9794.09,N/A,0,0,0,0
1780871673978,NeoForge,CAPTURE_OFF,2,World Flythrough,64.96,15.39,74.32,N/A,9794.09,N/A,0,0,0,0
1780871674003,NeoForge,CAPTURE_OFF,2,World Flythrough,40.86,24.47,74.32,N/A,9794.09,N/A,0,0,0,0
1780871674015,NeoForge,CAPTURE_OFF,2,World Flythrough,80.57,12.41,74.32,N/A,9794.09,N/A,0,0,0,0
1780871674029,NeoForge,CAPTURE_OFF,2,World Flythrough,70.67,14.15,74.32,N/A,9794.09,N/A,0,0,0,0
1780871674051,NeoForge,CAPTURE_OFF,2,World Flythrough,46.08,21.70,74.32,N/A,9794.09,N/A,0,0,0,0
1780871674062,NeoForge,CAPTURE_OFF,2,World Flythrough,87.03,11.49,74.32,N/A,9794.09,N/A,0,0,0,0
1780871674078,NeoForge,CAPTURE_OFF,2,World Flythrough,61.56,16.24,74.32,N/A,9794.09,N/A,0,0,0,0
1780871674102,NeoForge,CAPTURE_OFF,2,World Flythrough,41.72,23.97,74.32,N/A,9794.09,N/A,0,0,0,0
1780871674116,NeoForge,CAPTURE_OFF,2,World Flythrough,72.74,13.75,74.32,N/A,9794.09,N/A,0,0,0,0
1780871674129,NeoForge,CAPTURE_OFF,2,World Flythrough,79.50,12.58,74.32,N/A,9794.09,N/A,0,0,0,0
1780871674153,NeoForge,CAPTURE_OFF,2,World Flythrough,41.88,23.88,74.32,N/A,9794.09,N/A,0,0,0,0
1780871674168,NeoForge,CAPTURE_OFF,2,World Flythrough,64.51,15.50,74.32,N/A,9794.09,N/A,0,0,0,0
1780871674181,NeoForge,CAPTURE_OFF,2,World Flythrough,77.87,12.84,74.32,N/A,9794.09,N/A,0,0,0,0
1780871674206,NeoForge,CAPTURE_OFF,2,World Flythrough,39.80,25.12,74.32,N/A,9794.09,N/A,0,0,0,0
1780871674216,NeoForge,CAPTURE_OFF,2,World Flythrough,96.83,10.33,74.32,N/A,9794.09,N/A,0,0,0,0
1780871674228,NeoForge,CAPTURE_OFF,2,World Flythrough,82.40,12.14,74.32,N/A,9794.09,N/A,0,0,0,0
1780871674254,NeoForge,CAPTURE_OFF,2,World Flythrough,39.01,25.63,74.32,N/A,9794.09,N/A,0,0,0,0
1780871674264,NeoForge,CAPTURE_OFF,2,World Flythrough,93.89,10.65,74.32,N/A,9794.09,N/A,0,0,0,0
1780871674279,NeoForge,CAPTURE_OFF,2,World Flythrough,73.55,13.60,74.32,N/A,9794.09,N/A,0,0,0,0
1780871674303,NeoForge,CAPTURE_OFF,2,World Flythrough,40.00,25.00,74.32,N/A,9794.09,N/A,0,0,0,0
1780871674313,NeoForge,CAPTURE_OFF,2,World Flythrough,99.59,10.04,74.32,N/A,9794.09,N/A,0,0,0,0
1780871674329,NeoForge,CAPTURE_OFF,2,World Flythrough,66.07,15.13,74.32,N/A,9794.09,N/A,0,0,0,0
1780871674352,NeoForge,CAPTURE_OFF,2,World Flythrough,42.99,23.26,74.32,N/A,9794.09,N/A,0,0,0,0
1780871674363,NeoForge,CAPTURE_OFF,2,World Flythrough,83.88,11.92,74.32,N/A,9794.09,N/A,0,0,0,0
1780871674381,NeoForge,CAPTURE_OFF,2,World Flythrough,59.66,16.76,74.32,N/A,9794.09,N/A,0,0,0,0
1780871674402,NeoForge,CAPTURE_OFF,2,World Flythrough,46.72,21.41,74.32,N/A,9794.09,N/A,0,0,0,0
1780871674415,NeoForge,CAPTURE_OFF,2,World Flythrough,72.66,13.76,74.32,N/A,9794.09,N/A,0,0,0,0
1780871674430,NeoForge,CAPTURE_OFF,2,World Flythrough,69.18,14.45,74.32,N/A,9794.09,N/A,0,0,0,0
1780871674451,NeoForge,CAPTURE_OFF,2,World Flythrough,46.96,21.29,74.32,N/A,9794.09,N/A,0,0,0,0
1780871674462,NeoForge,CAPTURE_OFF,2,World Flythrough,88.85,11.26,74.32,N/A,9794.09,N/A,0,0,0,0
1780871674480,NeoForge,CAPTURE_OFF,2,World Flythrough,58.89,16.98,74.32,N/A,9794.09,N/A,0,0,0,0
1780871674507,NeoForge,CAPTURE_OFF,2,World Flythrough,36.69,27.25,74.32,N/A,9794.09,N/A,0,0,0,0
1780871674519,NeoForge,CAPTURE_OFF,2,World Flythrough,85.12,11.75,74.32,N/A,9794.09,N/A,0,0,0,0
1780871674736,NeoForge,CAPTURE_OFF,2,World Flythrough,81.04,12.34,84.99,N/A,10936.34,N/A,0,0,0,0
1780871674782,NeoForge,CAPTURE_OFF,2,World Flythrough,3.99,250.50,84.99,N/A,10936.34,N/A,0,0,0,0
1780871674800,NeoForge,CAPTURE_OFF,2,World Flythrough,55.18,18.12,84.99,N/A,10936.34,N/A,0,0,0,0
1780871674819,NeoForge,CAPTURE_OFF,2,World Flythrough,50.72,19.72,84.99,N/A,10936.34,N/A,0,0,0,0
1780871674832,NeoForge,CAPTURE_OFF,2,World Flythrough,81.85,12.22,84.99,N/A,10936.34,N/A,0,0,0,0
1780871674853,NeoForge,CAPTURE_OFF,2,World Flythrough,46.43,21.54,84.99,N/A,10936.34,N/A,0,0,0,0
1780871674863,NeoForge,CAPTURE_OFF,2,World Flythrough,93.26,10.72,84.99,N/A,10936.34,N/A,0,0,0,0
1780871674879,NeoForge,CAPTURE_OFF,2,World Flythrough,66.95,14.94,84.99,N/A,10936.34,N/A,0,0,0,0
1780871674906,NeoForge,CAPTURE_OFF,2,World Flythrough,36.81,27.17,84.99,N/A,10936.34,N/A,0,0,0,0
1780871674917,NeoForge,CAPTURE_OFF,2,World Flythrough,93.65,10.68,84.99,N/A,10936.34,N/A,0,0,0,0
1780871674928,NeoForge,CAPTURE_OFF,2,World Flythrough,85.17,11.74,84.99,N/A,10936.34,N/A,0,0,0,0
1780871674952,NeoForge,CAPTURE_OFF,2,World Flythrough,42.67,23.44,84.99,N/A,10936.34,N/A,0,0,0,0
1780871674962,NeoForge,CAPTURE_OFF,2,World Flythrough,93.32,10.72,84.99,N/A,10936.34,N/A,0,0,0,0
1780871674981,NeoForge,CAPTURE_OFF,2,World Flythrough,53.21,18.79,84.99,N/A,10936.34,N/A,0,0,0,0
1780871675001,NeoForge,CAPTURE_OFF,2,World Flythrough,50.17,19.93,84.99,N/A,10936.34,N/A,0,0,0,0
1780871675012,NeoForge,CAPTURE_OFF,2,World Flythrough,95.76,10.44,84.99,N/A,10936.34,N/A,0,0,0,0
1780871675030,NeoForge,CAPTURE_OFF,2,World Flythrough,53.53,18.68,84.99,N/A,10936.34,N/A,0,0,0,0
1780871675055,NeoForge,CAPTURE_OFF,2,World Flythrough,41.49,24.10,84.99,N/A,10936.34,N/A,0,0,0,0
1780871675065,NeoForge,CAPTURE_OFF,2,World Flythrough,97.20,10.29,84.99,N/A,10936.34,N/A,0,0,0,0
1780871675118,NeoForge,CAPTURE_OFF,2,World Flythrough,18.93,52.82,84.99,N/A,10936.34,N/A,0,0,0,0
1780871675140,NeoForge,CAPTURE_OFF,2,World Flythrough,44.87,22.29,84.99,N/A,10936.34,N/A,0,0,0,0
1780871675160,NeoForge,CAPTURE_OFF,2,World Flythrough,50.11,19.95,84.99,N/A,10936.34,N/A,0,0,0,0
1780871675171,NeoForge,CAPTURE_OFF,2,World Flythrough,86.99,11.50,84.99,N/A,10936.34,N/A,0,0,0,0
1780871675183,NeoForge,CAPTURE_OFF,2,World Flythrough,83.41,11.99,84.99,N/A,10936.34,N/A,0,0,0,0
1780871675201,NeoForge,CAPTURE_OFF,2,World Flythrough,54.26,18.43,84.99,N/A,10936.34,N/A,0,0,0,0
1780871675212,NeoForge,CAPTURE_OFF,2,World Flythrough,95.26,10.50,84.99,N/A,10936.34,N/A,0,0,0,0
1780871675230,NeoForge,CAPTURE_OFF,2,World Flythrough,56.57,17.68,84.99,N/A,10936.34,N/A,0,0,0,0
1780871675251,NeoForge,CAPTURE_OFF,2,World Flythrough,46.58,21.47,84.99,N/A,10936.34,N/A,0,0,0,0
1780871675263,NeoForge,CAPTURE_OFF,2,World Flythrough,86.42,11.57,84.99,N/A,10936.34,N/A,0,0,0,0
1780871675280,NeoForge,CAPTURE_OFF,2,World Flythrough,58.78,17.01,84.99,N/A,10936.34,N/A,0,0,0,0
1780871675301,NeoForge,CAPTURE_OFF,2,World Flythrough,46.76,21.39,84.99,N/A,10936.34,N/A,0,0,0,0
1780871675311,NeoForge,CAPTURE_OFF,2,World Flythrough,104.35,9.58,84.99,N/A,10936.34,N/A,0,0,0,0
1780871675329,NeoForge,CAPTURE_OFF,2,World Flythrough,54.96,18.19,84.99,N/A,10936.34,N/A,0,0,0,0
1780871675351,NeoForge,CAPTURE_OFF,2,World Flythrough,45.73,21.87,84.99,N/A,10936.34,N/A,0,0,0,0
1780871675363,NeoForge,CAPTURE_OFF,2,World Flythrough,87.93,11.37,84.99,N/A,10936.34,N/A,0,0,0,0
1780871675380,NeoForge,CAPTURE_OFF,2,World Flythrough,58.56,17.08,84.99,N/A,10936.34,N/A,0,0,0,0
1780871675402,NeoForge,CAPTURE_OFF,2,World Flythrough,45.07,22.19,84.99,N/A,10936.34,N/A,0,0,0,0
1780871675413,NeoForge,CAPTURE_OFF,2,World Flythrough,82.24,12.16,84.99,N/A,10936.34,N/A,0,0,0,0
1780871675430,NeoForge,CAPTURE_OFF,2,World Flythrough,61.99,16.13,84.99,N/A,10936.34,N/A,0,0,0,0
1780871675451,NeoForge,CAPTURE_OFF,2,World Flythrough,46.00,21.74,84.99,N/A,10936.34,N/A,0,0,0,0
1780871675462,NeoForge,CAPTURE_OFF,2,World Flythrough,97.04,10.30,84.99,N/A,10936.34,N/A,0,0,0,0
1780871675480,NeoForge,CAPTURE_OFF,2,World Flythrough,55.84,17.91,84.99,N/A,10936.34,N/A,0,0,0,0
1780871675502,NeoForge,CAPTURE_OFF,2,World Flythrough,44.49,22.48,84.99,N/A,10936.34,N/A,0,0,0,0
1780871675513,NeoForge,CAPTURE_OFF,2,World Flythrough,91.16,10.97,84.99,N/A,10936.34,N/A,0,0,0,0
1780871675530,NeoForge,CAPTURE_OFF,2,World Flythrough,60.49,16.53,84.99,N/A,10936.34,N/A,0,0,0,0
1780871675674,NeoForge,CAPTURE_OFF,2,World Flythrough,46.44,21.53,87.44,N/A,10594.93,N/A,0,0,0,0
1780871675702,NeoForge,CAPTURE_OFF,2,World Flythrough,6.65,150.30,87.44,N/A,10594.93,N/A,0,0,0,0
1780871675721,NeoForge,CAPTURE_OFF,2,World Flythrough,51.92,19.26,87.44,N/A,10594.93,N/A,0,0,0,0
1780871675732,NeoForge,CAPTURE_OFF,2,World Flythrough,92.93,10.76,87.44,N/A,10594.93,N/A,0,0,0,0
1780871675752,NeoForge,CAPTURE_OFF,2,World Flythrough,50.05,19.98,87.44,N/A,10594.93,N/A,0,0,0,0
1780871675762,NeoForge,CAPTURE_OFF,2,World Flythrough,94.76,10.55,87.44,N/A,10594.93,N/A,0,0,0,0
1780871675780,NeoForge,CAPTURE_OFF,2,World Flythrough,56.10,17.82,87.44,N/A,10594.93,N/A,0,0,0,0
1780871675802,NeoForge,CAPTURE_OFF,2,World Flythrough,44.68,22.38,87.44,N/A,10594.93,N/A,0,0,0,0
1780871675813,NeoForge,CAPTURE_OFF,2,World Flythrough,89.79,11.14,87.44,N/A,10594.93,N/A,0,0,0,0
1780871675831,NeoForge,CAPTURE_OFF,2,World Flythrough,57.94,17.26,87.44,N/A,10594.93,N/A,0,0,0,0
1780871675852,NeoForge,CAPTURE_OFF,2,World Flythrough,46.45,21.53,87.44,N/A,10594.93,N/A,0,0,0,0
1780871675863,NeoForge,CAPTURE_OFF,2,World Flythrough,92.08,10.86,87.44,N/A,10594.93,N/A,0,0,0,0
1780871675880,NeoForge,CAPTURE_OFF,2,World Flythrough,61.34,16.30,87.44,N/A,10594.93,N/A,0,0,0,0
1780871675902,NeoForge,CAPTURE_OFF,2,World Flythrough,43.59,22.94,87.44,N/A,10594.93,N/A,0,0,0,0
1780871675912,NeoForge,CAPTURE_OFF,2,World Flythrough,98.47,10.16,87.44,N/A,10594.93,N/A,0,0,0,0
1780871675952,NeoForge,CAPTURE_OFF,2,World Flythrough,25.52,39.18,87.44,N/A,10594.93,N/A,0,0,0,0
1780871675963,NeoForge,CAPTURE_OFF,2,World Flythrough,92.44,10.82,87.44,N/A,10594.93,N/A,0,0,0,0
1780871675980,NeoForge,CAPTURE_OFF,2,World Flythrough,57.05,17.53,87.44,N/A,10594.93,N/A,0,0,0,0
1780871676002,NeoForge,CAPTURE_OFF,2,World Flythrough,46.33,21.59,87.44,N/A,10594.93,N/A,0,0,0,0
1780871676012,NeoForge,CAPTURE_OFF,2,World Flythrough,92.83,10.77,87.44,N/A,10594.93,N/A,0,0,0,0
1780871676030,NeoForge,CAPTURE_OFF,2,World Flythrough,55.52,18.01,87.44,N/A,10594.93,N/A,0,0,0,0
1780871676053,NeoForge,CAPTURE_OFF,2,World Flythrough,44.90,22.27,87.44,N/A,10594.93,N/A,0,0,0,0
1780871676063,NeoForge,CAPTURE_OFF,2,World Flythrough,89.10,11.22,87.44,N/A,10594.93,N/A,0,0,0,0
1780871676080,NeoForge,CAPTURE_OFF,2,World Flythrough,60.53,16.52,87.44,N/A,10594.93,N/A,0,0,0,0
1780871676102,NeoForge,CAPTURE_OFF,2,World Flythrough,46.38,21.56,87.44,N/A,10594.93,N/A,0,0,0,0
1780871676112,NeoForge,CAPTURE_OFF,2,World Flythrough,102.43,9.76,87.44,N/A,10594.93,N/A,0,0,0,0
1780871676130,NeoForge,CAPTURE_OFF,2,World Flythrough,55.27,18.09,87.44,N/A,10594.93,N/A,0,0,0,0
1780871676152,NeoForge,CAPTURE_OFF,2,World Flythrough,46.40,21.55,87.44,N/A,10594.93,N/A,0,0,0,0
1780871676163,NeoForge,CAPTURE_OFF,2,World Flythrough,87.69,11.40,87.44,N/A,10594.93,N/A,0,0,0,0
1780871676180,NeoForge,CAPTURE_OFF,2,World Flythrough,60.03,16.66,87.44,N/A,10594.93,N/A,0,0,0,0
1780871676201,NeoForge,CAPTURE_OFF,2,World Flythrough,46.16,21.66,87.44,N/A,10594.93,N/A,0,0,0,0
1780871676212,NeoForge,CAPTURE_OFF,2,World Flythrough,90.57,11.04,87.44,N/A,10594.93,N/A,0,0,0,0
1780871676230,NeoForge,CAPTURE_OFF,2,World Flythrough,55.78,17.93,87.44,N/A,10594.93,N/A,0,0,0,0
1780871676252,NeoForge,CAPTURE_OFF,2,World Flythrough,45.79,21.84,87.44,N/A,10594.93,N/A,0,0,0,0
1780871676263,NeoForge,CAPTURE_OFF,2,World Flythrough,89.95,11.12,87.44,N/A,10594.93,N/A,0,0,0,0
1780871676280,NeoForge,CAPTURE_OFF,2,World Flythrough,60.95,16.41,87.44,N/A,10594.93,N/A,0,0,0,0
1780871676302,NeoForge,CAPTURE_OFF,2,World Flythrough,45.06,22.19,87.44,N/A,10594.93,N/A,0,0,0,0
1780871676313,NeoForge,CAPTURE_OFF,2,World Flythrough,92.15,10.85,87.44,N/A,10594.93,N/A,0,0,0,0
1780871676330,NeoForge,CAPTURE_OFF,2,World Flythrough,56.47,17.71,87.44,N/A,10594.93,N/A,0,0,0,0
1780871676352,NeoForge,CAPTURE_OFF,2,World Flythrough,45.95,21.76,87.44,N/A,10594.93,N/A,0,0,0,0
1780871676362,NeoForge,CAPTURE_OFF,2,World Flythrough,94.34,10.60,87.44,N/A,10594.93,N/A,0,0,0,0
1780871676380,NeoForge,CAPTURE_OFF,2,World Flythrough,58.69,17.04,87.44,N/A,10594.93,N/A,0,0,0,0
1780871676402,NeoForge,CAPTURE_OFF,2,World Flythrough,44.41,22.52,87.44,N/A,10594.93,N/A,0,0,0,0
1780871676412,NeoForge,CAPTURE_OFF,2,World Flythrough,104.71,9.55,87.44,N/A,10594.93,N/A,0,0,0,0
1780871676430,NeoForge,CAPTURE_OFF,2,World Flythrough,54.08,18.49,87.44,N/A,10594.93,N/A,0,0,0,0
1780871676452,NeoForge,CAPTURE_OFF,2,World Flythrough,46.13,21.68,87.44,N/A,10594.93,N/A,0,0,0,0
1780871676462,NeoForge,CAPTURE_OFF,2,World Flythrough,95.86,10.43,87.44,N/A,10594.93,N/A,0,0,0,0
1780871676479,NeoForge,CAPTURE_OFF,2,World Flythrough,58.29,17.16,87.44,N/A,10594.93,N/A,0,0,0,0
1780871676503,NeoForge,CAPTURE_OFF,2,World Flythrough,43.46,23.01,87.44,N/A,10594.93,N/A,0,0,0,0
1780871676513,NeoForge,CAPTURE_OFF,2,World Flythrough,98.12,10.19,87.44,N/A,10594.93,N/A,0,0,0,0
1780871676530,NeoForge,CAPTURE_OFF,2,World Flythrough,57.69,17.34,87.44,N/A,10594.93,N/A,0,0,0,0
1780871676666,NeoForge,CAPTURE_OFF,2,World Flythrough,45.34,22.06,88.22,N/A,10450.66,N/A,0,0,0,0
1780871676688,NeoForge,CAPTURE_OFF,2,World Flythrough,7.37,135.70,88.22,N/A,10450.66,N/A,0,0,0,0
1780871676704,NeoForge,CAPTURE_OFF,2,World Flythrough,60.95,16.41,88.22,N/A,10450.66,N/A,0,0,0,0
1780871676713,NeoForge,CAPTURE_OFF,2,World Flythrough,105.60,9.47,88.22,N/A,10450.66,N/A,0,0,0,0
1780871676731,NeoForge,CAPTURE_OFF,2,World Flythrough,59.51,16.80,88.22,N/A,10450.66,N/A,0,0,0,0
1780871676752,NeoForge,CAPTURE_OFF,2,World Flythrough,46.82,21.36,88.22,N/A,10450.66,N/A,0,0,0,0
1780871676762,NeoForge,CAPTURE_OFF,2,World Flythrough,96.81,10.33,88.22,N/A,10450.66,N/A,0,0,0,0
1780871676780,NeoForge,CAPTURE_OFF,2,World Flythrough,55.76,17.93,88.22,N/A,10450.66,N/A,0,0,0,0
1780871676803,NeoForge,CAPTURE_OFF,2,World Flythrough,44.89,22.27,88.22,N/A,10450.66,N/A,0,0,0,0
1780871676812,NeoForge,CAPTURE_OFF,2,World Flythrough,101.72,9.83,88.22,N/A,10450.66,N/A,0,0,0,0
1780871676830,NeoForge,CAPTURE_OFF,2,World Flythrough,55.46,18.03,88.22,N/A,10450.66,N/A,0,0,0,0
1780871676852,NeoForge,CAPTURE_OFF,2,World Flythrough,45.39,22.03,88.22,N/A,10450.66,N/A,0,0,0,0
1780871676864,NeoForge,CAPTURE_OFF,2,World Flythrough,86.40,11.57,88.22,N/A,10450.66,N/A,0,0,0,0
1780871676880,NeoForge,CAPTURE_OFF,2,World Flythrough,61.07,16.38,88.22,N/A,10450.66,N/A,0,0,0,0
1780871676903,NeoForge,CAPTURE_OFF,2,World Flythrough,43.53,22.98,88.22,N/A,10450.66,N/A,0,0,0,0
1780871676913,NeoForge,CAPTURE_OFF,2,World Flythrough,95.78,10.44,88.22,N/A,10450.66,N/A,0,0,0,0
1780871676931,NeoForge,CAPTURE_OFF,2,World Flythrough,56.96,17.56,88.22,N/A,10450.66,N/A,0,0,0,0
1780871676953,NeoForge,CAPTURE_OFF,2,World Flythrough,45.62,21.92,88.22,N/A,10450.66,N/A,0,0,0,0
1780871676963,NeoForge,CAPTURE_OFF,2,World Flythrough,94.39,10.59,88.22,N/A,10450.66,N/A,0,0,0,0
1780871676980,NeoForge,CAPTURE_OFF,2,World Flythrough,59.87,16.70,88.22,N/A,10450.66,N/A,0,0,0,0
1780871677003,NeoForge,CAPTURE_OFF,2,World Flythrough,44.66,22.39,88.22,N/A,10450.66,N/A,0,0,0,0
1780871677013,NeoForge,CAPTURE_OFF,2,World Flythrough,99.60,10.04,88.22,N/A,10450.66,N/A,0,0,0,0
1780871677032,NeoForge,CAPTURE_OFF,2,World Flythrough,52.22,19.15,88.22,N/A,10450.66,N/A,0,0,0,0
1780871677054,NeoForge,CAPTURE_OFF,2,World Flythrough,46.30,21.60,88.22,N/A,10450.66,N/A,0,0,0,0
1780871677063,NeoForge,CAPTURE_OFF,2,World Flythrough,105.43,9.49,88.22,N/A,10450.66,N/A,0,0,0,0
1780871677080,NeoForge,CAPTURE_OFF,2,World Flythrough,58.05,17.23,88.22,N/A,10450.66,N/A,0,0,0,0
1780871677103,NeoForge,CAPTURE_OFF,2,World Flythrough,44.17,22.64,88.22,N/A,10450.66,N/A,0,0,0,0
1780871677113,NeoForge,CAPTURE_OFF,2,World Flythrough,99.60,10.04,88.22,N/A,10450.66,N/A,0,0,0,0
1780871677131,NeoForge,CAPTURE_OFF,2,World Flythrough,55.58,17.99,88.22,N/A,10450.66,N/A,0,0,0,0
1780871677153,NeoForge,CAPTURE_OFF,2,World Flythrough,44.15,22.65,88.22,N/A,10450.66,N/A,0,0,0,0
1780871677163,NeoForge,CAPTURE_OFF,2,World Flythrough,101.09,9.89,88.22,N/A,10450.66,N/A,0,0,0,0
1780871677180,NeoForge,CAPTURE_OFF,2,World Flythrough,58.87,16.99,88.22,N/A,10450.66,N/A,0,0,0,0
1780871677203,NeoForge,CAPTURE_OFF,2,World Flythrough,43.76,22.85,88.22,N/A,10450.66,N/A,0,0,0,0
1780871677231,NeoForge,CAPTURE_OFF,2,World Flythrough,36.11,27.70,88.22,N/A,10450.66,N/A,0,0,0,0
1780871677241,NeoForge,CAPTURE_OFF,2,World Flythrough,99.64,10.04,88.22,N/A,10450.66,N/A,0,0,0,0
1780871677257,NeoForge,CAPTURE_OFF,2,World Flythrough,63.25,15.81,88.22,N/A,10450.66,N/A,0,0,0,0
1780871677267,NeoForge,CAPTURE_OFF,2,World Flythrough,104.10,9.61,88.22,N/A,10450.66,N/A,0,0,0,0
1780871677303,NeoForge,CAPTURE_OFF,2,World Flythrough,27.56,36.28,88.22,N/A,10450.66,N/A,0,0,0,0
1780871677318,NeoForge,CAPTURE_OFF,2,World Flythrough,64.98,15.39,88.22,N/A,10450.66,N/A,0,0,0,0
1780871677327,NeoForge,CAPTURE_OFF,2,World Flythrough,109.48,9.13,88.22,N/A,10450.66,N/A,0,0,0,0
1780871677336,NeoForge,CAPTURE_OFF,2,World Flythrough,109.20,9.16,88.22,N/A,10450.66,N/A,0,0,0,0
1780871677355,NeoForge,CAPTURE_OFF,2,World Flythrough,53.97,18.53,88.22,N/A,10450.66,N/A,0,0,0,0
1780871677364,NeoForge,CAPTURE_OFF,2,World Flythrough,102.42,9.76,88.22,N/A,10450.66,N/A,0,0,0,0
1780871677382,NeoForge,CAPTURE_OFF,2,World Flythrough,57.90,17.27,88.22,N/A,10450.66,N/A,0,0,0,0
1780871677403,NeoForge,CAPTURE_OFF,2,World Flythrough,47.21,21.18,88.22,N/A,10450.66,N/A,0,0,0,0
1780871677431,NeoForge,CAPTURE_OFF,2,World Flythrough,35.58,28.11,88.22,N/A,10450.66,N/A,0,0,0,0
1780871677440,NeoForge,CAPTURE_OFF,2,World Flythrough,109.74,9.11,88.22,N/A,10450.66,N/A,0,0,0,0
1780871677456,NeoForge,CAPTURE_OFF,2,World Flythrough,64.07,15.61,88.22,N/A,10450.66,N/A,0,0,0,0
1780871677464,NeoForge,CAPTURE_OFF,2,World Flythrough,112.76,8.87,88.22,N/A,10450.66,N/A,0,0,0,0
1780871677480,NeoForge,CAPTURE_OFF,2,World Flythrough,63.99,15.63,88.22,N/A,10450.66,N/A,0,0,0,0
1780871677502,NeoForge,CAPTURE_OFF,2,World Flythrough,45.44,22.01,88.22,N/A,10450.66,N/A,0,0,0,0
1780871677513,NeoForge,CAPTURE_OFF,2,World Flythrough,92.94,10.76,88.22,N/A,10450.66,N/A,0,0,0,0
1780871677531,NeoForge,CAPTURE_OFF,2,World Flythrough,56.48,17.70,88.22,N/A,10450.66,N/A,0,0,0,0
1780871677667,NeoForge,CAPTURE_OFF,2,World Flythrough,46.33,21.58,89.50,N/A,9832.71,N/A,0,0,0,0
1780871677689,NeoForge,CAPTURE_OFF,2,World Flythrough,7.30,136.93,89.50,N/A,9832.71,N/A,0,0,0,0
1780871677709,NeoForge,CAPTURE_OFF,2,World Flythrough,50.32,19.87,89.50,N/A,9832.71,N/A,0,0,0,0
1780871677720,NeoForge,CAPTURE_OFF,2,World Flythrough,93.70,10.67,89.50,N/A,9832.71,N/A,0,0,0,0
1780871677731,NeoForge,CAPTURE_OFF,2,World Flythrough,92.48,10.81,89.50,N/A,9832.71,N/A,0,0,0,0
1780871677755,NeoForge,CAPTURE_OFF,2,World Flythrough,42.04,23.79,89.50,N/A,9832.71,N/A,0,0,0,0
1780871677765,NeoForge,CAPTURE_OFF,2,World Flythrough,96.83,10.33,89.50,N/A,9832.71,N/A,0,0,0,0
1780871677781,NeoForge,CAPTURE_OFF,2,World Flythrough,62.27,16.06,89.50,N/A,9832.71,N/A,0,0,0,0
1780871677803,NeoForge,CAPTURE_OFF,2,World Flythrough,45.28,22.09,89.50,N/A,9832.71,N/A,0,0,0,0
1780871677815,NeoForge,CAPTURE_OFF,2,World Flythrough,88.55,11.29,89.50,N/A,9832.71,N/A,0,0,0,0
1780871677831,NeoForge,CAPTURE_OFF,2,World Flythrough,60.44,16.55,89.50,N/A,9832.71,N/A,0,0,0,0
1780871677853,NeoForge,CAPTURE_OFF,2,World Flythrough,44.48,22.48,89.50,N/A,9832.71,N/A,0,0,0,0
1780871677864,NeoForge,CAPTURE_OFF,2,World Flythrough,92.12,10.86,89.50,N/A,9832.71,N/A,0,0,0,0
1780871677881,NeoForge,CAPTURE_OFF,2,World Flythrough,58.32,17.15,89.50,N/A,9832.71,N/A,0,0,0,0
1780871677905,NeoForge,CAPTURE_OFF,2,World Flythrough,43.55,22.96,89.50,N/A,9832.71,N/A,0,0,0,0
1780871677913,NeoForge,CAPTURE_OFF,2,World Flythrough,105.34,9.49,89.50,N/A,9832.71,N/A,0,0,0,0
1780871677932,NeoForge,CAPTURE_OFF,2,World Flythrough,55.46,18.03,89.50,N/A,9832.71,N/A,0,0,0,0
1780871677953,NeoForge,CAPTURE_OFF,2,World Flythrough,45.41,22.02,89.50,N/A,9832.71,N/A,0,0,0,0
1780871677966,NeoForge,CAPTURE_OFF,2,World Flythrough,86.61,11.55,89.50,N/A,9832.71,N/A,0,0,0,0
1780871677981,NeoForge,CAPTURE_OFF,2,World Flythrough,62.40,16.03,89.50,N/A,9832.71,N/A,0,0,0,0
1780871678004,NeoForge,CAPTURE_OFF,2,World Flythrough,44.36,22.54,89.50,N/A,9832.71,N/A,0,0,0,0
1780871678015,NeoForge,CAPTURE_OFF,2,World Flythrough,96.20,10.40,89.50,N/A,9832.71,N/A,0,0,0,0
1780871678032,NeoForge,CAPTURE_OFF,2,World Flythrough,57.32,17.44,89.50,N/A,9832.71,N/A,0,0,0,0
1780871678053,NeoForge,CAPTURE_OFF,2,World Flythrough,46.91,21.32,89.50,N/A,9832.71,N/A,0,0,0,0
1780871678065,NeoForge,CAPTURE_OFF,2,World Flythrough,83.42,11.99,89.50,N/A,9832.71,N/A,0,0,0,0
1780871678081,NeoForge,CAPTURE_OFF,2,World Flythrough,63.39,15.77,89.50,N/A,9832.71,N/A,0,0,0,0
1780871678106,NeoForge,CAPTURE_OFF,2,World Flythrough,41.55,24.07,89.50,N/A,9832.71,N/A,0,0,0,0
1780871678115,NeoForge,CAPTURE_OFF,2,World Flythrough,102.37,9.77,89.50,N/A,9832.71,N/A,0,0,0,0
1780871678132,NeoForge,CAPTURE_OFF,2,World Flythrough,58.99,16.95,89.50,N/A,9832.71,N/A,0,0,0,0
1780871678153,NeoForge,CAPTURE_OFF,2,World Flythrough,45.75,21.86,89.50,N/A,9832.71,N/A,0,0,0,0
1780871678163,NeoForge,CAPTURE_OFF,2,World Flythrough,97.55,10.25,89.50,N/A,9832.71,N/A,0,0,0,0
1780871678182,NeoForge,CAPTURE_OFF,2,World Flythrough,54.95,18.20,89.50,N/A,9832.71,N/A,0,0,0,0
1780871678206,NeoForge,CAPTURE_OFF,2,World Flythrough,42.36,23.61,89.50,N/A,9832.71,N/A,0,0,0,0
1780871678216,NeoForge,CAPTURE_OFF,2,World Flythrough,103.41,9.67,89.50,N/A,9832.71,N/A,0,0,0,0
1780871678231,NeoForge,CAPTURE_OFF,2,World Flythrough,63.13,15.84,89.50,N/A,9832.71,N/A,0,0,0,0
1780871678254,NeoForge,CAPTURE_OFF,2,World Flythrough,43.74,22.86,89.50,N/A,9832.71,N/A,0,0,0,0
1780871678264,NeoForge,CAPTURE_OFF,2,World Flythrough,98.24,10.18,89.50,N/A,9832.71,N/A,0,0,0,0
1780871678282,NeoForge,CAPTURE_OFF,2,World Flythrough,55.63,17.98,89.50,N/A,9832.71,N/A,0,0,0,0
1780871678305,NeoForge,CAPTURE_OFF,2,World Flythrough,42.86,23.33,89.50,N/A,9832.71,N/A,0,0,0,0
1780871678315,NeoForge,CAPTURE_OFF,2,World Flythrough,103.17,9.69,89.50,N/A,9832.71,N/A,0,0,0,0
1780871678332,NeoForge,CAPTURE_OFF,2,World Flythrough,59.57,16.79,89.50,N/A,9832.71,N/A,0,0,0,0
1780871678354,NeoForge,CAPTURE_OFF,2,World Flythrough,43.96,22.75,89.50,N/A,9832.71,N/A,0,0,0,0
1780871678366,NeoForge,CAPTURE_OFF,2,World Flythrough,94.07,10.63,89.50,N/A,9832.71,N/A,0,0,0,0
1780871678382,NeoForge,CAPTURE_OFF,2,World Flythrough,60.71,16.47,89.50,N/A,9832.71,N/A,0,0,0,0
1780871678405,NeoForge,CAPTURE_OFF,2,World Flythrough,42.31,23.63,89.50,N/A,9832.71,N/A,0,0,0,0
1780871678416,NeoForge,CAPTURE_OFF,2,World Flythrough,94.27,10.61,89.50,N/A,9832.71,N/A,0,0,0,0
1780871678469,NeoForge,CAPTURE_OFF,2,World Flythrough,18.64,53.66,89.50,N/A,9832.71,N/A,0,0,0,0
1780871678481,NeoForge,CAPTURE_OFF,2,World Flythrough,88.06,11.36,89.50,N/A,9832.71,N/A,0,0,0,0
1780871678491,NeoForge,CAPTURE_OFF,2,World Flythrough,97.13,10.30,89.50,N/A,9832.71,N/A,0,0,0,0
1780871678509,NeoForge,CAPTURE_OFF,2,World Flythrough,56.72,17.63,89.50,N/A,9832.71,N/A,0,0,0,0
1780871678520,NeoForge,CAPTURE_OFF,2,World Flythrough,90.30,11.07,89.50,N/A,9832.71,N/A,0,0,0,0
1780871678531,NeoForge,CAPTURE_OFF,2,World Flythrough,87.12,11.48,89.50,N/A,9832.71,N/A,0,0,0,0
1780871678682,NeoForge,CAPTURE_OFF,2,World Flythrough,43.06,23.22,81.15,N/A,10867.96,N/A,0,0,0,0
1780871678704,NeoForge,CAPTURE_OFF,2,World Flythrough,6.70,149.35,81.15,N/A,10867.96,N/A,0,0,0,0
1780871678723,NeoForge,CAPTURE_OFF,2,World Flythrough,53.74,18.61,81.15,N/A,10867.96,N/A,0,0,0,0
1780871678735,NeoForge,CAPTURE_OFF,2,World Flythrough,86.23,11.60,81.15,N/A,10867.96,N/A,0,0,0,0
1780871678755,NeoForge,CAPTURE_OFF,2,World Flythrough,47.41,21.09,81.15,N/A,10867.96,N/A,0,0,0,0
1780871678765,NeoForge,CAPTURE_OFF,2,World Flythrough,99.48,10.05,81.15,N/A,10867.96,N/A,0,0,0,0
1780871678783,NeoForge,CAPTURE_OFF,2,World Flythrough,55.51,18.01,81.15,N/A,10867.96,N/A,0,0,0,0
1780871678806,NeoForge,CAPTURE_OFF,2,World Flythrough,44.51,22.47,81.15,N/A,10867.96,N/A,0,0,0,0
1780871678816,NeoForge,CAPTURE_OFF,2,World Flythrough,99.84,10.02,81.15,N/A,10867.96,N/A,0,0,0,0
1780871678832,NeoForge,CAPTURE_OFF,2,World Flythrough,60.98,16.40,81.15,N/A,10867.96,N/A,0,0,0,0
1780871678856,NeoForge,CAPTURE_OFF,2,World Flythrough,43.87,22.79,81.15,N/A,10867.96,N/A,0,0,0,0
1780871678865,NeoForge,CAPTURE_OFF,2,World Flythrough,96.98,10.31,81.15,N/A,10867.96,N/A,0,0,0,0
1780871678882,NeoForge,CAPTURE_OFF,2,World Flythrough,59.37,16.84,81.15,N/A,10867.96,N/A,0,0,0,0
1780871678907,NeoForge,CAPTURE_OFF,2,World Flythrough,40.08,24.95,81.15,N/A,10867.96,N/A,0,0,0,0
1780871678917,NeoForge,CAPTURE_OFF,2,World Flythrough,100.26,9.97,81.15,N/A,10867.96,N/A,0,0,0,0
1780871678932,NeoForge,CAPTURE_OFF,2,World Flythrough,68.04,14.70,81.15,N/A,10867.96,N/A,0,0,0,0
1780871678977,NeoForge,CAPTURE_OFF,2,World Flythrough,22.33,44.79,81.15,N/A,10867.96,N/A,0,0,0,0
1780871678987,NeoForge,CAPTURE_OFF,2,World Flythrough,100.74,9.93,81.15,N/A,10867.96,N/A,0,0,0,0
1780871679006,NeoForge,CAPTURE_OFF,2,World Flythrough,50.55,19.78,81.15,N/A,10867.96,N/A,0,0,0,0
1780871679017,NeoForge,CAPTURE_OFF,2,World Flythrough,96.74,10.34,81.15,N/A,10867.96,N/A,0,0,0,0
1780871679032,NeoForge,CAPTURE_OFF,2,World Flythrough,65.91,15.17,81.15,N/A,10867.96,N/A,0,0,0,0
1780871679054,NeoForge,CAPTURE_OFF,2,World Flythrough,44.33,22.56,81.15,N/A,10867.96,N/A,0,0,0,0
1780871679066,NeoForge,CAPTURE_OFF,2,World Flythrough,91.49,10.93,81.15,N/A,10867.96,N/A,0,0,0,0
1780871679082,NeoForge,CAPTURE_OFF,2,World Flythrough,59.04,16.94,81.15,N/A,10867.96,N/A,0,0,0,0
1780871679107,NeoForge,CAPTURE_OFF,2,World Flythrough,40.74,24.54,81.15,N/A,10867.96,N/A,0,0,0,0
1780871679116,NeoForge,CAPTURE_OFF,2,World Flythrough,107.04,9.34,81.15,N/A,10867.96,N/A,0,0,0,0
1780871679133,NeoForge,CAPTURE_OFF,2,World Flythrough,59.96,16.68,81.15,N/A,10867.96,N/A,0,0,0,0
1780871679154,NeoForge,CAPTURE_OFF,2,World Flythrough,47.44,21.08,81.15,N/A,10867.96,N/A,0,0,0,0
1780871679165,NeoForge,CAPTURE_OFF,2,World Flythrough,90.06,11.10,81.15,N/A,10867.96,N/A,0,0,0,0
1780871679183,NeoForge,CAPTURE_OFF,2,World Flythrough,55.47,18.03,81.15,N/A,10867.96,N/A,0,0,0,0
1780871679206,NeoForge,CAPTURE_OFF,2,World Flythrough,45.21,22.12,81.15,N/A,10867.96,N/A,0,0,0,0
1780871679216,NeoForge,CAPTURE_OFF,2,World Flythrough,97.97,10.21,81.15,N/A,10867.96,N/A,0,0,0,0
1780871679233,NeoForge,CAPTURE_OFF,2,World Flythrough,58.00,17.24,81.15,N/A,10867.96,N/A,0,0,0,0
1780871679255,NeoForge,CAPTURE_OFF,2,World Flythrough,44.86,22.29,81.15,N/A,10867.96,N/A,0,0,0,0
1780871679266,NeoForge,CAPTURE_OFF,2,World Flythrough,92.64,10.79,81.15,N/A,10867.96,N/A,0,0,0,0
1780871679283,NeoForge,CAPTURE_OFF,2,World Flythrough,57.57,17.37,81.15,N/A,10867.96,N/A,0,0,0,0
1780871679306,NeoForge,CAPTURE_OFF,2,World Flythrough,43.75,22.86,81.15,N/A,10867.96,N/A,0,0,0,0
1780871679317,NeoForge,CAPTURE_OFF,2,World Flythrough,98.41,10.16,81.15,N/A,10867.96,N/A,0,0,0,0
1780871679332,NeoForge,CAPTURE_OFF,2,World Flythrough,61.22,16.33,81.15,N/A,10867.96,N/A,0,0,0,0
1780871679355,NeoForge,CAPTURE_OFF,2,World Flythrough,44.22,22.61,81.15,N/A,10867.96,N/A,0,0,0,0
1780871679365,NeoForge,CAPTURE_OFF,2,World Flythrough,102.12,9.79,81.15,N/A,10867.96,N/A,0,0,0,0
1780871679382,NeoForge,CAPTURE_OFF,2,World Flythrough,57.66,17.34,81.15,N/A,10867.96,N/A,0,0,0,0
1780871679405,NeoForge,CAPTURE_OFF,2,World Flythrough,42.77,23.38,81.15,N/A,10867.96,N/A,0,0,0,0
1780871679415,NeoForge,CAPTURE_OFF,2,World Flythrough,97.99,10.20,81.15,N/A,10867.96,N/A,0,0,0,0
1780871679433,NeoForge,CAPTURE_OFF,2,World Flythrough,59.07,16.93,81.15,N/A,10867.96,N/A,0,0,0,0
1780871679455,NeoForge,CAPTURE_OFF,2,World Flythrough,44.79,22.33,81.15,N/A,10867.96,N/A,0,0,0,0
1780871679466,NeoForge,CAPTURE_OFF,2,World Flythrough,92.23,10.84,81.15,N/A,10867.96,N/A,0,0,0,0
1780871679483,NeoForge,CAPTURE_OFF,2,World Flythrough,56.95,17.56,81.15,N/A,10867.96,N/A,0,0,0,0
1780871679507,NeoForge,CAPTURE_OFF,2,World Flythrough,43.72,22.87,81.15,N/A,10867.96,N/A,0,0,0,0
1780871679517,NeoForge,CAPTURE_OFF,2,World Flythrough,97.19,10.29,81.15,N/A,10867.96,N/A,0,0,0,0
1780871679533,NeoForge,CAPTURE_OFF,2,World Flythrough,60.84,16.44,81.15,N/A,10867.96,N/A,0,0,0,0
1780871679685,NeoForge,CAPTURE_OFF,2,World Flythrough,42.57,23.49,82.39,N/A,10168.82,N/A,0,0,0,0
1780871679716,NeoForge,CAPTURE_OFF,2,World Flythrough,6.27,159.38,82.39,N/A,10168.82,N/A,0,0,0,0
1780871679727,NeoForge,CAPTURE_OFF,2,World Flythrough,97.56,10.25,82.39,N/A,10168.82,N/A,0,0,0,0
1780871679737,NeoForge,CAPTURE_OFF,2,World Flythrough,93.54,10.69,82.39,N/A,10168.82,N/A,0,0,0,0
1780871679757,NeoForge,CAPTURE_OFF,2,World Flythrough,49.17,20.34,82.39,N/A,10168.82,N/A,0,0,0,0
1780871679770,NeoForge,CAPTURE_OFF,2,World Flythrough,76.09,13.14,82.39,N/A,10168.82,N/A,0,0,0,0
1780871679783,NeoForge,CAPTURE_OFF,2,World Flythrough,76.93,13.00,82.39,N/A,10168.82,N/A,0,0,0,0
1780871679808,NeoForge,CAPTURE_OFF,2,World Flythrough,40.20,24.87,82.39,N/A,10168.82,N/A,0,0,0,0
1780871679820,NeoForge,CAPTURE_OFF,2,World Flythrough,85.62,11.68,82.39,N/A,10168.82,N/A,0,0,0,0
1780871679834,NeoForge,CAPTURE_OFF,2,World Flythrough,71.72,13.94,82.39,N/A,10168.82,N/A,0,0,0,0
1780871679856,NeoForge,CAPTURE_OFF,2,World Flythrough,44.08,22.68,82.39,N/A,10168.82,N/A,0,0,0,0
1780871679867,NeoForge,CAPTURE_OFF,2,World Flythrough,88.66,11.28,82.39,N/A,10168.82,N/A,0,0,0,0
1780871679885,NeoForge,CAPTURE_OFF,2,World Flythrough,60.37,16.56,82.39,N/A,10168.82,N/A,0,0,0,0
1780871679908,NeoForge,CAPTURE_OFF,2,World Flythrough,42.05,23.78,82.39,N/A,10168.82,N/A,0,0,0,0
1780871679919,NeoForge,CAPTURE_OFF,2,World Flythrough,93.99,10.64,82.39,N/A,10168.82,N/A,0,0,0,0
1780871679934,NeoForge,CAPTURE_OFF,2,World Flythrough,66.76,14.98,82.39,N/A,10168.82,N/A,0,0,0,0
1780871679959,NeoForge,CAPTURE_OFF,2,World Flythrough,40.00,25.00,82.39,N/A,10168.82,N/A,0,0,0,0
1780871679971,NeoForge,CAPTURE_OFF,2,World Flythrough,85.76,11.66,82.39,N/A,10168.82,N/A,0,0,0,0
1780871679985,NeoForge,CAPTURE_OFF,2,World Flythrough,72.54,13.79,82.39,N/A,10168.82,N/A,0,0,0,0
1780871680009,NeoForge,CAPTURE_OFF,2,World Flythrough,41.09,24.34,82.39,N/A,10168.82,N/A,0,0,0,0
1780871680019,NeoForge,CAPTURE_OFF,2,World Flythrough,91.59,10.92,82.39,N/A,10168.82,N/A,0,0,0,0
1780871680036,NeoForge,CAPTURE_OFF,2,World Flythrough,59.96,16.68,82.39,N/A,10168.82,N/A,0,0,0,0
1780871680057,NeoForge,CAPTURE_OFF,2,World Flythrough,48.40,20.66,82.39,N/A,10168.82,N/A,0,0,0,0
1780871680067,NeoForge,CAPTURE_OFF,2,World Flythrough,94.30,10.60,82.39,N/A,10168.82,N/A,0,0,0,0
1780871680083,NeoForge,CAPTURE_OFF,2,World Flythrough,62.42,16.02,82.39,N/A,10168.82,N/A,0,0,0,0
1780871680108,NeoForge,CAPTURE_OFF,2,World Flythrough,41.31,24.20,82.39,N/A,10168.82,N/A,0,0,0,0
1780871680120,NeoForge,CAPTURE_OFF,2,World Flythrough,82.03,12.19,82.39,N/A,10168.82,N/A,0,0,0,0
1780871680136,NeoForge,CAPTURE_OFF,2,World Flythrough,64.86,15.42,82.39,N/A,10168.82,N/A,0,0,0,0
1780871680157,NeoForge,CAPTURE_OFF,2,World Flythrough,46.68,21.42,82.39,N/A,10168.82,N/A,0,0,0,0
1780871680169,NeoForge,CAPTURE_OFF,2,World Flythrough,82.76,12.08,82.39,N/A,10168.82,N/A,0,0,0,0
1780871680187,NeoForge,CAPTURE_OFF,2,World Flythrough,56.26,17.77,82.39,N/A,10168.82,N/A,0,0,0,0
1780871680208,NeoForge,CAPTURE_OFF,2,World Flythrough,46.62,21.45,82.39,N/A,10168.82,N/A,0,0,0,0
1780871680218,NeoForge,CAPTURE_OFF,2,World Flythrough,98.31,10.17,82.39,N/A,10168.82,N/A,0,0,0,0
1780871680234,NeoForge,CAPTURE_OFF,2,World Flythrough,63.66,15.71,82.39,N/A,10168.82,N/A,0,0,0,0
1780871680258,NeoForge,CAPTURE_OFF,2,World Flythrough,41.67,24.00,82.39,N/A,10168.82,N/A,0,0,0,0
1780871680270,NeoForge,CAPTURE_OFF,2,World Flythrough,84.27,11.87,82.39,N/A,10168.82,N/A,0,0,0,0
1780871680286,NeoForge,CAPTURE_OFF,2,World Flythrough,64.92,15.40,82.39,N/A,10168.82,N/A,0,0,0,0
1780871680308,NeoForge,CAPTURE_OFF,2,World Flythrough,43.25,23.12,82.39,N/A,10168.82,N/A,0,0,0,0
1780871680320,NeoForge,CAPTURE_OFF,2,World Flythrough,82.00,12.19,82.39,N/A,10168.82,N/A,0,0,0,0
1780871680335,NeoForge,CAPTURE_OFF,2,World Flythrough,67.71,14.77,82.39,N/A,10168.82,N/A,0,0,0,0
1780871680357,NeoForge,CAPTURE_OFF,2,World Flythrough,46.78,21.37,82.39,N/A,10168.82,N/A,0,0,0,0
1780871680367,NeoForge,CAPTURE_OFF,2,World Flythrough,95.52,10.47,82.39,N/A,10168.82,N/A,0,0,0,0
1780871680386,NeoForge,CAPTURE_OFF,2,World Flythrough,53.19,18.80,82.39,N/A,10168.82,N/A,0,0,0,0
1780871680408,NeoForge,CAPTURE_OFF,2,World Flythrough,44.04,22.71,82.39,N/A,10168.82,N/A,0,0,0,0
1780871680419,NeoForge,CAPTURE_OFF,2,World Flythrough,94.14,10.62,82.39,N/A,10168.82,N/A,0,0,0,0
1780871680435,NeoForge,CAPTURE_OFF,2,World Flythrough,62.62,15.97,82.39,N/A,10168.82,N/A,0,0,0,0
1780871680459,NeoForge,CAPTURE_OFF,2,World Flythrough,42.17,23.72,82.39,N/A,10168.82,N/A,0,0,0,0
1780871680472,NeoForge,CAPTURE_OFF,2,World Flythrough,73.17,13.67,82.39,N/A,10168.82,N/A,0,0,0,0
1780871680485,NeoForge,CAPTURE_OFF,2,World Flythrough,78.54,12.73,82.39,N/A,10168.82,N/A,0,0,0,0
1780871680511,NeoForge,CAPTURE_OFF,2,World Flythrough,39.78,25.14,82.39,N/A,10168.82,N/A,0,0,0,0
1780871680521,NeoForge,CAPTURE_OFF,2,World Flythrough,91.56,10.92,82.39,N/A,10168.82,N/A,0,0,0,0
1780871680536,NeoForge,CAPTURE_OFF,2,World Flythrough,69.52,14.38,82.39,N/A,10168.82,N/A,0,0,0,0
1780871680698,NeoForge,CAPTURE_OFF,2,World Flythrough,45.00,22.22,82.48,N/A,11420.42,N/A,0,0,0,0
1780871680735,NeoForge,CAPTURE_OFF,2,World Flythrough,5.62,177.81,82.48,N/A,11420.42,N/A,0,0,0,0
1780871680756,NeoForge,CAPTURE_OFF,2,World Flythrough,49.89,20.04,82.48,N/A,11420.42,N/A,0,0,0,0
1780871680766,NeoForge,CAPTURE_OFF,2,World Flythrough,93.74,10.67,82.48,N/A,11420.42,N/A,0,0,0,0
1780871680779,NeoForge,CAPTURE_OFF,2,World Flythrough,82.05,12.19,82.48,N/A,11420.42,N/A,0,0,0,0
1780871680790,NeoForge,CAPTURE_OFF,2,World Flythrough,90.14,11.09,82.48,N/A,11420.42,N/A,0,0,0,0
1780871680807,NeoForge,CAPTURE_OFF,2,World Flythrough,57.52,17.39,82.48,N/A,11420.42,N/A,0,0,0,0
1780871680818,NeoForge,CAPTURE_OFF,2,World Flythrough,90.81,11.01,82.48,N/A,11420.42,N/A,0,0,0,0
1780871680835,NeoForge,CAPTURE_OFF,2,World Flythrough,58.00,17.24,82.48,N/A,11420.42,N/A,0,0,0,0
1780871680858,NeoForge,CAPTURE_OFF,2,World Flythrough,44.49,22.48,82.48,N/A,11420.42,N/A,0,0,0,0
1780871680870,NeoForge,CAPTURE_OFF,2,World Flythrough,83.72,11.94,82.48,N/A,11420.42,N/A,0,0,0,0
1780871680885,NeoForge,CAPTURE_OFF,2,World Flythrough,64.37,15.54,82.48,N/A,11420.42,N/A,0,0,0,0
1780871680909,NeoForge,CAPTURE_OFF,2,World Flythrough,41.92,23.85,82.48,N/A,11420.42,N/A,0,0,0,0
1780871680921,NeoForge,CAPTURE_OFF,2,World Flythrough,86.55,11.55,82.48,N/A,11420.42,N/A,0,0,0,0
1780871680936,NeoForge,CAPTURE_OFF,2,World Flythrough,65.94,15.16,82.48,N/A,11420.42,N/A,0,0,0,0
1780871680959,NeoForge,CAPTURE_OFF,2,World Flythrough,45.21,22.12,82.48,N/A,11420.42,N/A,0,0,0,0
1780871680971,NeoForge,CAPTURE_OFF,2,World Flythrough,80.99,12.35,82.48,N/A,11420.42,N/A,0,0,0,0
1780871680986,NeoForge,CAPTURE_OFF,2,World Flythrough,62.84,15.91,82.48,N/A,11420.42,N/A,0,0,0,0
1780871681011,NeoForge,CAPTURE_OFF,2,World Flythrough,40.57,24.65,82.48,N/A,11420.42,N/A,0,0,0,0
1780871681023,NeoForge,CAPTURE_OFF,2,World Flythrough,82.93,12.06,82.48,N/A,11420.42,N/A,0,0,0,0
1780871681038,NeoForge,CAPTURE_OFF,2,World Flythrough,67.12,14.90,82.48,N/A,11420.42,N/A,0,0,0,0
1780871681059,NeoForge,CAPTURE_OFF,2,World Flythrough,46.31,21.59,82.48,N/A,11420.42,N/A,0,0,0,0
1780871681072,NeoForge,CAPTURE_OFF,2,World Flythrough,80.63,12.40,82.48,N/A,11420.42,N/A,0,0,0,0
1780871681086,NeoForge,CAPTURE_OFF,2,World Flythrough,69.29,14.43,82.48,N/A,11420.42,N/A,0,0,0,0
1780871681111,NeoForge,CAPTURE_OFF,2,World Flythrough,41.39,24.16,82.48,N/A,11420.42,N/A,0,0,0,0
1780871681122,NeoForge,CAPTURE_OFF,2,World Flythrough,84.74,11.80,82.48,N/A,11420.42,N/A,0,0,0,0
1780871681138,NeoForge,CAPTURE_OFF,2,World Flythrough,64.49,15.51,82.48,N/A,11420.42,N/A,0,0,0,0
1780871681159,NeoForge,CAPTURE_OFF,2,World Flythrough,47.33,21.13,82.48,N/A,11420.42,N/A,0,0,0,0
1780871681171,NeoForge,CAPTURE_OFF,2,World Flythrough,85.44,11.70,82.48,N/A,11420.42,N/A,0,0,0,0
1780871681187,NeoForge,CAPTURE_OFF,2,World Flythrough,59.79,16.72,82.48,N/A,11420.42,N/A,0,0,0,0
1780871681210,NeoForge,CAPTURE_OFF,2,World Flythrough,44.16,22.64,82.48,N/A,11420.42,N/A,0,0,0,0
1780871681226,NeoForge,CAPTURE_OFF,2,World Flythrough,65.87,15.18,82.48,N/A,11420.42,N/A,0,0,0,0
1780871681237,NeoForge,CAPTURE_OFF,2,World Flythrough,84.29,11.86,82.48,N/A,11420.42,N/A,0,0,0,0
1780871681257,NeoForge,CAPTURE_OFF,2,World Flythrough,49.85,20.06,82.48,N/A,11420.42,N/A,0,0,0,0
1780871681268,NeoForge,CAPTURE_OFF,2,World Flythrough,96.01,10.42,82.48,N/A,11420.42,N/A,0,0,0,0
1780871681287,NeoForge,CAPTURE_OFF,2,World Flythrough,50.33,19.87,82.48,N/A,11420.42,N/A,0,0,0,0
1780871681309,NeoForge,CAPTURE_OFF,2,World Flythrough,48.14,20.77,82.48,N/A,11420.42,N/A,0,0,0,0
1780871681320,NeoForge,CAPTURE_OFF,2,World Flythrough,86.51,11.56,82.48,N/A,11420.42,N/A,0,0,0,0
1780871681336,NeoForge,CAPTURE_OFF,2,World Flythrough,62.42,16.02,82.48,N/A,11420.42,N/A,0,0,0,0
1780871681361,NeoForge,CAPTURE_OFF,2,World Flythrough,40.67,24.59,82.48,N/A,11420.42,N/A,0,0,0,0
1780871681371,NeoForge,CAPTURE_OFF,2,World Flythrough,94.45,10.59,82.48,N/A,11420.42,N/A,0,0,0,0
1780871681385,NeoForge,CAPTURE_OFF,2,World Flythrough,72.56,13.78,82.48,N/A,11420.42,N/A,0,0,0,0
1780871681408,NeoForge,CAPTURE_OFF,2,World Flythrough,43.58,22.95,82.48,N/A,11420.42,N/A,0,0,0,0
1780871681419,NeoForge,CAPTURE_OFF,2,World Flythrough,87.13,11.48,82.48,N/A,11420.42,N/A,0,0,0,0
1780871681436,NeoForge,CAPTURE_OFF,2,World Flythrough,59.61,16.78,82.48,N/A,11420.42,N/A,0,0,0,0
1780871681458,NeoForge,CAPTURE_OFF,2,World Flythrough,44.78,22.33,82.48,N/A,11420.42,N/A,0,0,0,0
1780871681470,NeoForge,CAPTURE_OFF,2,World Flythrough,90.03,11.11,82.48,N/A,11420.42,N/A,0,0,0,0
1780871681483,NeoForge,CAPTURE_OFF,2,World Flythrough,69.70,14.35,82.48,N/A,11420.42,N/A,0,0,0,0
1780871681508,NeoForge,CAPTURE_OFF,2,World Flythrough,40.68,24.58,82.48,N/A,11420.42,N/A,0,0,0,0
1780871681519,NeoForge,CAPTURE_OFF,2,World Flythrough,93.26,10.72,82.48,N/A,11420.42,N/A,0,0,0,0
1780871681535,NeoForge,CAPTURE_OFF,2,World Flythrough,60.98,16.40,82.48,N/A,11420.42,N/A,0,0,0,0
1780871681558,NeoForge,CAPTURE_OFF,2,World Flythrough,45.12,22.16,82.48,N/A,11420.42,N/A,0,0,0,0
1780871681737,NeoForge,CAPTURE_OFF,2,World Flythrough,36.80,27.18,67.76,N/A,11430.12,N/A,0,0,0,0
1780871681801,NeoForge,CAPTURE_OFF,2,World Flythrough,4.63,216.10,67.76,N/A,11430.12,N/A,0,0,0,0
1780871681833,NeoForge,CAPTURE_OFF,2,World Flythrough,30.71,32.56,67.76,N/A,11430.12,N/A,0,0,0,0
1780871681851,NeoForge,CAPTURE_OFF,2,World Flythrough,58.39,17.13,67.76,N/A,11430.12,N/A,0,0,0,0
1780871681861,NeoForge,CAPTURE_OFF,2,World Flythrough,99.56,10.04,67.76,N/A,11430.12,N/A,0,0,0,0
1780871681871,NeoForge,CAPTURE_OFF,2,World Flythrough,98.09,10.20,67.76,N/A,11430.12,N/A,0,0,0,0
1780871681885,NeoForge,CAPTURE_OFF,2,World Flythrough,72.24,13.84,67.76,N/A,11430.12,N/A,0,0,0,0
1780871681909,NeoForge,CAPTURE_OFF,2,World Flythrough,40.49,24.70,67.76,N/A,11430.12,N/A,0,0,0,0
1780871681920,NeoForge,CAPTURE_OFF,2,World Flythrough,87.51,11.43,67.76,N/A,11430.12,N/A,0,0,0,0
1780871681935,NeoForge,CAPTURE_OFF,2,World Flythrough,68.59,14.58,67.76,N/A,11430.12,N/A,0,0,0,0
1780871681962,NeoForge,CAPTURE_OFF,2,World Flythrough,37.42,26.72,67.76,N/A,11430.12,N/A,0,0,0,0
1780871681977,NeoForge,CAPTURE_OFF,2,World Flythrough,68.33,14.63,67.76,N/A,11430.12,N/A,0,0,0,0
1780871681987,NeoForge,CAPTURE_OFF,2,World Flythrough,94.80,10.55,67.76,N/A,11430.12,N/A,0,0,0,0
1780871682008,NeoForge,CAPTURE_OFF,2,World Flythrough,48.79,20.50,67.76,N/A,11430.12,N/A,0,0,0,0
1780871682018,NeoForge,CAPTURE_OFF,2,World Flythrough,97.68,10.24,67.76,N/A,11430.12,N/A,0,0,0,0
1780871682035,NeoForge,CAPTURE_OFF,2,World Flythrough,59.12,16.91,67.76,N/A,11430.12,N/A,0,0,0,0
1780871682061,NeoForge,CAPTURE_OFF,2,World Flythrough,38.83,25.75,67.76,N/A,11430.12,N/A,0,0,0,0
1780871682071,NeoForge,CAPTURE_OFF,2,World Flythrough,92.48,10.81,67.76,N/A,11430.12,N/A,0,0,0,0
1780871682085,NeoForge,CAPTURE_OFF,2,World Flythrough,77.62,12.88,67.76,N/A,11430.12,N/A,0,0,0,0
1780871682109,NeoForge,CAPTURE_OFF,2,World Flythrough,40.43,24.73,67.76,N/A,11430.12,N/A,0,0,0,0
1780871682119,NeoForge,CAPTURE_OFF,2,World Flythrough,100.49,9.95,67.76,N/A,11430.12,N/A,0,0,0,0
1780871682134,NeoForge,CAPTURE_OFF,2,World Flythrough,63.43,15.77,67.76,N/A,11430.12,N/A,0,0,0,0
1780871682159,NeoForge,CAPTURE_OFF,2,World Flythrough,41.72,23.97,67.76,N/A,11430.12,N/A,0,0,0,0
1780871682169,NeoForge,CAPTURE_OFF,2,World Flythrough,102.07,9.80,67.76,N/A,11430.12,N/A,0,0,0,0
1780871682187,NeoForge,CAPTURE_OFF,2,World Flythrough,56.75,17.62,67.76,N/A,11430.12,N/A,0,0,0,0
1780871682207,NeoForge,CAPTURE_OFF,2,World Flythrough,47.95,20.86,67.76,N/A,11430.12,N/A,0,0,0,0
1780871682220,NeoForge,CAPTURE_OFF,2,World Flythrough,76.21,13.12,67.76,N/A,11430.12,N/A,0,0,0,0
1780871682236,NeoForge,CAPTURE_OFF,2,World Flythrough,62.79,15.93,67.76,N/A,11430.12,N/A,0,0,0,0
1780871682258,NeoForge,CAPTURE_OFF,2,World Flythrough,44.88,22.28,67.76,N/A,11430.12,N/A,0,0,0,0
1780871682286,NeoForge,CAPTURE_OFF,2,World Flythrough,36.82,27.16,67.76,N/A,11430.12,N/A,0,0,0,0
1780871682304,NeoForge,CAPTURE_OFF,2,World Flythrough,54.69,18.29,67.76,N/A,11430.12,N/A,0,0,0,0
1780871682312,NeoForge,CAPTURE_OFF,2,World Flythrough,117.70,8.50,67.76,N/A,11430.12,N/A,0,0,0,0
1780871682322,NeoForge,CAPTURE_OFF,2,World Flythrough,100.91,9.91,67.76,N/A,11430.12,N/A,0,0,0,0
1780871682335,NeoForge,CAPTURE_OFF,2,World Flythrough,80.24,12.46,67.76,N/A,11430.12,N/A,0,0,0,0
1780871682360,NeoForge,CAPTURE_OFF,2,World Flythrough,40.36,24.78,67.76,N/A,11430.12,N/A,0,0,0,0
1780871682370,NeoForge,CAPTURE_OFF,2,World Flythrough,91.44,10.94,67.76,N/A,11430.12,N/A,0,0,0,0
1780871682385,NeoForge,CAPTURE_OFF,2,World Flythrough,68.67,14.56,67.76,N/A,11430.12,N/A,0,0,0,0
1780871682411,NeoForge,CAPTURE_OFF,2,World Flythrough,38.77,25.80,67.76,N/A,11430.12,N/A,0,0,0,0
1780871682419,NeoForge,CAPTURE_OFF,2,World Flythrough,116.79,8.56,67.76,N/A,11430.12,N/A,0,0,0,0
1780871682436,NeoForge,CAPTURE_OFF,2,World Flythrough,62.06,16.11,67.76,N/A,11430.12,N/A,0,0,0,0
1780871682457,NeoForge,CAPTURE_OFF,2,World Flythrough,45.40,22.03,67.76,N/A,11430.12,N/A,0,0,0,0
1780871682474,NeoForge,CAPTURE_OFF,2,World Flythrough,61.15,16.35,67.76,N/A,11430.12,N/A,0,0,0,0
1780871682508,NeoForge,CAPTURE_OFF,2,World Flythrough,29.31,34.12,67.76,N/A,11430.12,N/A,0,0,0,0
1780871682517,NeoForge,CAPTURE_OFF,2,World Flythrough,113.05,8.85,67.76,N/A,11430.12,N/A,0,0,0,0
1780871682526,NeoForge,CAPTURE_OFF,2,World Flythrough,117.62,8.50,67.76,N/A,11430.12,N/A,0,0,0,0
1780871682559,NeoForge,CAPTURE_OFF,2,World Flythrough,29.94,33.40,67.76,N/A,11430.12,N/A,0,0,0,0
1780871682569,NeoForge,CAPTURE_OFF,2,World Flythrough,102.00,9.80,67.76,N/A,11430.12,N/A,0,0,0,0
1780871682702,NeoForge,CAPTURE_OFF,2,World Flythrough,60.22,16.61,88.64,N/A,10784.21,N/A,0,0,0,0
1780871682735,NeoForge,CAPTURE_OFF,2,World Flythrough,6.65,150.27,88.64,N/A,10784.21,N/A,0,0,0,0
1780871682750,NeoForge,CAPTURE_OFF,2,World Flythrough,69.42,14.40,88.64,N/A,10784.21,N/A,0,0,0,0
1780871682758,NeoForge,CAPTURE_OFF,2,World Flythrough,116.95,8.55,88.64,N/A,10784.21,N/A,0,0,0,0
1780871682769,NeoForge,CAPTURE_OFF,2,World Flythrough,89.38,11.19,88.64,N/A,10784.21,N/A,0,0,0,0
1780871682786,NeoForge,CAPTURE_OFF,2,World Flythrough,61.04,16.38,88.64,N/A,10784.21,N/A,0,0,0,0
1780871682808,NeoForge,CAPTURE_OFF,2,World Flythrough,43.89,22.78,88.64,N/A,10784.21,N/A,0,0,0,0
1780871682837,NeoForge,CAPTURE_OFF,2,World Flythrough,35.91,27.85,88.64,N/A,10784.21,N/A,0,0,0,0
1780871682851,NeoForge,CAPTURE_OFF,2,World Flythrough,66.27,15.09,88.64,N/A,10784.21,N/A,0,0,0,0
1780871682860,NeoForge,CAPTURE_OFF,2,World Flythrough,114.32,8.75,88.64,N/A,10784.21,N/A,0,0,0,0
1780871682871,NeoForge,CAPTURE_OFF,2,World Flythrough,96.57,10.36,88.64,N/A,10784.21,N/A,0,0,0,0
1780871682887,NeoForge,CAPTURE_OFF,2,World Flythrough,60.80,16.45,88.64,N/A,10784.21,N/A,0,0,0,0
1780871682909,NeoForge,CAPTURE_OFF,2,World Flythrough,44.89,22.27,88.64,N/A,10784.21,N/A,0,0,0,0
1780871682919,NeoForge,CAPTURE_OFF,2,World Flythrough,100.78,9.92,88.64,N/A,10784.21,N/A,0,0,0,0
1780871683035,NeoForge,CAPTURE_OFF,2,World Flythrough,8.71,114.76,88.64,N/A,10784.21,N/A,0,0,0,0
1780871683049,NeoForge,CAPTURE_OFF,2,World Flythrough,66.77,14.98,88.64,N/A,10784.21,N/A,0,0,0,0
1780871683066,NeoForge,CAPTURE_OFF,2,World Flythrough,56.94,17.56,88.64,N/A,10784.21,N/A,0,0,0,0
1780871683079,NeoForge,CAPTURE_OFF,2,World Flythrough,79.42,12.59,88.64,N/A,10784.21,N/A,0,0,0,0
1780871683088,NeoForge,CAPTURE_OFF,2,World Flythrough,110.48,9.05,88.64,N/A,10784.21,N/A,0,0,0,0
1780871683111,NeoForge,CAPTURE_OFF,2,World Flythrough,44.84,22.30,88.64,N/A,10784.21,N/A,0,0,0,0
1780871683120,NeoForge,CAPTURE_OFF,2,World Flythrough,102.93,9.72,88.64,N/A,10784.21,N/A,0,0,0,0
1780871683136,NeoForge,CAPTURE_OFF,2,World Flythrough,65.67,15.23,88.64,N/A,10784.21,N/A,0,0,0,0
1780871683157,NeoForge,CAPTURE_OFF,2,World Flythrough,45.61,21.93,88.64,N/A,10784.21,N/A,0,0,0,0
1780871683168,NeoForge,CAPTURE_OFF,2,World Flythrough,93.94,10.64,88.64,N/A,10784.21,N/A,0,0,0,0
1780871683185,NeoForge,CAPTURE_OFF,2,World Flythrough,59.31,16.86,88.64,N/A,10784.21,N/A,0,0,0,0
1780871683208,NeoForge,CAPTURE_OFF,2,World Flythrough,43.21,23.14,88.64,N/A,10784.21,N/A,0,0,0,0
1780871683219,NeoForge,CAPTURE_OFF,2,World Flythrough,90.44,11.06,88.64,N/A,10784.21,N/A,0,0,0,0
1780871683235,NeoForge,CAPTURE_OFF,2,World Flythrough,64.22,15.57,88.64,N/A,10784.21,N/A,0,0,0,0
1780871683257,NeoForge,CAPTURE_OFF,2,World Flythrough,44.61,22.42,88.64,N/A,10784.21,N/A,0,0,0,0
1780871683269,NeoForge,CAPTURE_OFF,2,World Flythrough,86.62,11.55,88.64,N/A,10784.21,N/A,0,0,0,0
1780871683285,NeoForge,CAPTURE_OFF,2,World Flythrough,62.45,16.01,88.64,N/A,10784.21,N/A,0,0,0,0
1780871683309,NeoForge,CAPTURE_OFF,2,World Flythrough,41.15,24.30,88.64,N/A,10784.21,N/A,0,0,0,0
1780871683318,NeoForge,CAPTURE_OFF,2,World Flythrough,103.25,9.69,88.64,N/A,10784.21,N/A,0,0,0,0
1780871683335,NeoForge,CAPTURE_OFF,2,World Flythrough,62.13,16.10,88.64,N/A,10784.21,N/A,0,0,0,0
1780871683358,NeoForge,CAPTURE_OFF,2,World Flythrough,43.47,23.00,88.64,N/A,10784.21,N/A,0,0,0,0
1780871683368,NeoForge,CAPTURE_OFF,2,World Flythrough,98.71,10.13,88.64,N/A,10784.21,N/A,0,0,0,0
1780871683385,NeoForge,CAPTURE_OFF,2,World Flythrough,58.45,17.11,88.64,N/A,10784.21,N/A,0,0,0,0
1780871683409,NeoForge,CAPTURE_OFF,2,World Flythrough,41.38,24.17,88.64,N/A,10784.21,N/A,0,0,0,0
1780871683418,NeoForge,CAPTURE_OFF,2,World Flythrough,106.76,9.37,88.64,N/A,10784.21,N/A,0,0,0,0
1780871683436,NeoForge,CAPTURE_OFF,2,World Flythrough,57.33,17.44,88.64,N/A,10784.21,N/A,0,0,0,0
1780871683458,NeoForge,CAPTURE_OFF,2,World Flythrough,45.31,22.07,88.64,N/A,10784.21,N/A,0,0,0,0
1780871683469,NeoForge,CAPTURE_OFF,2,World Flythrough,90.81,11.01,88.64,N/A,10784.21,N/A,0,0,0,0
1780871683486,NeoForge,CAPTURE_OFF,2,World Flythrough,59.31,16.86,88.64,N/A,10784.21,N/A,0,0,0,0
1780871683509,NeoForge,CAPTURE_OFF,2,World Flythrough,42.99,23.26,88.64,N/A,10784.21,N/A,0,0,0,0
1780871683518,NeoForge,CAPTURE_OFF,2,World Flythrough,111.19,8.99,88.64,N/A,10784.21,N/A,0,0,0,0
1780871683537,NeoForge,CAPTURE_OFF,2,World Flythrough,53.53,18.68,88.64,N/A,10784.21,N/A,0,0,0,0
1780871683559,NeoForge,CAPTURE_OFF,2,World Flythrough,46.27,21.61,88.64,N/A,10784.21,N/A,0,0,0,0
1780871683569,NeoForge,CAPTURE_OFF,2,World Flythrough,101.00,9.90,88.64,N/A,10784.21,N/A,0,0,0,0
1780871683702,NeoForge,CAPTURE_OFF,2,World Flythrough,59.12,16.91,89.48,N/A,11087.66,N/A,0,0,0,0
1780871683733,NeoForge,CAPTURE_OFF,2,World Flythrough,6.78,147.50,89.48,N/A,11087.66,N/A,0,0,0,0
1780871683755,NeoForge,CAPTURE_OFF,2,World Flythrough,45.20,22.12,89.48,N/A,11087.66,N/A,0,0,0,0
1780871683765,NeoForge,CAPTURE_OFF,2,World Flythrough,97.22,10.29,89.48,N/A,11087.66,N/A,0,0,0,0
1780871683774,NeoForge,CAPTURE_OFF,2,World Flythrough,106.92,9.35,89.48,N/A,11087.66,N/A,0,0,0,0
1780871683787,NeoForge,CAPTURE_OFF,2,World Flythrough,83.86,11.92,89.48,N/A,11087.66,N/A,0,0,0,0
1780871683810,NeoForge,CAPTURE_OFF,2,World Flythrough,42.23,23.68,89.48,N/A,11087.66,N/A,0,0,0,0
1780871683822,NeoForge,CAPTURE_OFF,2,World Flythrough,88.19,11.34,89.48,N/A,11087.66,N/A,0,0,0,0
1780871683837,NeoForge,CAPTURE_OFF,2,World Flythrough,66.78,14.97,89.48,N/A,11087.66,N/A,0,0,0,0
1780871683865,NeoForge,CAPTURE_OFF,2,World Flythrough,35.72,27.99,89.48,N/A,11087.66,N/A,0,0,0,0
1780871683873,NeoForge,CAPTURE_OFF,2,World Flythrough,104.77,9.55,89.48,N/A,11087.66,N/A,0,0,0,0
1780871683887,NeoForge,CAPTURE_OFF,2,World Flythrough,75.92,13.17,89.48,N/A,11087.66,N/A,0,0,0,0
1780871683910,NeoForge,CAPTURE_OFF,2,World Flythrough,43.89,22.78,89.48,N/A,11087.66,N/A,0,0,0,0
1780871684054,NeoForge,CAPTURE_OFF,2,World Flythrough,6.93,144.20,89.48,N/A,11087.66,N/A,0,0,0,0
1780871684075,NeoForge,CAPTURE_OFF,2,World Flythrough,46.84,21.35,89.48,N/A,11087.66,N/A,0,0,0,0
1780871684085,NeoForge,CAPTURE_OFF,2,World Flythrough,100.57,9.94,89.48,N/A,11087.66,N/A,0,0,0,0
1780871684101,NeoForge,CAPTURE_OFF,2,World Flythrough,65.16,15.35,89.48,N/A,11087.66,N/A,0,0,0,0
1780871684110,NeoForge,CAPTURE_OFF,2,World Flythrough,109.84,9.10,89.48,N/A,11087.66,N/A,0,0,0,0
1780871684121,NeoForge,CAPTURE_OFF,2,World Flythrough,93.39,10.71,89.48,N/A,11087.66,N/A,0,0,0,0
1780871684139,NeoForge,CAPTURE_OFF,2,World Flythrough,56.34,17.75,89.48,N/A,11087.66,N/A,0,0,0,0
1780871684159,NeoForge,CAPTURE_OFF,2,World Flythrough,48.74,20.52,89.48,N/A,11087.66,N/A,0,0,0,0
1780871684171,NeoForge,CAPTURE_OFF,2,World Flythrough,81.53,12.27,89.48,N/A,11087.66,N/A,0,0,0,0
1780871684188,NeoForge,CAPTURE_OFF,2,World Flythrough,59.47,16.82,89.48,N/A,11087.66,N/A,0,0,0,0
1780871684210,NeoForge,CAPTURE_OFF,2,World Flythrough,45.44,22.01,89.48,N/A,11087.66,N/A,0,0,0,0
1780871684220,NeoForge,CAPTURE_OFF,2,World Flythrough,97.25,10.28,89.48,N/A,11087.66,N/A,0,0,0,0
1780871684237,NeoForge,CAPTURE_OFF,2,World Flythrough,58.82,17.00,89.48,N/A,11087.66,N/A,0,0,0,0
1780871684259,NeoForge,CAPTURE_OFF,2,World Flythrough,45.22,22.11,89.48,N/A,11087.66,N/A,0,0,0,0
1780871684270,NeoForge,CAPTURE_OFF,2,World Flythrough,95.39,10.48,89.48,N/A,11087.66,N/A,0,0,0,0
1780871684287,NeoForge,CAPTURE_OFF,2,World Flythrough,57.42,17.41,89.48,N/A,11087.66,N/A,0,0,0,0
1780871684314,NeoForge,CAPTURE_OFF,2,World Flythrough,36.36,27.50,89.48,N/A,11087.66,N/A,0,0,0,0
1780871684324,NeoForge,CAPTURE_OFF,2,World Flythrough,101.17,9.88,89.48,N/A,11087.66,N/A,0,0,0,0
1780871684338,NeoForge,CAPTURE_OFF,2,World Flythrough,74.90,13.35,89.48,N/A,11087.66,N/A,0,0,0,0
1780871684362,NeoForge,CAPTURE_OFF,2,World Flythrough,42.27,23.66,89.48,N/A,11087.66,N/A,0,0,0,0
1780871684372,NeoForge,CAPTURE_OFF,2,World Flythrough,95.88,10.43,89.48,N/A,11087.66,N/A,0,0,0,0
1780871684393,NeoForge,CAPTURE_OFF,2,World Flythrough,45.72,21.87,89.48,N/A,11087.66,N/A,0,0,0,0
1780871684410,NeoForge,CAPTURE_OFF,2,World Flythrough,64.12,15.60,89.48,N/A,11087.66,N/A,0,0,0,0
1780871684421,NeoForge,CAPTURE_OFF,2,World Flythrough,89.62,11.16,89.48,N/A,11087.66,N/A,0,0,0,0
1780871684438,NeoForge,CAPTURE_OFF,2,World Flythrough,58.64,17.05,89.48,N/A,11087.66,N/A,0,0,0,0
1780871684459,NeoForge,CAPTURE_OFF,2,World Flythrough,45.96,21.76,89.48,N/A,11087.66,N/A,0,0,0,0
1780871690411,NeoForge,CAPTURE_ON,2,World Flythrough,0.46,2152.58,61.79,N/A,10516.81,N/A,0,0,0,0
1780871690524,NeoForge,CAPTURE_ON,2,World Flythrough,2.46,406.32,61.79,N/A,10516.81,N/A,0,0,0,0
1780871690553,NeoForge,CAPTURE_ON,2,World Flythrough,34.66,28.85,61.79,N/A,10516.81,N/A,0,0,0,0
1780871690572,NeoForge,CAPTURE_ON,2,World Flythrough,50.95,19.63,61.79,N/A,10516.81,N/A,0,0,0,0
1780871690591,NeoForge,CAPTURE_ON,2,World Flythrough,52.49,19.05,61.79,N/A,10516.81,N/A,0,0,0,0
1780871690611,NeoForge,CAPTURE_ON,2,World Flythrough,51.33,19.48,61.79,N/A,10516.81,N/A,0,0,0,0
1780871690626,NeoForge,CAPTURE_ON,2,World Flythrough,66.21,15.10,61.79,N/A,10516.81,N/A,0,0,0,0
1780871690639,NeoForge,CAPTURE_ON,2,World Flythrough,83.58,11.97,61.79,N/A,10516.81,N/A,0,0,0,0
1780871690660,NeoForge,CAPTURE_ON,2,World Flythrough,45.17,22.14,61.79,N/A,10516.81,N/A,0,0,0,0
1780871690674,NeoForge,CAPTURE_ON,2,World Flythrough,70.57,14.17,61.79,N/A,10516.81,N/A,0,0,0,0
1780871690687,NeoForge,CAPTURE_ON,2,World Flythrough,82.95,12.06,61.79,N/A,10516.81,N/A,0,0,0,0
1780871690710,NeoForge,CAPTURE_ON,2,World Flythrough,42.12,23.74,61.79,N/A,10516.81,N/A,0,0,0,0
1780871690721,NeoForge,CAPTURE_ON,2,World Flythrough,95.10,10.52,61.79,N/A,10516.81,N/A,0,0,0,0
1780871690731,NeoForge,CAPTURE_ON,2,World Flythrough,92.65,10.79,61.79,N/A,10516.81,N/A,0,0,0,0
1780871690753,NeoForge,CAPTURE_ON,2,World Flythrough,46.37,21.56,61.79,N/A,10516.81,N/A,0,0,0,0
1780871690765,NeoForge,CAPTURE_ON,2,World Flythrough,82.13,12.18,61.79,N/A,10516.81,N/A,0,0,0,0
1780871690779,NeoForge,CAPTURE_ON,2,World Flythrough,74.03,13.51,61.79,N/A,10516.81,N/A,0,0,0,0
1780871690804,NeoForge,CAPTURE_ON,2,World Flythrough,39.70,25.19,61.79,N/A,10516.81,N/A,0,0,0,0
1780871690815,NeoForge,CAPTURE_ON,2,World Flythrough,91.31,10.95,61.79,N/A,10516.81,N/A,0,0,0,0
1780871690830,NeoForge,CAPTURE_ON,2,World Flythrough,63.55,15.73,61.79,N/A,10516.81,N/A,0,0,0,0
1780871690855,NeoForge,CAPTURE_ON,2,World Flythrough,42.01,23.80,61.79,N/A,10516.81,N/A,0,0,0,0
1780871690866,NeoForge,CAPTURE_ON,2,World Flythrough,91.47,10.93,61.79,N/A,10516.81,N/A,0,0,0,0
1780871690881,NeoForge,CAPTURE_ON,2,World Flythrough,66.92,14.94,61.79,N/A,10516.81,N/A,0,0,0,0
1780871690905,NeoForge,CAPTURE_ON,2,World Flythrough,39.94,25.04,61.79,N/A,10516.81,N/A,0,0,0,0
1780871690919,NeoForge,CAPTURE_ON,2,World Flythrough,71.10,14.06,61.79,N/A,10516.81,N/A,0,0,0,0
1780871690931,NeoForge,CAPTURE_ON,2,World Flythrough,89.43,11.18,61.79,N/A,10516.81,N/A,0,0,0,0
1780871690954,NeoForge,CAPTURE_ON,2,World Flythrough,44.21,22.62,61.79,N/A,10516.81,N/A,0,0,0,0
1780871690963,NeoForge,CAPTURE_ON,2,World Flythrough,95.15,10.51,61.79,N/A,10516.81,N/A,0,0,0,0
1780871691012,NeoForge,CAPTURE_ON,2,World Flythrough,20.67,48.39,61.79,N/A,10516.81,N/A,0,0,0,0
1780871691024,NeoForge,CAPTURE_ON,2,World Flythrough,83.02,12.05,61.79,N/A,10516.81,N/A,0,0,0,0
1780871691037,NeoForge,CAPTURE_ON,2,World Flythrough,78.32,12.77,61.79,N/A,10516.81,N/A,0,0,0,0
1780871691055,NeoForge,CAPTURE_ON,2,World Flythrough,55.86,17.90,61.79,N/A,10516.81,N/A,0,0,0,0
1780871691069,NeoForge,CAPTURE_ON,2,World Flythrough,73.21,13.66,61.79,N/A,10516.81,N/A,0,0,0,0
1780871691083,NeoForge,CAPTURE_ON,2,World Flythrough,70.89,14.11,61.79,N/A,10516.81,N/A,0,0,0,0
1780871691105,NeoForge,CAPTURE_ON,2,World Flythrough,45.68,21.89,61.79,N/A,10516.81,N/A,0,0,0,0
1780871691117,NeoForge,CAPTURE_ON,2,World Flythrough,82.08,12.18,61.79,N/A,10516.81,N/A,0,0,0,0
1780871691337,NeoForge,CAPTURE_ON,2,World Flythrough,82.50,12.12,85.12,N/A,10865.27,N/A,0,0,0,0
1780871691387,NeoForge,CAPTURE_ON,2,World Flythrough,3.88,257.47,85.12,N/A,10865.27,N/A,0,0,0,0
1780871691410,NeoForge,CAPTURE_ON,2,World Flythrough,42.37,23.60,85.12,N/A,10865.27,N/A,0,0,0,0
1780871691429,NeoForge,CAPTURE_ON,2,World Flythrough,55.31,18.08,85.12,N/A,10865.27,N/A,0,0,0,0
1780871691449,NeoForge,CAPTURE_ON,2,World Flythrough,49.22,20.32,85.12,N/A,10865.27,N/A,0,0,0,0
1780871691549,NeoForge,CAPTURE_ON,2,World Flythrough,10.01,99.94,85.12,N/A,10865.27,N/A,0,0,0,0
1780871691584,NeoForge,CAPTURE_ON,2,World Flythrough,27.66,36.16,85.12,N/A,10865.27,N/A,0,0,0,0
1780871691607,NeoForge,CAPTURE_ON,2,World Flythrough,46.19,21.65,85.12,N/A,10865.27,N/A,0,0,0,0
1780871691617,NeoForge,CAPTURE_ON,2,World Flythrough,84.78,11.79,85.12,N/A,10865.27,N/A,0,0,0,0
1780871691658,NeoForge,CAPTURE_ON,2,World Flythrough,24.47,40.87,85.12,N/A,10865.27,N/A,0,0,0,0
1780871691669,NeoForge,CAPTURE_ON,2,World Flythrough,93.11,10.74,85.12,N/A,10865.27,N/A,0,0,0,0
1780871691681,NeoForge,CAPTURE_ON,2,World Flythrough,90.91,11.00,85.12,N/A,10865.27,N/A,0,0,0,0
1780871691707,NeoForge,CAPTURE_ON,2,World Flythrough,38.39,26.05,85.12,N/A,10865.27,N/A,0,0,0,0
1780871691717,NeoForge,CAPTURE_ON,2,World Flythrough,95.33,10.49,85.12,N/A,10865.27,N/A,0,0,0,0
1780871691729,NeoForge,CAPTURE_ON,2,World Flythrough,84.97,11.77,85.12,N/A,10865.27,N/A,0,0,0,0
1780871691754,NeoForge,CAPTURE_ON,2,World Flythrough,39.67,25.21,85.12,N/A,10865.27,N/A,0,0,0,0
1780871691767,NeoForge,CAPTURE_ON,2,World Flythrough,78.69,12.71,85.12,N/A,10865.27,N/A,0,0,0,0
1780871691777,NeoForge,CAPTURE_ON,2,World Flythrough,90.24,11.08,85.12,N/A,10865.27,N/A,0,0,0,0
1780871691804,NeoForge,CAPTURE_ON,2,World Flythrough,38.01,26.31,85.12,N/A,10865.27,N/A,0,0,0,0
1780871691815,NeoForge,CAPTURE_ON,2,World Flythrough,88.09,11.35,85.12,N/A,10865.27,N/A,0,0,0,0
1780871691833,NeoForge,CAPTURE_ON,2,World Flythrough,57.74,17.32,85.12,N/A,10865.27,N/A,0,0,0,0
1780871691857,NeoForge,CAPTURE_ON,2,World Flythrough,40.74,24.55,85.12,N/A,10865.27,N/A,0,0,0,0
1780871691867,NeoForge,CAPTURE_ON,2,World Flythrough,97.39,10.27,85.12,N/A,10865.27,N/A,0,0,0,0
1780871691881,NeoForge,CAPTURE_ON,2,World Flythrough,70.79,14.13,85.12,N/A,10865.27,N/A,0,0,0,0
1780871691904,NeoForge,CAPTURE_ON,2,World Flythrough,45.63,21.92,85.12,N/A,10865.27,N/A,0,0,0,0
1780871691915,NeoForge,CAPTURE_ON,2,World Flythrough,86.12,11.61,85.12,N/A,10865.27,N/A,0,0,0,0
1780871691930,NeoForge,CAPTURE_ON,2,World Flythrough,68.87,14.52,85.12,N/A,10865.27,N/A,0,0,0,0
1780871691954,NeoForge,CAPTURE_ON,2,World Flythrough,41.09,24.34,85.12,N/A,10865.27,N/A,0,0,0,0
1780871691965,NeoForge,CAPTURE_ON,2,World Flythrough,92.73,10.78,85.12,N/A,10865.27,N/A,0,0,0,0
1780871691980,NeoForge,CAPTURE_ON,2,World Flythrough,64.46,15.51,85.12,N/A,10865.27,N/A,0,0,0,0
1780871692005,NeoForge,CAPTURE_ON,2,World Flythrough,40.62,24.62,85.12,N/A,10865.27,N/A,0,0,0,0
1780871692016,NeoForge,CAPTURE_ON,2,World Flythrough,90.99,10.99,85.12,N/A,10865.27,N/A,0,0,0,0
1780871692080,NeoForge,CAPTURE_ON,2,World Flythrough,15.63,63.98,85.12,N/A,10865.27,N/A,0,0,0,0
1780871692099,NeoForge,CAPTURE_ON,2,World Flythrough,51.19,19.54,85.12,N/A,10865.27,N/A,0,0,0,0
1780871692118,NeoForge,CAPTURE_ON,2,World Flythrough,55.95,17.87,85.12,N/A,10865.27,N/A,0,0,0,0
1780871692371,NeoForge,CAPTURE_ON,2,World Flythrough,67.39,14.84,79.86,N/A,11573.89,N/A,0,0,0,0
1780871692422,NeoForge,CAPTURE_ON,2,World Flythrough,3.45,289.51,79.86,N/A,11573.89,N/A,0,0,0,0
1780871692442,NeoForge,CAPTURE_ON,2,World Flythrough,47.21,21.18,79.86,N/A,11573.89,N/A,0,0,0,0
1780871692463,NeoForge,CAPTURE_ON,2,World Flythrough,49.69,20.13,79.86,N/A,11573.89,N/A,0,0,0,0
1780871692477,NeoForge,CAPTURE_ON,2,World Flythrough,73.74,13.56,79.86,N/A,11573.89,N/A,0,0,0,0
1780871692488,NeoForge,CAPTURE_ON,2,World Flythrough,84.17,11.88,79.86,N/A,11573.89,N/A,0,0,0,0
1780871692508,NeoForge,CAPTURE_ON,2,World Flythrough,51.49,19.42,79.86,N/A,11573.89,N/A,0,0,0,0
1780871692520,NeoForge,CAPTURE_ON,2,World Flythrough,87.76,11.40,79.86,N/A,11573.89,N/A,0,0,0,0
1780871692530,NeoForge,CAPTURE_ON,2,World Flythrough,88.99,11.24,79.86,N/A,11573.89,N/A,0,0,0,0
1780871692555,NeoForge,CAPTURE_ON,2,World Flythrough,40.88,24.46,79.86,N/A,11573.89,N/A,0,0,0,0
1780871692586,NeoForge,CAPTURE_ON,2,World Flythrough,32.49,30.78,79.86,N/A,11573.89,N/A,0,0,0,0
1780871692604,NeoForge,CAPTURE_ON,2,World Flythrough,55.22,18.11,79.86,N/A,11573.89,N/A,0,0,0,0
1780871692616,NeoForge,CAPTURE_ON,2,World Flythrough,84.69,11.81,79.86,N/A,11573.89,N/A,0,0,0,0
1780871692630,NeoForge,CAPTURE_ON,2,World Flythrough,68.14,14.68,79.86,N/A,11573.89,N/A,0,0,0,0
1780871692655,NeoForge,CAPTURE_ON,2,World Flythrough,41.18,24.28,79.86,N/A,11573.89,N/A,0,0,0,0
1780871692665,NeoForge,CAPTURE_ON,2,World Flythrough,94.26,10.61,79.86,N/A,11573.89,N/A,0,0,0,0
1780871692681,NeoForge,CAPTURE_ON,2,World Flythrough,64.19,15.58,79.86,N/A,11573.89,N/A,0,0,0,0
1780871692702,NeoForge,CAPTURE_ON,2,World Flythrough,45.43,22.01,79.86,N/A,11573.89,N/A,0,0,0,0
1780871692715,NeoForge,CAPTURE_ON,2,World Flythrough,81.88,12.21,79.86,N/A,11573.89,N/A,0,0,0,0
1780871692730,NeoForge,CAPTURE_ON,2,World Flythrough,64.60,15.48,79.86,N/A,11573.89,N/A,0,0,0,0
1780871692753,NeoForge,CAPTURE_ON,2,World Flythrough,44.49,22.48,79.86,N/A,11573.89,N/A,0,0,0,0
1780871692764,NeoForge,CAPTURE_ON,2,World Flythrough,93.09,10.74,79.86,N/A,11573.89,N/A,0,0,0,0
1780871692800,NeoForge,CAPTURE_ON,2,World Flythrough,28.23,35.42,79.86,N/A,11573.89,N/A,0,0,0,0
1780871692816,NeoForge,CAPTURE_ON,2,World Flythrough,60.09,16.64,79.86,N/A,11573.89,N/A,0,0,0,0
1780871692827,NeoForge,CAPTURE_ON,2,World Flythrough,94.27,10.61,79.86,N/A,11573.89,N/A,0,0,0,0
1780871692839,NeoForge,CAPTURE_ON,2,World Flythrough,79.63,12.56,79.86,N/A,11573.89,N/A,0,0,0,0
1780871692869,NeoForge,CAPTURE_ON,2,World Flythrough,33.36,29.98,79.86,N/A,11573.89,N/A,0,0,0,0
1780871692882,NeoForge,CAPTURE_ON,2,World Flythrough,77.55,12.90,79.86,N/A,11573.89,N/A,0,0,0,0
1780871692903,NeoForge,CAPTURE_ON,2,World Flythrough,48.28,20.71,79.86,N/A,11573.89,N/A,0,0,0,0
1780871692916,NeoForge,CAPTURE_ON,2,World Flythrough,75.68,13.21,79.86,N/A,11573.89,N/A,0,0,0,0
1780871692932,NeoForge,CAPTURE_ON,2,World Flythrough,60.26,16.59,79.86,N/A,11573.89,N/A,0,0,0,0
1780871695364,NeoForge,CAPTURE_ON,2,World Flythrough,0.48,2081.38,77.26,N/A,11617.39,N/A,0,0,0,0
1780871695453,NeoForge,CAPTURE_ON,2,World Flythrough,2.28,439.53,77.26,N/A,11617.39,N/A,0,0,0,0
1780871695479,NeoForge,CAPTURE_ON,2,World Flythrough,39.32,25.43,77.26,N/A,11617.39,N/A,0,0,0,0
1780871695488,NeoForge,CAPTURE_ON,2,World Flythrough,107.84,9.27,77.26,N/A,11617.39,N/A,0,0,0,0
1780871695507,NeoForge,CAPTURE_ON,2,World Flythrough,53.87,18.56,77.26,N/A,11617.39,N/A,0,0,0,0
1780871695518,NeoForge,CAPTURE_ON,2,World Flythrough,93.86,10.65,77.26,N/A,11617.39,N/A,0,0,0,0
1780871695533,NeoForge,CAPTURE_ON,2,World Flythrough,66.15,15.12,77.26,N/A,11617.39,N/A,0,0,0,0
1780871695556,NeoForge,CAPTURE_ON,2,World Flythrough,42.30,23.64,77.26,N/A,11617.39,N/A,0,0,0,0
1780871695565,NeoForge,CAPTURE_ON,2,World Flythrough,114.00,8.77,77.26,N/A,11617.39,N/A,0,0,0,0
1780871695582,NeoForge,CAPTURE_ON,2,World Flythrough,57.11,17.51,77.26,N/A,11617.39,N/A,0,0,0,0
1780871695606,NeoForge,CAPTURE_ON,2,World Flythrough,42.37,23.60,77.26,N/A,11617.39,N/A,0,0,0,0
1780871695615,NeoForge,CAPTURE_ON,2,World Flythrough,111.35,8.98,77.26,N/A,11617.39,N/A,0,0,0,0
1780871695632,NeoForge,CAPTURE_ON,2,World Flythrough,58.40,17.12,77.26,N/A,11617.39,N/A,0,0,0,0
1780871695655,NeoForge,CAPTURE_ON,2,World Flythrough,41.94,23.84,77.26,N/A,11617.39,N/A,0,0,0,0
1780871695665,NeoForge,CAPTURE_ON,2,World Flythrough,111.54,8.97,77.26,N/A,11617.39,N/A,0,0,0,0
1780871695681,NeoForge,CAPTURE_ON,2,World Flythrough,58.94,16.97,77.26,N/A,11617.39,N/A,0,0,0,0
1780871695706,NeoForge,CAPTURE_ON,2,World Flythrough,41.54,24.07,77.26,N/A,11617.39,N/A,0,0,0,0
1780871695716,NeoForge,CAPTURE_ON,2,World Flythrough,100.23,9.98,77.26,N/A,11617.39,N/A,0,0,0,0
1780871695734,NeoForge,CAPTURE_ON,2,World Flythrough,58.20,17.18,77.26,N/A,11617.39,N/A,0,0,0,0
1780871695755,NeoForge,CAPTURE_ON,2,World Flythrough,44.51,22.47,77.26,N/A,11617.39,N/A,0,0,0,0
1780871695765,NeoForge,CAPTURE_ON,2,World Flythrough,100.15,9.98,77.26,N/A,11617.39,N/A,0,0,0,0
1780871695784,NeoForge,CAPTURE_ON,2,World Flythrough,54.34,18.40,77.26,N/A,11617.39,N/A,0,0,0,0
1780871695808,NeoForge,CAPTURE_ON,2,World Flythrough,42.19,23.70,77.26,N/A,11617.39,N/A,0,0,0,0
1780871695818,NeoForge,CAPTURE_ON,2,World Flythrough,92.16,10.85,77.26,N/A,11617.39,N/A,0,0,0,0
1780871695833,NeoForge,CAPTURE_ON,2,World Flythrough,68.64,14.57,77.26,N/A,11617.39,N/A,0,0,0,0
1780871695887,NeoForge,CAPTURE_ON,2,World Flythrough,18.51,54.01,77.26,N/A,11617.39,N/A,0,0,0,0
1780871695903,NeoForge,CAPTURE_ON,2,World Flythrough,60.13,16.63,77.26,N/A,11617.39,N/A,0,0,0,0
1780871695914,NeoForge,CAPTURE_ON,2,World Flythrough,97.81,10.22,77.26,N/A,11617.39,N/A,0,0,0,0
1780871695925,NeoForge,CAPTURE_ON,2,World Flythrough,90.66,11.03,77.26,N/A,11617.39,N/A,0,0,0,0
1780871695934,NeoForge,CAPTURE_ON,2,World Flythrough,109.84,9.10,77.26,N/A,11617.39,N/A,0,0,0,0
1780871695968,NeoForge,CAPTURE_ON,2,World Flythrough,29.81,33.55,77.26,N/A,11617.39,N/A,0,0,0,0
1780871695979,NeoForge,CAPTURE_ON,2,World Flythrough,94.42,10.59,77.26,N/A,11617.39,N/A,0,0,0,0
1780871695987,NeoForge,CAPTURE_ON,2,World Flythrough,113.47,8.81,77.26,N/A,11617.39,N/A,0,0,0,0
1780871696007,NeoForge,CAPTURE_ON,2,World Flythrough,48.38,20.67,77.26,N/A,11617.39,N/A,0,0,0,0
1780871696444,NeoForge,CAPTURE_ON,2,World Flythrough,98.76,10.13,88.84,N/A,11492.09,N/A,0,0,0,0
1780871696511,NeoForge,CAPTURE_ON,2,World Flythrough,2.03,493.35,88.84,N/A,11492.09,N/A,0,0,0,0
1780871696529,NeoForge,CAPTURE_ON,2,World Flythrough,56.04,17.85,88.84,N/A,11492.09,N/A,0,0,0,0
1780871696539,NeoForge,CAPTURE_ON,2,World Flythrough,100.66,9.93,88.84,N/A,11492.09,N/A,0,0,0,0
1780871696557,NeoForge,CAPTURE_ON,2,World Flythrough,56.82,17.60,88.84,N/A,11492.09,N/A,0,0,0,0
1780871696584,NeoForge,CAPTURE_ON,2,World Flythrough,36.71,27.24,88.84,N/A,11492.09,N/A,0,0,0,0
1780871696601,NeoForge,CAPTURE_ON,2,World Flythrough,59.20,16.89,88.84,N/A,11492.09,N/A,0,0,0,0
1780871696649,NeoForge,CAPTURE_ON,2,World Flythrough,20.55,48.65,88.84,N/A,11492.09,N/A,0,0,0,0
1780871696659,NeoForge,CAPTURE_ON,2,World Flythrough,107.26,9.32,88.84,N/A,11492.09,N/A,0,0,0,0
1780871696669,NeoForge,CAPTURE_ON,2,World Flythrough,105.53,9.48,88.84,N/A,11492.09,N/A,0,0,0,0
1780871696684,NeoForge,CAPTURE_ON,2,World Flythrough,62.73,15.94,88.84,N/A,11492.09,N/A,0,0,0,0
1780871696708,NeoForge,CAPTURE_ON,2,World Flythrough,41.24,24.25,88.84,N/A,11492.09,N/A,0,0,0,0
1780871696719,NeoForge,CAPTURE_ON,2,World Flythrough,97.59,10.25,88.84,N/A,11492.09,N/A,0,0,0,0
1780871696735,NeoForge,CAPTURE_ON,2,World Flythrough,60.65,16.49,88.84,N/A,11492.09,N/A,0,0,0,0
1780871696757,NeoForge,CAPTURE_ON,2,World Flythrough,46.41,21.55,88.84,N/A,11492.09,N/A,0,0,0,0
1780871696767,NeoForge,CAPTURE_ON,2,World Flythrough,100.95,9.91,88.84,N/A,11492.09,N/A,0,0,0,0
1780871696783,NeoForge,CAPTURE_ON,2,World Flythrough,57.46,17.40,88.84,N/A,11492.09,N/A,0,0,0,0
1780871696807,NeoForge,CAPTURE_ON,2,World Flythrough,43.89,22.79,88.84,N/A,11492.09,N/A,0,0,0,0
1780871696817,NeoForge,CAPTURE_ON,2,World Flythrough,96.25,10.39,88.84,N/A,11492.09,N/A,0,0,0,0
1780871696834,NeoForge,CAPTURE_ON,2,World Flythrough,59.88,16.70,88.84,N/A,11492.09,N/A,0,0,0,0
1780871696859,NeoForge,CAPTURE_ON,2,World Flythrough,40.19,24.88,88.84,N/A,11492.09,N/A,0,0,0,0
1780871696868,NeoForge,CAPTURE_ON,2,World Flythrough,109.63,9.12,88.84,N/A,11492.09,N/A,0,0,0,0
1780871696884,NeoForge,CAPTURE_ON,2,World Flythrough,63.18,15.83,88.84,N/A,11492.09,N/A,0,0,0,0
1780871696912,NeoForge,CAPTURE_ON,2,World Flythrough,34.93,28.63,88.84,N/A,11492.09,N/A,0,0,0,0
1780871696921,NeoForge,CAPTURE_ON,2,World Flythrough,102.98,9.71,88.84,N/A,11492.09,N/A,0,0,0,0
1780871696935,NeoForge,CAPTURE_ON,2,World Flythrough,76.31,13.10,88.84,N/A,11492.09,N/A,0,0,0,0
1780871696958,NeoForge,CAPTURE_ON,2,World Flythrough,45.21,22.12,88.84,N/A,11492.09,N/A,0,0,0,0
1780871696967,NeoForge,CAPTURE_ON,2,World Flythrough,104.55,9.57,88.84,N/A,11492.09,N/A,0,0,0,0
1780871696985,NeoForge,CAPTURE_ON,2,World Flythrough,54.49,18.35,88.84,N/A,11492.09,N/A,0,0,0,0
1780871697008,NeoForge,CAPTURE_ON,2,World Flythrough,43.82,22.82,88.84,N/A,11492.09,N/A,0,0,0,0
1780871702114,NeoForge,CAPTURE_ON,2,World Flythrough,81.53,12.27,89.55,N/A,11965.04,N/A,0,0,0,0
1780871706254,NeoForge,CAPTURE_ON,2,World Flythrough,0.14,7206.91,77.36,N/A,12024.53,N/A,0,0,0,0
1780871708308,NeoForge,CAPTURE_ON,2,World Flythrough,0.47,2132.80,82.50,N/A,12135.67,N/A,0,0,0,0
1780871710331,NeoForge,CAPTURE_ON,2,World Flythrough,0.49,2057.58,79.77,N/A,12148.94,N/A,0,0,0,0
